"Status","Seniority","Home","Time","Age","Marital","Records","Job","Expenses","Income","Assets","Debt","Amount","Price","Income_missing","LoanToPrice","Installment","PaymentBurden","DisposableIncome","AgeGroup","HasAssets","Default"
"good",9,"rent",60,30,"married","no","freelance",73,129,0,0,800,846,"no",0.945626477541371,13.3333333333333,0.103359173126615,56,"26-35","no",0
"good",17,"rent",60,58,"widow","no","fixed",48,131,0,0,1000,1658,"no",0.60313630880579,16.6666666666667,0.127226463104326,83,"56+","no",0
"bad",10,"owner",36,46,"married","yes","freelance",90,200,3000,0,2000,2985,"no",0.670016750418761,55.5555555555556,0.277777777777778,110,"46-55","yes",1
"good",0,"rent",60,24,"single","no","fixed",63,182,2500,0,900,1325,"no",0.679245283018868,15,0.0824175824175824,119,"18-25","yes",0
"good",0,"rent",36,26,"single","no","fixed",46,107,0,0,310,910,"no",0.340659340659341,8.61111111111111,0.0804776739356179,61,"26-35","no",0
"good",1,"owner",60,36,"married","no","fixed",75,214,3500,0,650,1645,"no",0.395136778115502,10.8333333333333,0.0506230529595016,139,"36-45","yes",0
"good",29,"owner",60,44,"married","no","fixed",75,125,10000,0,1600,1800,"no",0.888888888888889,26.6666666666667,0.213333333333333,50,"36-45","yes",0
"good",9,"parents",12,27,"single","no","fixed",35,80,0,0,200,1093,"no",0.182982616651418,16.6666666666667,0.208333333333333,45,"26-35","no",0
"good",0,"owner",60,32,"married","no","freelance",90,107,15000,0,1200,1957,"no",0.613183444047011,20,0.186915887850467,17,"26-35","yes",0
"bad",0,"parents",48,41,"married","no","partime",90,80,0,0,1200,1468,"no",0.817438692098093,25,0.3125,-10,"36-45","no",1
"good",6,"owner",48,34,"married","no","freelance",60,125,4000,0,1150,1577,"no",0.729232720355105,23.9583333333333,0.191666666666667,65,"26-35","yes",0
"good",7,"owner",36,29,"married","no","fixed",60,121,3000,0,650,915,"no",0.710382513661202,18.0555555555556,0.149219467401286,61,"26-35","yes",0
"good",8,"owner",60,30,"married","no","fixed",75,199,5000,2500,1500,1650,"no",0.909090909090909,25,0.125628140703518,124,"26-35","yes",0
"good",19,"priv",36,37,"married","no","fixed",75,170,3500,260,600,940,"no",0.638297872340426,16.6666666666667,0.0980392156862745,95,"36-45","yes",0
"bad",0,"other",18,21,"single","yes","partime",35,50,0,0,400,500,"no",0.8,22.2222222222222,0.444444444444444,15,"18-25","no",1
"good",0,"owner",24,68,"married","no","fixed",75,131,4162,0,900,1186,"no",0.75885328836425,37.5,0.286259541984733,56,"56+","yes",0
"good",15,"priv",24,52,"single","no","freelance",35,330,16500,0,1500,2201,"no",0.681508405270332,62.5,0.189393939393939,295,"46-55","yes",0
"good",33,"rent",24,68,"married","no","freelance",65,200,5000,2000,600,1350,"no",0.444444444444444,25,0.125,135,"56+","yes",0
"bad",0,"other",48,36,"married","no","partime",45,130,750,0,1100,1511,"no",0.727994705493051,22.9166666666667,0.176282051282051,85,"36-45","yes",1
"good",1,"parents",60,31,"single","no","fixed",35,137,0,0,1250,1253,"no",0.997605746209098,20.8333333333333,0.152068126520681,102,"26-35","no",0
"bad",2,"rent",60,25,"single","no","fixed",46,107,0,0,1500,2189,"no",0.685244403837369,25,0.233644859813084,61,"18-25","no",1
"good",5,"owner",60,22,"single","no","fixed",45,324,10000,0,1100,1159,"no",0.94909404659189,18.3333333333333,0.0565843621399177,279,"18-25","yes",0
"bad",1,"owner",60,45,"married","no","partime",105,112,2000,500,600,1332,"no",0.45045045045045,10,0.0892857142857143,7,"36-45","yes",1
"good",27,"rent",60,41,"married","no","fixed",74,140,0,0,950,1497,"no",0.634602538410154,15.8333333333333,0.113095238095238,66,"36-45","no",0
"good",26,"owner",60,51,"married","no","fixed",45,143,3500,0,1350,1357,"no",0.994841562269713,22.5,0.157342657342657,98,"46-55","yes",0
"good",12,"owner",36,54,"married","no","fixed",60,130,4000,0,700,2100,"no",0.333333333333333,19.4444444444444,0.14957264957265,70,"46-55","yes",0
"good",19,"owner",60,43,"single","no","fixed",75,180,4000,0,1000,1070,"no",0.934579439252336,16.6666666666667,0.0925925925925926,105,"36-45","yes",0
"good",15,"owner",36,43,"married","no","fixed",75,251,4000,0,1800,2557,"no",0.703949941337505,50,0.199203187250996,176,"36-45","yes",0
"bad",3,"owner",24,23,"married","no","fixed",75,85,5000,0,600,1600,"no",0.375,25,0.294117647058824,10,"18-25","yes",1
"bad",0,"owner",48,37,"single","no","fixed",35,126,3000,0,1500,1850,"yes",0.810810810810811,31.25,0.248015873015873,91,"36-45","yes",1
"good",4,"owner",48,29,"married","no","fixed",45,150,5000,3300,1100,1312,"no",0.838414634146341,22.9166666666667,0.152777777777778,105,"26-35","yes",0
"bad",0,"owner",36,23,"single","no","partime",45,122,2500,0,400,400,"no",1,11.1111111111111,0.0910746812386157,77,"18-25","yes",1
"good",14,"priv",24,51,"married","no","partime",75,198,1000,0,450,650,"no",0.692307692307692,18.75,0.0946969696969697,123,"46-55","yes",0
"good",10,"owner",36,39,"married","no","freelance",75,150,3000,0,1000,1394,"no",0.717360114777618,27.7777777777778,0.185185185185185,75,"36-45","yes",0
"good",12,"parents",36,35,"single","no","fixed",35,170,0,0,1100,1542,"no",0.713359273670558,30.5555555555556,0.179738562091503,135,"26-35","no",0
"good",32,"owner",24,62,"married","no","freelance",45,119,8500,0,700,1200,"no",0.583333333333333,29.1666666666667,0.245098039215686,74,"56+","yes",0
"good",10,"owner",24,56,"married","no","freelance",45,208,13500,0,500,1560,"no",0.320512820512821,20.8333333333333,0.100160256410256,163,"56+","yes",0
"good",7,"owner",48,32,"married","no","fixed",75,115,3000,0,800,1200,"no",0.666666666666667,16.6666666666667,0.144927536231884,40,"26-35","yes",0
"bad",1,"rent",54,36,"married","no","fixed",70,99,0,0,950,950,"no",1,17.5925925925926,0.177702955480733,29,"36-45","no",1
"good",30,"owner",60,64,"married","no","fixed",45,120,14000,0,1125,1300,"no",0.865384615384615,18.75,0.15625,75,"56+","yes",0
"bad",5,"rent",48,31,"single","no","fixed",44,90,0,0,1300,1700,"no",0.764705882352941,27.0833333333333,0.300925925925926,46,"26-35","no",1
"good",24,"owner",60,42,"married","no","fixed",75,137,4000,0,900,1167,"no",0.77120822622108,15,0.109489051094891,62,"36-45","yes",0
"good",0,"owner",60,61,"widow","no","others",35,230,50000,0,950,1150,"no",0.826086956521739,15.8333333333333,0.0688405797101449,195,"56+","yes",0
"bad",0,"owner",60,32,"married","yes","fixed",45,142,7000,3000,1250,1566,"no",0.798212005108557,20.8333333333333,0.146713615023474,97,"26-35","yes",1
"bad",2,"owner",60,43,"married","no","partime",75,71,3000,0,1500,1552,"no",0.966494845360825,25,0.352112676056338,-4,"36-45","yes",1
"good",1,"parents",60,26,"single","no","partime",35,120,0,0,1150,1300,"no",0.884615384615385,19.1666666666667,0.159722222222222,85,"26-35","no",0
"good",1,"owner",60,49,"widow","no","freelance",35,233,15900,4500,2100,2104,"no",0.998098859315589,35,0.150214592274678,198,"46-55","yes",0
"good",15,"owner",36,47,"married","no","fixed",75,289,3500,0,1500,2154,"no",0.696378830083565,41.6666666666667,0.144175317185698,214,"46-55","yes",0
"bad",2,"rent",36,27,"separated","no","fixed",48,128,0,0,450,545,"no",0.825688073394495,12.5,0.09765625,80,"26-35","no",1
"good",25,"owner",36,52,"married","no","freelance",60,150,15000,0,750,1778,"no",0.421822272215973,20.8333333333333,0.138888888888889,90,"46-55","yes",0
"good",8,"owner",60,28,"married","no","fixed",60,145,4000,1000,1600,1718,"no",0.931315483119907,26.6666666666667,0.183908045977011,85,"26-35","yes",0
"good",5,"owner",60,31,"married","no","fixed",75,90,4000,0,900,1500,"no",0.6,15,0.166666666666667,15,"26-35","yes",0
"good",0,"rent",60,32,"married","no","fixed",105,301,0,0,1200,1274,"no",0.941915227629513,20,0.0664451827242525,196,"26-35","no",0
"good",5,"owner",36,51,"married","no","freelance",75,200,2100,1200,900,1015,"no",0.886699507389163,25,0.125,125,"46-55","yes",0
"good",3,"parents",12,37,"married","no","freelance",60,150,500,0,500,1701,"no",0.293944738389183,41.6666666666667,0.277777777777778,90,"36-45","yes",0
"bad",1,"rent",48,29,"married","yes","freelance",85,100,0,0,1000,1345,"no",0.743494423791822,20.8333333333333,0.208333333333333,15,"26-35","no",1
"good",7,"parents",60,26,"single","no","fixed",35,100,0,0,1000,1238,"no",0.807754442649435,16.6666666666667,0.166666666666667,65,"26-35","no",0
"good",4,"parents",30,27,"single","no","fixed",45,100,5000,0,500,1048,"no",0.477099236641221,16.6666666666667,0.166666666666667,55,"26-35","yes",0
"good",6,"owner",24,63,"married","no","fixed",60,155,4000,0,600,1048,"no",0.572519083969466,25,0.161290322580645,95,"56+","yes",0
"good",14,"owner",24,55,"married","no","fixed",90,428.98,5000,0,800,1324,"no",0.604229607250755,33.3333333333333,0.077703700250206,338.98,"46-55","yes",0
"good",3,"rent",60,28,"married","no","fixed",70,245,0,0,1830,2201,"no",0.831440254429805,30.5,0.124489795918367,175,"26-35","no",0
"good",8,"rent",48,31,"married","no","fixed",90,150,0,0,1100,1430,"no",0.769230769230769,22.9166666666667,0.152777777777778,60,"26-35","no",0
"bad",4,"parents",42,27,"single","no","fixed",35,70,0,0,600,926,"no",0.647948164146868,14.2857142857143,0.204081632653061,35,"26-35","no",1
"good",22,"owner",24,40,"married","no","fixed",75,190,3000,0,1000,1500,"no",0.666666666666667,41.6666666666667,0.219298245614035,115,"36-45","yes",0
"good",2,"owner",36,35,"married","no","fixed",75,152,3000,0,1000,1542,"no",0.648508430609598,27.7777777777778,0.182748538011696,77,"26-35","yes",0
"good",15,"priv",60,43,"married","no","fixed",75,126,3000,0,1350,1360,"no",0.992647058823529,22.5,0.178571428571429,51,"36-45","yes",0
"good",10,"owner",18,34,"married","no","freelance",75,181,4000,0,600,1000,"no",0.6,33.3333333333333,0.184162062615101,106,"26-35","yes",0
"good",4,"owner",60,37,"married","no","fixed",60,185,3000,0,1200,1564,"no",0.767263427109974,20,0.108108108108108,125,"36-45","yes",0
"good",9,"owner",60,53,"married","no","fixed",45,170,2500,0,850,1205,"no",0.705394190871369,14.1666666666667,0.0833333333333333,125,"46-55","yes",0
"good",22,"rent",60,46,"married","no","fixed",93,176,7500,0,2000,2200,"no",0.909090909090909,33.3333333333333,0.189393939393939,83,"46-55","yes",0
"good",18,"parents",36,36,"married","no","freelance",60,238,0,0,900,2214,"no",0.40650406504065,25,0.105042016806723,178,"36-45","no",0
"good",1,"priv",60,46,"married","no","fixed",60,115,5500,800,1000,1137,"no",0.879507475813544,16.6666666666667,0.144927536231884,55,"46-55","yes",0
"good",14,"owner",48,43,"married","no","fixed",45,200,9000,0,600,1025,"no",0.585365853658537,12.5,0.0625,155,"36-45","yes",0
"good",8,"owner",36,31,"married","yes","freelance",75,411,9000,4000,800,1593,"no",0.502197112366604,22.2222222222222,0.0540686672073533,336,"26-35","yes",0
"good",5,"owner",24,43,"married","no","fixed",75,93,3000,0,700,1735,"no",0.403458213256484,29.1666666666667,0.313620071684588,18,"36-45","yes",0
"good",19,"rent",60,38,"married","no","fixed",86,108,0,0,1000,1132,"no",0.88339222614841,16.6666666666667,0.154320987654321,22,"36-45","no",0
"good",14,"owner",12,37,"married","no","freelance",90,428.98,4000,0,500,1338,"no",0.373692077727952,41.6666666666667,0.0971296253127575,338.98,"36-45","yes",0
"good",0,"other",36,46,"married","yes","others",45,45,0,0,900,1100,"no",0.818181818181818,25,0.555555555555556,0,"46-55","no",0
"good",9,"rent",36,55,"married","no","fixed",70,250,30000,0,1750,2276,"no",0.768892794376098,48.6111111111111,0.194444444444444,180,"46-55","yes",0
"good",29,"owner",48,56,"married","no","fixed",45,100,3000,0,900,1360,"no",0.661764705882353,18.75,0.1875,55,"56+","yes",0
"good",10,"owner",36,55,"married","no","fixed",60,70,4000,0,1000,1436,"no",0.696378830083565,27.7777777777778,0.396825396825397,10,"46-55","yes",0
"good",10,"parents",36,52,"married","no","fixed",60,150,0,0,550,612,"no",0.898692810457516,15.2777777777778,0.101851851851852,90,"46-55","no",0
"bad",1,"owner",36,29,"married","no","fixed",60,70,4500,0,850,1100,"no",0.772727272727273,23.6111111111111,0.337301587301587,10,"26-35","yes",1
"good",11,"owner",60,39,"divorced","yes","fixed",35,263,2500,0,1000,1300,"no",0.769230769230769,16.6666666666667,0.0633713561470216,228,"36-45","yes",0
"good",10,"owner",60,38,"married","no","freelance",75,200,9000,0,1000,2089,"no",0.478697941598851,16.6666666666667,0.0833333333333333,125,"36-45","yes",0
"good",5,"owner",24,24,"single","no","fixed",35,78,6000,3000,500,2262,"no",0.2210433244916,20.8333333333333,0.267094017094017,43,"18-25","yes",0
"good",10,"rent",60,28,"single","no","fixed",47,120,0,0,600,1054,"no",0.569259962049336,10,0.0833333333333333,73,"26-35","no",0
"good",27,"owner",60,53,"married","no","fixed",60,125,10000,0,1426,1426,"no",1,23.7666666666667,0.190133333333333,65,"46-55","yes",0
"bad",0,"rent",60,25,"single","no","partime",40,50,0,0,1040,1048,"no",0.99236641221374,17.3333333333333,0.346666666666667,10,"18-25","no",1
"bad",25,"rent",60,62,"married","no","fixed",60,146,0,0,1000,1292,"no",0.773993808049536,16.6666666666667,0.114155251141553,86,"56+","no",1
"good",3,"parents",60,29,"single","no","fixed",35,70,0,0,950,1177,"no",0.8071367884452,15.8333333333333,0.226190476190476,35,"26-35","no",0
"bad",9,"parents",60,32,"single","yes","fixed",35,105,0,0,1490,1490,"no",1,24.8333333333333,0.236507936507937,70,"26-35","no",1
"good",4,"rent",36,21,"married","no","freelance",101,413,6000,0,750,850,"no",0.882352941176471,20.8333333333333,0.0504439063761098,312,"18-25","yes",0
"good",6,"rent",36,38,"married","no","freelance",95,428.98,25000,4774.49999999999,800,1011,"no",0.791295746785361,22.2222222222222,0.0518024668334707,333.98,"36-45","yes",0
"good",9,"rent",48,56,"married","no","freelance",140,350,0,0,1400,1571,"no",0.891152132399745,29.1666666666667,0.0833333333333333,210,"56+","no",0
"good",3,"owner",36,41,"married","no","freelance",75,200,3000,0,1000,1000,"no",1,27.7777777777778,0.138888888888889,125,"36-45","yes",0
"bad",22,"other",36,46,"married","no","fixed",45,138,0,0,250,375,"no",0.666666666666667,6.94444444444444,0.0503220611916264,93,"46-55","no",1
"good",3,"owner",60,54,"widow","no","others",35,80,4000,0,950,1382,"no",0.687409551374819,15.8333333333333,0.197916666666667,45,"46-55","yes",0
"good",30,"owner",36,51,"married","no","freelance",120,208,15000,0,1500,1713,"no",0.875656742556918,41.6666666666667,0.200320512820513,88,"46-55","yes",0
"good",8,"rent",60,52,"married","no","fixed",89,137,4000,0,800,1086,"no",0.736648250460405,13.3333333333333,0.097323600973236,48,"46-55","yes",0
"good",38,"owner",48,57,"married","no","freelance",45,58,12000,0,1500,3262,"no",0.459840588595953,31.25,0.538793103448276,13,"56+","yes",0
"good",2,"rent",60,33,"married","no","fixed",73,130,0,0,1100,1610,"no",0.683229813664596,18.3333333333333,0.141025641025641,57,"26-35","no",0
"good",4,"owner",60,33,"married","no","fixed",75,123,6000,1000,600,1030,"no",0.58252427184466,10,0.0813008130081301,48,"26-35","yes",0
"bad",0,"rent",36,29,"married","no","partime",78,180,0,0,650,650,"no",1,18.0555555555556,0.100308641975309,102,"26-35","no",1
"bad",2,"other",48,23,"single","no","fixed",35,140,0,0,1950,2175,"no",0.896551724137931,40.625,0.290178571428571,105,"18-25","no",1
"good",8,"owner",24,33,"married","no","fixed",75,315,4500,0,400,1780,"no",0.224719101123595,16.6666666666667,0.0529100529100529,240,"26-35","yes",0
"bad",1,"rent",36,24,"married","no","partime",76,164,0,0,900,950,"no",0.947368421052632,25,0.152439024390244,88,"18-25","no",1
"bad",6,"parents",60,28,"married","no","freelance",90,325,7000,0,1200,1211,"no",0.990916597853014,20,0.0615384615384615,235,"26-35","yes",1
"good",5,"owner",60,27,"married","no","fixed",45,135,5000,1400,1600,1650,"no",0.96969696969697,26.6666666666667,0.197530864197531,90,"26-35","yes",0
"bad",13,"parents",36,33,"single","no","fixed",35,109,0,0,350,375,"no",0.933333333333333,9.72222222222222,0.0891946992864424,74,"26-35","no",1
"good",11,"rent",60,32,"married","no","fixed",79,185,0,0,950,1117,"no",0.850492390331244,15.8333333333333,0.0855855855855856,106,"26-35","no",0
"good",10,"owner",24,39,"married","no","fixed",45,217,9000,3000,1500,2468,"no",0.607779578606159,62.5,0.288018433179723,172,"36-45","yes",0
"bad",20,"owner",60,51,"married","no","freelance",90,300,12500,2500,1340,1740,"no",0.770114942528736,22.3333333333333,0.0744444444444444,210,"46-55","yes",1
"bad",0,"owner",36,39,"single","no","freelance",35,142,4000,0,1000,1210,"yes",0.826446280991736,27.7777777777778,0.195618153364632,107,"36-45","yes",1
"good",13,"owner",48,29,"married","no","fixed",60,253,3000,0,670,963,"no",0.695742471443406,13.9583333333333,0.055171277997365,193,"26-35","yes",0
"bad",2,"owner",36,32,"married","no","fixed",75,101,1500,400,1200,1646,"no",0.729040097205346,33.3333333333333,0.33003300330033,26,"26-35","yes",1
"bad",3,"owner",36,40,"married","yes","freelance",35,200,10000,0,800,800,"no",1,22.2222222222222,0.111111111111111,165,"36-45","yes",1
"good",12,"owner",36,47,"married","no","fixed",75,124,3500,0,460,470,"no",0.978723404255319,12.7777777777778,0.103046594982079,49,"46-55","yes",0
"good",20,"owner",24,66,"married","no","fixed",45,143,10000,0,950,1370,"no",0.693430656934307,39.5833333333333,0.276806526806527,98,"56+","yes",0
"good",3,"priv",48,39,"separated","no","freelance",35,250,4000,1500,700,839,"no",0.834326579261025,14.5833333333333,0.0583333333333333,215,"36-45","yes",0
"good",27,"owner",60,50,"married","no","fixed",75,135,5500,1000,600,1346,"no",0.445765230312036,10,0.0740740740740741,60,"46-55","yes",0
"good",4,"rent",60,25,"married","no","fixed",57,115,0,0,900,1350,"no",0.666666666666667,15,0.130434782608696,58,"18-25","no",0
"bad",1,"owner",60,27,"married","no","partime",75,160,4000,3000,1800,2100,"no",0.857142857142857,30,0.1875,85,"26-35","yes",1
"good",18,"rent",60,54,"married","no","fixed",66,214,0,0,1300,1307,"no",0.994644223412395,21.6666666666667,0.101246105919003,148,"46-55","no",0
"good",12,"rent",60,42,"married","no","fixed",114,390,0,0,1100,1126,"no",0.976909413854352,18.3333333333333,0.047008547008547,276,"36-45","no",0
"good",12,"owner",48,35,"separated","no","freelance",45,428.98,50000,0,2380,3559.49,"no",0.668635113457265,49.5833333333333,0.115584254122181,383.98,"26-35","yes",0
"bad",0,"parents",60,23,"single","no","partime",35,95,0,0,1400,1478,"no",0.94722598105548,23.3333333333333,0.245614035087719,60,"18-25","no",1
"good",12,"owner",60,52,"married","no","fixed",75,200,12000,0,1550,1568,"no",0.988520408163265,25.8333333333333,0.129166666666667,125,"46-55","yes",0
"good",0,"parents",24,22,"single","no","partime",35,85,0,0,650,1056,"no",0.615530303030303,27.0833333333333,0.318627450980392,50,"18-25","no",0
"good",10,"other",18,48,"married","no","fixed",90,214,0,0,1000,1608,"no",0.621890547263682,55.5555555555556,0.259605399792316,124,"46-55","no",0
"good",2,"owner",60,25,"married","no","fixed",75,140,3000,0,950,1179,"no",0.805767599660729,15.8333333333333,0.113095238095238,65,"18-25","yes",0
"bad",10,"other",60,26,"married","no","fixed",45,60,0,0,1400,1524,"no",0.918635170603675,23.3333333333333,0.388888888888889,15,"26-35","no",1
"good",8,"owner",60,28,"married","no","fixed",75,180,4000,0,1300,1730,"no",0.751445086705202,21.6666666666667,0.12037037037037,105,"26-35","yes",0
"good",20,"owner",30,62,"married","no","freelance",60,300,24000,4774.49999999999,600,823,"no",0.729040097205346,20,0.0666666666666667,240,"56+","yes",0
"good",0,"rent",60,33,"married","no","freelance",65,200,0,0,700,800,"no",0.875,11.6666666666667,0.0583333333333333,135,"26-35","no",0
"good",16,"parents",60,41,"married","no","fixed",75,242,0,0,1300,1482,"no",0.87719298245614,21.6666666666667,0.0895316804407714,167,"36-45","no",0
"good",4,"owner",60,29,"married","no","partime",60,155,5000,2500,900,1110,"no",0.810810810810811,15,0.0967741935483871,95,"26-35","yes",0
"bad",1,"rent",60,37,"single","no","fixed",45,100,0,0,1150,1555,"no",0.739549839228296,19.1666666666667,0.191666666666667,55,"36-45","no",1
"good",0,"owner",60,31,"married","no","fixed",60,105,3500,0,1100,1170,"no",0.94017094017094,18.3333333333333,0.174603174603175,45,"26-35","yes",0
"good",15,"owner",12,50,"married","no","freelance",45,166,2000,0,500,886,"no",0.564334085778781,41.6666666666667,0.251004016064257,121,"46-55","yes",0
"bad",13,"rent",60,42,"separated","yes","fixed",47,120,0,0,800,1395,"no",0.573476702508961,13.3333333333333,0.111111111111111,73,"36-45","no",1
"good",19,"owner",36,33,"married","no","fixed",60,115,6700,2000,1000,2084,"no",0.479846449136276,27.7777777777778,0.241545893719807,55,"26-35","yes",0
"good",15,"owner",24,54,"married","no","freelance",90,350,50000,0,2500,3559.49,"no",0.70234780825343,104.166666666667,0.297619047619048,260,"46-55","yes",0
"good",40,"owner",36,58,"married","no","freelance",75,142,50000,0,1000,1160,"yes",0.862068965517241,27.7777777777778,0.195618153364632,67,"56+","yes",0
"good",9,"rent",60,40,"married","no","fixed",119,428.98,6000,1947,900,1211,"no",0.74318744838976,15,0.0349666651125927,309.98,"36-45","yes",0
"bad",12,"parents",60,31,"separated","yes","fixed",35,101,0,0,1300,1300,"no",1,21.6666666666667,0.214521452145215,66,"26-35","no",1
"bad",0,"owner",36,35,"married","yes","fixed",105,122,5200,2000,850,850,"no",1,23.6111111111111,0.193533697632058,17,"26-35","yes",1
"good",14,"owner",60,64,"married","no","freelance",60,250,10000,0,700,1204,"no",0.581395348837209,11.6666666666667,0.0466666666666667,190,"56+","yes",0
"good",10,"parents",24,29,"single","no","freelance",35,90,0,0,600,1528,"no",0.392670157068063,25,0.277777777777778,55,"26-35","no",0
"good",2,"owner",48,33,"married","no","fixed",45,160,6000,0,1200,1298,"no",0.924499229583975,25,0.15625,115,"26-35","yes",0
"good",15,"owner",18,35,"married","no","freelance",60,300,4000,0,300,600,"no",0.5,16.6666666666667,0.0555555555555556,240,"26-35","yes",0
"bad",1,"parents",48,28,"single","no","fixed",35,83,0,0,1000,1320,"no",0.757575757575758,20.8333333333333,0.251004016064257,48,"26-35","no",1
"good",27,"owner",60,59,"married","no","freelance",45,142,11000,0,1100,1300,"yes",0.846153846153846,18.3333333333333,0.129107981220657,97,"56+","yes",0
"bad",0,"other",60,25,"married","no","partime",60,60,0,0,1300,1380,"no",0.942028985507246,21.6666666666667,0.361111111111111,0,"18-25","no",1
"bad",0,"parents",60,23,"single","no","partime",35,205,0,0,1400,1426,"no",0.981767180925666,23.3333333333333,0.113821138211382,170,"18-25","no",1
"good",3,"owner",24,30,"married","no","freelance",75,133,12000,900,1500,3559.49,"no",0.421408684952058,62.5,0.469924812030075,58,"26-35","yes",0
"good",8,"rent",36,36,"married","no","fixed",78,179,0,0,900,1503,"no",0.598802395209581,25,0.139664804469274,101,"36-45","no",0
"good",3,"owner",48,25,"single","no","freelance",35,142,4000,0,1200,1449,"yes",0.82815734989648,25,0.176056338028169,107,"18-25","yes",0
"good",5,"other",60,22,"single","no","fixed",45,195,0,0,700,1422,"no",0.492264416315049,11.6666666666667,0.0598290598290598,150,"18-25","no",0
"good",9,"owner",24,45,"married","no","fixed",75,112,4000,0,500,1430,"no",0.34965034965035,20.8333333333333,0.186011904761905,37,"36-45","yes",0
"good",4,"owner",30,47,"married","no","freelance",90,210,15000,0,1550,1578,"no",0.982256020278834,51.6666666666667,0.246031746031746,120,"46-55","yes",0
"good",14,"priv",48,36,"married","no","fixed",75,155,3500,200,1100,1250,"no",0.88,22.9166666666667,0.147849462365591,80,"36-45","yes",0
"good",3,"owner",36,36,"single","yes","freelance",35,394,16000,0,1500,2260,"no",0.663716814159292,41.6666666666667,0.10575296108291,359,"36-45","yes",0
"good",22,"rent",36,60,"married","no","fixed",60,149,0,0,200,375,"no",0.533333333333333,5.55555555555556,0.0372856077554064,89,"56+","no",0
"good",20,"rent",48,59,"married","no","fixed",57,120,0,0,800,1298,"no",0.61633281972265,16.6666666666667,0.138888888888889,63,"56+","no",0
"bad",6,"owner",48,58,"married","yes","freelance",60,400,50000,0,930,945,"no",0.984126984126984,19.375,0.0484375,340,"56+","yes",1
"good",23,"owner",12,37,"married","no","fixed",45,165,5000,0,900,1694,"no",0.531286894923259,75,0.454545454545455,120,"36-45","yes",0
"bad",5,"owner",36,32,"married","no","freelance",75,125,6000,0,600,700,"no",0.857142857142857,16.6666666666667,0.133333333333333,50,"26-35","yes",1
"good",8,"rent",48,26,"single","no","fixed",42,74,0,0,600,1290,"no",0.465116279069767,12.5,0.168918918918919,32,"26-35","no",0
"good",5,"owner",60,40,"married","no","fixed",75,86,4900,0,1300,1581,"no",0.822264389626818,21.6666666666667,0.251937984496124,11,"36-45","yes",0
"good",20,"owner",48,55,"married","no","fixed",45,185,5000,0,1000,1383,"no",0.723065798987708,20.8333333333333,0.112612612612613,140,"46-55","yes",0
"good",11,"rent",60,30,"married","no","fixed",77,165,0,0,1350,1637,"no",0.824679291386683,22.5,0.136363636363636,88,"26-35","no",0
"good",25,"parents",54,43,"married","no","fixed",75,110,7000,0,1275,1275,"no",1,23.6111111111111,0.214646464646465,35,"36-45","yes",0
"bad",2,"rent",60,28,"married","no","fixed",74,138,0,0,1400,1400,"no",1,23.3333333333333,0.169082125603865,64,"26-35","no",1
"good",20,"owner",24,47,"married","no","freelance",75,300,5000,0,600,832,"no",0.721153846153846,25,0.0833333333333333,225,"46-55","yes",0
"good",9,"owner",36,29,"single","no","fixed",35,147,3500,0,1886,2886,"no",0.653499653499654,52.3888888888889,0.356386999244142,112,"26-35","yes",0
"bad",0,"rent",60,48,"separated","yes","freelance",35,142,25300,4774.49999999999,1200,1257,"yes",0.954653937947494,20,0.140845070422535,107,"46-55","yes",1
"good",18,"parents",60,34,"married","no","fixed",60,112,6550,0,600,1346,"no",0.445765230312036,10,0.0892857142857143,52,"26-35","yes",0
"good",20,"owner",60,53,"married","yes","freelance",75,350,6500,0,800,1138,"no",0.70298769771529,13.3333333333333,0.0380952380952381,275,"46-55","yes",0
"good",6,"owner",12,44,"married","no","fixed",45,110,15000,0,300,1801,"no",0.166574125485841,25,0.227272727272727,65,"36-45","yes",0
"bad",0,"owner",48,49,"married","no","partime",45,75,2000,0,900,1200,"no",0.75,18.75,0.25,30,"46-55","yes",1
"good",0,"rent",36,51,"married","no","fixed",113,230,0,0,950,950,"no",1,26.3888888888889,0.114734299516908,117,"46-55","no",0
"good",14,"other",60,34,"married","no","fixed",75,85,8000,0,1400,1589,"no",0.881057268722467,23.3333333333333,0.274509803921569,10,"26-35","yes",0
"good",10,"owner",48,42,"married","no","freelance",75,210,4000,120,1200,1617,"no",0.742115027829313,25,0.119047619047619,135,"36-45","yes",0
"good",19,"owner",60,34,"married","no","fixed",75,125,5000,0,1200,1200,"no",1,20,0.16,50,"26-35","yes",0
"good",11,"owner",60,46,"married","no","fixed",75,149,3500,0,1400,2194,"no",0.638103919781221,23.3333333333333,0.156599552572707,74,"46-55","yes",0
"good",1,"owner",48,31,"married","no","fixed",75,201,2500,96,1100,1642,"no",0.669914738124239,22.9166666666667,0.114013266998342,126,"26-35","yes",0
"bad",13,"other",60,31,"married","no","fixed",60,105,0,0,1200,1423,"no",0.84328882642305,20,0.19047619047619,45,"26-35","no",1
"good",4,"rent",12,33,"married","no","fixed",78,183,0,0,600,1600,"no",0.375,50,0.273224043715847,105,"26-35","no",0
"bad",9,"rent",24,30,"single","yes","fixed",46,113,0,0,700,700,"no",1,29.1666666666667,0.25811209439528,67,"26-35","no",1
"good",1,"owner",24,27,"married","no","fixed",45,126,3000,3700,200,375,"no",0.533333333333333,8.33333333333333,0.0661375661375661,81,"26-35","yes",0
"good",4,"owner",36,48,"married","no","freelance",120,300,5000,0,1000,1165,"no",0.858369098712446,27.7777777777778,0.0925925925925926,180,"46-55","yes",0
"good",2,"owner",60,33,"married","no","fixed",75,160,6000,0,1000,1365,"no",0.732600732600733,16.6666666666667,0.104166666666667,85,"26-35","yes",0
"good",2,"owner",12,44,"married","no","fixed",90,160,7500,0,500,1706,"no",0.293083235638921,41.6666666666667,0.260416666666667,70,"36-45","yes",0
"bad",0,"other",36,48,"married","yes","freelance",45,142,0,0,1600,2053,"yes",0.779347296639065,44.4444444444444,0.312989045383412,97,"46-55","no",1
"good",21,"owner",60,57,"married","no","freelance",60,95,8000,0,1000,1700,"no",0.588235294117647,16.6666666666667,0.175438596491228,35,"56+","yes",0
"good",12,"owner",60,34,"married","yes","fixed",75,125,5500,4000,950,1462,"no",0.649794801641587,15.8333333333333,0.126666666666667,50,"26-35","yes",0
"good",9,"rent",60,38,"married","no","fixed",87,120,0,0,1177,1300,"no",0.905384615384615,19.6166666666667,0.163472222222222,33,"36-45","no",0
"good",2,"rent",36,35,"married","no","fixed",126,359,0,0,870,1122,"no",0.775401069518717,24.1666666666667,0.0673166202414113,233,"26-35","no",0
"good",24,"owner",60,52,"married","no","fixed",45,80,4000,0,1200,1257,"no",0.954653937947494,20,0.25,35,"46-55","yes",0
"good",1,"parents",60,28,"single","no","partime",35,67,0,0,1050,1387,"no",0.757029560201875,17.5,0.261194029850746,32,"26-35","no",0
"good",15,"owner",48,46,"married","no","fixed",90,148,12000,0,1000,1266,"no",0.789889415481833,20.8333333333333,0.140765765765766,58,"46-55","yes",0
"good",19,"owner",60,56,"married","yes","fixed",45,298,8000,0,1700,2195,"no",0.774487471526196,28.3333333333333,0.0950782997762863,253,"56+","yes",0
"good",10,"owner",24,52,"married","no","fixed",75,318,4500,700,700,2004,"no",0.349301397205589,29.1666666666667,0.0917190775681342,243,"46-55","yes",0
"good",19,"owner",60,35,"married","no","fixed",75,185,4000,0,1100,1203,"no",0.914380714879468,18.3333333333333,0.0990990990990991,110,"26-35","yes",0
"good",10,"owner",36,45,"married","yes","freelance",60,142,9500,250,750,1138,"yes",0.659050966608084,20.8333333333333,0.146713615023474,82,"36-45","yes",0
"good",4,"parents",48,29,"married","no","fixed",45,194,0,0,1200,1374,"no",0.873362445414847,25,0.128865979381443,149,"26-35","no",0
"bad",1,"parents",60,22,"single","no","fixed",35,80,3000,0,1500,1514,"no",0.990752972258917,25,0.3125,45,"18-25","yes",1
"good",2,"owner",24,33,"married","yes","fixed",75,147,2000,900,400,750,"no",0.533333333333333,16.6666666666667,0.113378684807256,72,"26-35","yes",0
"good",5,"owner",24,41,"married","no","freelance",105,156,10000,0,800,1894,"no",0.422386483632524,33.3333333333333,0.213675213675214,51,"36-45","yes",0
"good",11,"owner",36,37,"married","no","fixed",75,178,3000,0,1000,1048,"no",0.954198473282443,27.7777777777778,0.15605493133583,103,"36-45","yes",0
"good",23,"owner",24,46,"married","no","fixed",75,130,4000,0,400,1369,"no",0.29218407596786,16.6666666666667,0.128205128205128,55,"46-55","yes",0
"bad",4,"other",36,19,"single","no","partime",35,63,0,0,1000,1035,"no",0.966183574879227,27.7777777777778,0.440917107583774,28,"18-25","no",1
"bad",5,"parents",36,22,"single","no","fixed",35,88,0,0,750,1218,"no",0.61576354679803,20.8333333333333,0.236742424242424,53,"18-25","no",1
"good",15,"parents",60,31,"married","no","fixed",45,140,0,0,1200,1637,"no",0.733048259010385,20,0.142857142857143,95,"26-35","no",0
"bad",1,"priv",60,44,"married","no","partime",45,115,2000,0,750,953,"no",0.786988457502623,12.5,0.108695652173913,70,"36-45","yes",1
"good",9,"owner",60,48,"married","yes","fixed",60,83,2500,0,1100,1212,"no",0.907590759075908,18.3333333333333,0.220883534136546,23,"46-55","yes",0
"good",4,"priv",36,31,"married","no","fixed",60,144,3000,0,1000,1218,"no",0.821018062397373,27.7777777777778,0.192901234567901,84,"26-35","yes",0
"good",20,"owner",24,53,"married","no","freelance",45,200,50000,0,1000,1419,"no",0.704721634954193,41.6666666666667,0.208333333333333,155,"46-55","yes",0
"good",10,"other",60,36,"married","no","fixed",90,172,3000,0,1100,1100,"no",1,18.3333333333333,0.106589147286822,82,"36-45","yes",0
"good",2,"priv",60,46,"married","no","freelance",105,200,4000,500,900,987,"no",0.911854103343465,15,0.075,95,"46-55","yes",0
"good",15,"owner",60,37,"married","no","fixed",60,318,7000,0,1900,2400,"no",0.791666666666667,31.6666666666667,0.09958071278826,258,"36-45","yes",0
"good",8,"owner",60,34,"married","no","fixed",60,177,6300,4000,1370,1375,"no",0.996363636363636,22.8333333333333,0.129001883239171,117,"26-35","yes",0
"good",4,"owner",48,36,"married","no","fixed",60,133,4000,0,1000,1595,"no",0.626959247648903,20.8333333333333,0.156641604010025,73,"36-45","yes",0
"good",4,"owner",60,64,"single","no","others",35,150,9000,0,984,1054,"no",0.933586337760911,16.4,0.109333333333333,115,"56+","yes",0
"good",1,"owner",36,27,"single","no","fixed",35,208,9000,0,1000,1651,"no",0.605693519079346,27.7777777777778,0.133547008547009,173,"26-35","yes",0
"good",10,"owner",30,26,"married","no","fixed",75,145,1434,0,300,1542,"no",0.194552529182879,10,0.0689655172413793,70,"26-35","yes",0
"good",32,"owner",60,53,"married","no","fixed",60,157,5000,0,2000,2014,"no",0.99304865938431,33.3333333333333,0.212314225053079,97,"46-55","yes",0
"good",12,"owner",60,50,"married","no","fixed",45,190,9500,200,1800,2624,"no",0.685975609756098,30,0.157894736842105,145,"46-55","yes",0
"bad",0,"parents",60,21,"single","no","partime",35,86,0,0,1000,1135,"no",0.881057268722467,16.6666666666667,0.193798449612403,51,"18-25","no",1
"good",20,"parents",24,40,"single","no","fixed",35,90,0,0,600,1105,"no",0.542986425339366,25,0.277777777777778,55,"36-45","no",0
"good",6,"rent",60,49,"married","yes","partime",100,100,30000,0,1500,1500,"no",1,25,0.25,0,"46-55","yes",0
"bad",4,"rent",24,40,"married","yes","fixed",56,214,0,0,800,1200,"no",0.666666666666667,33.3333333333333,0.155763239875389,158,"36-45","no",1
"good",1,"rent",60,37,"single","no","fixed",45,100,0,0,1150,1555,"no",0.739549839228296,19.1666666666667,0.191666666666667,55,"36-45","no",0
"good",2,"rent",48,25,"married","no","fixed",57,117,0,0,800,2251,"no",0.355397601066193,16.6666666666667,0.142450142450142,60,"18-25","no",0
"good",25,"owner",18,40,"married","no","fixed",45,110,4000,0,455,1542,"no",0.295071335927367,25.2777777777778,0.22979797979798,65,"36-45","yes",0
"good",1,"rent",36,22,"married","no","fixed",62,168,0,0,1200,2186,"no",0.548947849954254,33.3333333333333,0.198412698412698,106,"18-25","no",0
"good",10,"owner",48,49,"married","no","freelance",45,150,9000,0,1700,1700,"no",1,35.4166666666667,0.236111111111111,105,"46-55","yes",0
"good",2,"owner",60,34,"married","no","fixed",45,166,7000,0,600,1180,"no",0.508474576271186,10,0.0602409638554217,121,"26-35","yes",0
"good",3,"owner",24,42,"single","no","fixed",35,337,3000,0,1300,1624,"no",0.800492610837438,54.1666666666667,0.160731948565776,302,"36-45","yes",0
"bad",13,"rent",24,49,"married","no","freelance",90,142,0,0,700,800,"yes",0.875,29.1666666666667,0.205399061032864,52,"46-55","no",1
"bad",10,"rent",60,43,"married","no","freelance",90,142,0,0,1350,1668,"yes",0.809352517985611,22.5,0.158450704225352,52,"36-45","no",1
"good",20,"owner",36,42,"married","no","freelance",90,250,4500,0,1500,1750,"no",0.857142857142857,41.6666666666667,0.166666666666667,160,"36-45","yes",0
"good",10,"owner",48,28,"married","yes","partime",60,120,2500,1500,600,875,"no",0.685714285714286,12.5,0.104166666666667,60,"26-35","yes",0
"good",1,"owner",60,30,"married","no","freelance",35,236,3500,1000,1000,1514,"no",0.660501981505945,16.6666666666667,0.0706214689265537,201,"26-35","yes",0
"bad",1,"owner",60,25,"separated","yes","partime",45,277,6000,3500,1700,1950,"no",0.871794871794872,28.3333333333333,0.102286401925391,232,"18-25","yes",1
"bad",0,"parents",60,22,"single","no","partime",35,55,0,0,950,1462,"no",0.649794801641587,15.8333333333333,0.287878787878788,20,"18-25","no",1
"good",5,"parents",36,27,"single","no","fixed",35,200,4000,0,600,1098,"no",0.546448087431694,16.6666666666667,0.0833333333333333,165,"26-35","yes",0
"good",3,"parents",60,26,"single","no","fixed",45,235,0,0,800,840,"no",0.952380952380952,13.3333333333333,0.0567375886524823,190,"26-35","no",0
"bad",0,"owner",48,28,"married","no","fixed",45,80,1500,0,1260,1634,"no",0.771113831089351,26.25,0.328125,35,"26-35","yes",1
"good",6,"owner",48,35,"married","no","freelance",45,200,7000,0,1540,1603,"no",0.960698689956332,32.0833333333333,0.160416666666667,155,"26-35","yes",0
"good",21,"priv",60,51,"married","no","fixed",45,140,3000,0,1200,1200,"no",1,20,0.142857142857143,95,"46-55","yes",0
"good",5,"rent",60,24,"married","no","fixed",73,125,0,0,700,1360,"no",0.514705882352941,11.6666666666667,0.0933333333333333,52,"18-25","no",0
"good",12,"rent",60,34,"married","no","fixed",94,185,0,0,1200,1236,"no",0.970873786407767,20,0.108108108108108,91,"26-35","no",0
"good",13,"owner",42,34,"married","no","fixed",105,190,2500,300,1100,1395,"no",0.788530465949821,26.1904761904762,0.137844611528822,85,"26-35","yes",0
"good",10,"owner",60,49,"married","no","freelance",60,150,23000,0,1200,1390,"no",0.863309352517986,20,0.133333333333333,90,"46-55","yes",0
"good",6,"owner",60,28,"married","no","fixed",60,102,5000,0,700,1355,"no",0.516605166051661,11.6666666666667,0.11437908496732,42,"26-35","yes",0
"good",18,"rent",60,57,"married","no","fixed",77,170,4000,0,1300,1604,"no",0.810473815461347,21.6666666666667,0.127450980392157,93,"56+","yes",0
"good",15,"owner",60,63,"married","no","fixed",60,315,3500,266,1000,1241,"no",0.8058017727639,16.6666666666667,0.0529100529100529,255,"56+","yes",0
"bad",0,"rent",12,37,"married","no","others",88,130,0,0,250,375,"no",0.666666666666667,20.8333333333333,0.16025641025641,42,"36-45","no",1
"good",2,"owner",36,27,"married","no","fixed",45,156,6000,0,700,1045,"no",0.669856459330144,19.4444444444444,0.124643874643875,111,"26-35","yes",0
"good",18,"rent",60,39,"married","no","fixed",93,177,0,0,800,1781,"no",0.449185850645705,13.3333333333333,0.0753295668549906,84,"36-45","no",0
"good",12,"owner",36,64,"single","yes","freelance",60,341,4500,0,900,900,"no",1,25,0.0733137829912024,281,"56+","yes",0
"good",25,"owner",48,49,"married","no","freelance",105,240,12000,4200,1660,1698,"no",0.977620730270907,34.5833333333333,0.144097222222222,135,"46-55","yes",0
"good",8,"owner",12,49,"married","no","freelance",60,142,6000,0,200,1048,"no",0.190839694656489,16.6666666666667,0.117370892018779,82,"46-55","yes",0
"good",20,"owner",36,45,"married","no","freelance",75,333,5000,0,1000,2200,"no",0.454545454545455,27.7777777777778,0.0834167500834168,258,"36-45","yes",0
"good",3,"parents",60,27,"single","no","fixed",35,125,5000,0,770,1119,"no",0.688114387846291,12.8333333333333,0.102666666666667,90,"26-35","yes",0
"good",2,"parents",36,30,"married","no","fixed",45,170,0,0,700,1090,"no",0.642201834862385,19.4444444444444,0.11437908496732,125,"26-35","no",0
"bad",2,"owner",36,33,"married","no","freelance",75,220,16000,500,2500,3559.49,"no",0.70234780825343,69.4444444444444,0.315656565656566,145,"26-35","yes",1
"good",15,"owner",36,40,"married","no","fixed",60,230,8500,480,700,1400,"no",0.5,19.4444444444444,0.0845410628019324,170,"36-45","yes",0
"good",3,"owner",60,30,"separated","no","fixed",60,157,15000,0,1000,2010,"no",0.497512437810945,16.6666666666667,0.106157112526539,97,"26-35","yes",0
"good",4,"parents",12,30,"married","no","fixed",60,340,16000,0,1900,2014,"no",0.943396226415094,158.333333333333,0.465686274509804,280,"26-35","yes",0
"good",3,"owner",60,25,"married","no","partime",60,120,3500,200,1000,1342,"no",0.745156482861401,16.6666666666667,0.138888888888889,60,"18-25","yes",0
"good",9,"rent",60,40,"single","no","fixed",44,91,0,0,1000,1132,"no",0.88339222614841,16.6666666666667,0.183150183150183,47,"36-45","no",0
"bad",4,"priv",42,50,"married","no","freelance",60,150,7000,0,900,1048,"no",0.858778625954199,21.4285714285714,0.142857142857143,90,"46-55","yes",1
"good",2,"owner",36,23,"single","no","fixed",35,88,5500,0,750,1218,"no",0.61576354679803,20.8333333333333,0.236742424242424,53,"18-25","yes",0
"good",1,"other",48,28,"single","no","partime",35,120,0,0,900,1114,"no",0.807899461400359,18.75,0.15625,85,"26-35","no",0
"bad",2,"rent",60,35,"married","yes","freelance",75,142,0,0,1000,1206,"yes",0.829187396351575,16.6666666666667,0.117370892018779,67,"26-35","no",1
"good",2,"rent",60,27,"married","no","fixed",56,106,0,0,650,2132,"no",0.304878048780488,10.8333333333333,0.102201257861635,50,"26-35","no",0
"good",2,"parents",36,19,"married","no","fixed",35,162,4000,100,400,570,"no",0.701754385964912,11.1111111111111,0.0685871056241427,127,"18-25","yes",0
"good",3,"parents",60,39,"married","no","fixed",45,77,0,0,1000,1094,"no",0.914076782449726,16.6666666666667,0.216450216450216,32,"36-45","no",0
"good",8,"priv",36,39,"married","no","fixed",75,128,2500,0,550,550,"no",1,15.2777777777778,0.119357638888889,53,"36-45","yes",0
"good",10,"owner",48,55,"widow","no","fixed",35,189,9000,0,1200,1255,"no",0.956175298804781,25,0.132275132275132,154,"46-55","yes",0
"good",10,"owner",36,32,"married","no","freelance",60,300,40000,3000,2000,3559.49,"no",0.561878246602744,55.5555555555556,0.185185185185185,240,"26-35","yes",0
"good",5,"owner",60,54,"married","no","freelance",60,92,6000,1700,1700,1714,"no",0.991831971995333,28.3333333333333,0.307971014492754,32,"46-55","yes",0
"good",20,"owner",48,58,"married","no","freelance",60,380,35000,0,1100,1150,"no",0.956521739130435,22.9166666666667,0.0603070175438596,320,"56+","yes",0
"good",5,"owner",24,37,"married","no","freelance",75,428.98,14000,0,1500,2673,"no",0.561167227833894,62.5,0.145694437969136,353.98,"36-45","yes",0
"good",20,"parents",60,36,"married","no","freelance",60,130,0,0,1200,1630,"no",0.736196319018405,20,0.153846153846154,70,"36-45","no",0
"good",12,"owner",60,28,"married","no","fixed",45,141,6000,400,1100,1544,"no",0.712435233160622,18.3333333333333,0.130023640661939,96,"26-35","yes",0
"good",13,"owner",60,38,"married","no","fixed",75,220,6500,3600,1000,1195,"no",0.836820083682008,16.6666666666667,0.0757575757575758,145,"36-45","yes",0
"good",11,"owner",36,26,"married","no","fixed",60,146,5000,1300,400,1206,"no",0.33167495854063,11.1111111111111,0.076103500761035,86,"26-35","yes",0
"good",17,"owner",60,41,"married","no","freelance",75,250,13500,3700,1400,2050,"no",0.682926829268293,23.3333333333333,0.0933333333333333,175,"36-45","yes",0
"good",6,"owner",36,42,"married","no","fixed",60,132,6000,0,1200,1513,"no",0.793126239259749,33.3333333333333,0.252525252525253,72,"36-45","yes",0
"good",22,"owner",6,46,"married","no","freelance",90,150,50000,0,2500,3300,"no",0.757575757575758,416.666666666667,2.77777777777778,60,"46-55","yes",0
"good",25,"rent",60,52,"married","no","fixed",73,127,0,0,1030,1250,"no",0.824,17.1666666666667,0.135170603674541,54,"46-55","no",0
"bad",8,"owner",60,30,"married","no","partime",60,90,3000,500,1000,1339,"no",0.746825989544436,16.6666666666667,0.185185185185185,30,"26-35","yes",1
"bad",19,"owner",60,47,"married","yes","freelance",90,166,12500,1000,875,875,"no",1,14.5833333333333,0.08785140562249,76,"46-55","yes",1
"good",3,"owner",18,66,"married","no","others",45,69,12000,0,500,1101,"no",0.454132606721163,27.7777777777778,0.402576489533011,24,"56+","yes",0
"good",35,"owner",60,54,"married","no","fixed",45,182,4000,0,1000,1568,"no",0.637755102040816,16.6666666666667,0.0915750915750916,137,"46-55","yes",0
"good",0,"owner",42,65,"married","no","others",45,77,4000,2000,750,1194,"no",0.628140703517588,17.8571428571429,0.231910946196661,32,"56+","yes",0
"bad",7,"other",60,25,"married","no","fixed",45,50,0,0,950,1378,"no",0.689404934687954,15.8333333333333,0.316666666666667,5,"18-25","no",1
"good",3,"owner",60,31,"single","no","fixed",35,131,4000,0,1050,1139,"no",0.921861281826163,17.5,0.133587786259542,96,"26-35","yes",0
"good",1,"parents",24,23,"single","no","fixed",35,62,0,0,350,375,"no",0.933333333333333,14.5833333333333,0.235215053763441,27,"18-25","no",0
"bad",5,"owner",60,35,"married","no","fixed",75,60,3000,400,1150,1406,"no",0.817923186344239,19.1666666666667,0.319444444444444,-15,"26-35","yes",1
"good",2,"owner",60,47,"married","no","fixed",90,86,4500,0,1200,1497,"no",0.801603206412826,20,0.232558139534884,-4,"46-55","yes",0
"bad",13,"rent",36,28,"married","no","fixed",59,143,0,0,1400,1600,"no",0.875,38.8888888888889,0.271950271950272,84,"26-35","no",1
"bad",27,"rent",60,50,"married","yes","fixed",87,120,0,0,1300,1350,"no",0.962962962962963,21.6666666666667,0.180555555555556,33,"46-55","no",1
"bad",3,"other",60,25,"single","no","fixed",35,283,0,0,2000,2032,"no",0.984251968503937,33.3333333333333,0.117785630153121,248,"18-25","no",1
"good",0,"owner",36,39,"married","no","fixed",60,138,3000,0,1400,2610,"no",0.53639846743295,38.8888888888889,0.281803542673108,78,"36-45","yes",0
"good",1,"priv",12,46,"married","no","others",90,90,2000,600,500,1193,"no",0.419111483654652,41.6666666666667,0.462962962962963,0,"46-55","yes",0
"bad",1,"rent",60,36,"married","yes","fixed",85,99,0,0,1200,1275,"no",0.941176470588235,20,0.202020202020202,14,"36-45","no",1
"bad",10,"owner",36,39,"married","yes","freelance",75,160,15000,0,2500,3559.49,"no",0.70234780825343,69.4444444444444,0.434027777777778,85,"36-45","yes",1
"good",1,"owner",60,25,"married","no","partime",60,330,9000,3500,1300,2500,"no",0.52,21.6666666666667,0.0656565656565657,270,"18-25","yes",0
"good",6,"owner",36,49,"married","no","freelance",60,100,22000,0,1000,1790,"no",0.558659217877095,27.7777777777778,0.277777777777778,40,"46-55","yes",0
"bad",3,"rent",48,52,"married","no","fixed",96,210,0,0,1400,1419,"no",0.98661028893587,29.1666666666667,0.138888888888889,114,"46-55","no",1
"good",10,"rent",30,34,"separated","no","fixed",45,100,0,0,700,1480,"no",0.472972972972973,23.3333333333333,0.233333333333333,55,"26-35","no",0
"good",0,"owner",36,24,"single","no","partime",45,97,8000,0,600,1542,"no",0.389105058365759,16.6666666666667,0.171821305841924,52,"18-25","yes",0
"bad",1,"rent",60,38,"married","no","freelance",45,142,0,0,1500,1850,"yes",0.810810810810811,25,0.176056338028169,97,"36-45","no",1
"good",6,"owner",48,24,"married","no","fixed",45,227,3000,0,600,1380,"no",0.434782608695652,12.5,0.0550660792951542,182,"18-25","yes",0
"good",5,"owner",42,33,"married","yes","fixed",45,140,22000,2500,1200,1888,"no",0.635593220338983,28.5714285714286,0.204081632653061,95,"26-35","yes",0
"bad",1,"rent",48,31,"married","no","fixed",87,115,0,0,1100,1672,"no",0.657894736842105,22.9166666666667,0.199275362318841,28,"26-35","no",1
"good",37,"owner",48,63,"married","no","fixed",60,150,3500,0,700,808,"no",0.866336633663366,14.5833333333333,0.0972222222222222,90,"56+","yes",0
"bad",1,"parents",60,23,"single","no","fixed",35,90,0,0,1100,1107,"no",0.993676603432701,18.3333333333333,0.203703703703704,55,"18-25","no",1
"good",40,"owner",42,61,"married","no","fixed",90,275,12000,0,1000,1335,"no",0.749063670411985,23.8095238095238,0.0865800865800866,185,"56+","yes",0
"good",5,"parents",60,28,"single","no","fixed",35,176,0,0,1190,1390,"no",0.856115107913669,19.8333333333333,0.112689393939394,141,"26-35","no",0
"good",11,"rent",60,58,"married","no","fixed",71,110,3000,0,1150,1363,"no",0.843727072633896,19.1666666666667,0.174242424242424,39,"56+","yes",0
"good",23,"owner",60,41,"married","no","fixed",75,140,3000,0,1450,1482,"no",0.978407557354926,24.1666666666667,0.172619047619048,65,"36-45","yes",0
"good",23,"owner",60,38,"married","no","fixed",45,428.98,3500,0,1900,2357,"no",0.806109461179465,31.6666666666667,0.0738185152376957,383.98,"36-45","yes",0
"bad",5,"owner",60,27,"married","no","fixed",75,66,3000,0,600,850,"no",0.705882352941177,10,0.151515151515152,-9,"26-35","yes",1
"good",10,"owner",60,55,"married","no","freelance",60,142,10000,0,1000,1180,"yes",0.847457627118644,16.6666666666667,0.117370892018779,82,"46-55","yes",0
"good",5,"owner",48,40,"married","no","freelance",75,145,6000,0,825,1617,"no",0.510204081632653,17.1875,0.118534482758621,70,"36-45","yes",0
"good",31,"owner",60,59,"married","no","fixed",60,67,6500,0,1080,1114,"no",0.969479353680431,18,0.26865671641791,7,"56+","yes",0
"bad",4,"owner",60,47,"married","no","freelance",75,142,13500,0,1900,1976,"yes",0.961538461538462,31.6666666666667,0.223004694835681,67,"46-55","yes",1
"bad",10,"owner",60,38,"married","yes","fixed",90,80,3000,1749,1030,1095,"no",0.940639269406393,17.1666666666667,0.214583333333333,-10,"36-45","yes",1
"good",0,"parents",60,25,"single","no","freelance",35,142,0,0,800,1380,"yes",0.579710144927536,13.3333333333333,0.0938967136150235,107,"18-25","no",0
"good",8,"other",60,28,"married","no","fixed",45,200,0,0,700,1529,"no",0.457815565729235,11.6666666666667,0.0583333333333333,155,"26-35","no",0
"good",2,"owner",36,49,"married","yes","freelance",75,154,14000,0,850,1263,"no",0.673000791765637,23.6111111111111,0.153318903318903,79,"46-55","yes",0
"good",3,"priv",48,38,"married","no","freelance",90,187,2500,750,1550,1600,"no",0.96875,32.2916666666667,0.172682709447415,97,"36-45","yes",0
"bad",35,"owner",48,52,"married","no","fixed",60,135,5000,0,1200,1400,"no",0.857142857142857,25,0.185185185185185,75,"46-55","yes",1
"good",3,"owner",48,37,"widow","no","fixed",45,160,6000,3000,1000,1520,"no",0.657894736842105,20.8333333333333,0.130208333333333,115,"36-45","yes",0
"good",25,"owner",60,42,"married","no","fixed",60,133,9500,0,1500,1617,"no",0.927643784786642,25,0.18796992481203,73,"36-45","yes",0
"good",8,"rent",60,54,"married","no","freelance",173,230,5000,0,1100,1500,"no",0.733333333333333,18.3333333333333,0.0797101449275362,57,"46-55","yes",0
"good",2,"owner",60,30,"married","no","fixed",60,154,3000,0,1000,1705,"no",0.586510263929619,16.6666666666667,0.108225108225108,94,"26-35","yes",0
"good",2,"owner",30,26,"married","no","fixed",60,50,3500,250,600,1292,"no",0.464396284829721,20,0.4,-10,"26-35","yes",0
"good",17,"owner",48,49,"married","no","freelance",60,189,7000,0,1100,1294,"no",0.850077279752705,22.9166666666667,0.121252204585538,129,"46-55","yes",0
"good",3,"owner",60,36,"married","no","fixed",60,202,4600,1260,1400,1936,"no",0.723140495867769,23.3333333333333,0.115511551155116,142,"36-45","yes",0
"bad",4,"parents",48,40,"married","no","freelance",90,37.51,0,0,1850,2143,"no",0.863275781614559,38.5416666666667,1.02750377677064,-52.49,"36-45","no",1
"bad",0,"owner",12,61,"married","no","others",60,40,4000,0,200,1394,"no",0.143472022955524,16.6666666666667,0.416666666666667,-20,"56+","yes",1
"bad",2,"rent",24,59,"married","no","fixed",110,50,0,0,200,425,"no",0.470588235294118,8.33333333333333,0.166666666666667,-60,"56+","no",1
"good",2,"owner",48,49,"married","no","fixed",45,125,4000,0,500,1600,"no",0.3125,10.4166666666667,0.0833333333333333,80,"46-55","yes",0
"good",30,"rent",60,52,"married","no","freelance",70,100,14500,0,1250,1563,"no",0.799744081893794,20.8333333333333,0.208333333333333,30,"46-55","yes",0
"good",11,"owner",60,35,"married","no","fixed",60,115,4000,75,1250,1284,"no",0.973520249221184,20.8333333333333,0.181159420289855,55,"26-35","yes",0
"bad",5,"other",60,25,"married","no","fixed",75,160,1000,0,890,990,"no",0.898989898989899,14.8333333333333,0.0927083333333333,85,"18-25","yes",1
"good",14,"owner",60,30,"married","no","fixed",60,70,4000,2800,600,1125,"no",0.533333333333333,10,0.142857142857143,10,"26-35","yes",0
"good",8,"owner",48,28,"married","no","fixed",35,220,4000,0,1000,1267,"no",0.789265982636148,20.8333333333333,0.0946969696969697,185,"26-35","yes",0
"bad",1,"other",60,42,"married","yes","freelance",45,142,0,0,1600,1780,"yes",0.898876404494382,26.6666666666667,0.187793427230047,97,"36-45","no",1
"good",1,"owner",6,29,"single","no","freelance",35,107,2000,0,300,1298,"no",0.231124807395994,50,0.467289719626168,72,"26-35","yes",0
"bad",6,"owner",60,32,"married","no","fixed",75,160,2200,600,1550,1600,"no",0.96875,25.8333333333333,0.161458333333333,85,"26-35","yes",1
"good",9,"owner",60,45,"married","no","fixed",75,150,3000,0,1100,1340,"no",0.82089552238806,18.3333333333333,0.122222222222222,75,"36-45","yes",0
"good",0,"owner",60,52,"married","no","partime",45,95.5,10000,0,750,1244,"yes",0.602893890675241,12.5,0.130890052356021,50.5,"46-55","yes",0
"bad",3,"owner",60,26,"married","no","partime",45,120,6100,1500,1000,1403,"no",0.712758374910905,16.6666666666667,0.138888888888889,75,"26-35","yes",1
"good",3,"owner",60,33,"married","yes","freelance",75,225,2000,0,1400,1980,"no",0.707070707070707,23.3333333333333,0.103703703703704,150,"26-35","yes",0
"good",1,"parents",60,21,"single","no","freelance",35,100,0,0,900,1290,"no",0.697674418604651,15,0.15,65,"18-25","no",0
"bad",0,"owner",36,34,"married","no","partime",75,80,4500,300,600,1339,"no",0.448095593726662,16.6666666666667,0.208333333333333,5,"26-35","yes",1
"good",6,"owner",60,27,"single","no","fixed",35,208,6000,3300,1500,1559,"no",0.962155227710071,25,0.120192307692308,173,"26-35","yes",0
"bad",21,"owner",60,44,"married","no","fixed",90,105,1150,720,200,1078,"no",0.185528756957328,3.33333333333333,0.0317460317460317,15,"36-45","yes",1
"good",17,"owner",60,51,"married","no","fixed",60,98,4000,0,860,1113,"no",0.772686433063792,14.3333333333333,0.146258503401361,38,"46-55","yes",0
"good",7,"rent",18,33,"married","no","fixed",113,428.98,0,0,1000,2290,"no",0.436681222707424,55.5555555555556,0.129506167083677,315.98,"26-35","no",0
"good",10,"owner",60,35,"married","no","fixed",60,140,4000,0,1000,1578,"no",0.633713561470216,16.6666666666667,0.119047619047619,80,"26-35","yes",0
"good",2,"owner",48,38,"married","no","fixed",75,90,7000,2000,500,1039,"no",0.481231953801732,10.4166666666667,0.115740740740741,15,"36-45","yes",0
"good",0,"rent",60,28,"married","no","fixed",76,155,0,0,800,1218,"no",0.656814449917898,13.3333333333333,0.0860215053763441,79,"26-35","no",0
"good",2,"owner",60,26,"married","no","fixed",45,120,3500,0,300,1329,"no",0.225733634311512,5,0.0416666666666667,75,"26-35","yes",0
"good",10,"owner",36,34,"married","no","fixed",90,159,3000,250,300,500,"no",0.6,8.33333333333333,0.0524109014675052,69,"26-35","yes",0
"good",6,"owner",60,27,"married","no","fixed",45,122,2000,1000,1300,1384,"no",0.939306358381503,21.6666666666667,0.177595628415301,77,"26-35","yes",0
"bad",7,"owner",60,32,"married","no","partime",75,156,3500,0,1300,1553,"no",0.837089504185447,21.6666666666667,0.138888888888889,81,"26-35","yes",1
"good",18,"owner",48,43,"single","no","fixed",35,90,2500,0,1000,1626,"no",0.615006150061501,20.8333333333333,0.231481481481481,55,"36-45","yes",0
"good",3,"owner",18,30,"single","no","partime",35,130,5000,0,1100,1674,"no",0.657108721624851,61.1111111111111,0.47008547008547,95,"26-35","yes",0
"good",6,"owner",18,42,"married","no","freelance",90,45,4000,34,200,1500,"no",0.133333333333333,11.1111111111111,0.246913580246914,-45,"36-45","yes",0
"good",0,"rent",36,26,"married","no","partime",72,118,1000,0,600,1421,"no",0.422237860661506,16.6666666666667,0.141242937853107,46,"26-35","yes",0
"bad",0,"owner",24,20,"single","no","others",60,152,2000,0,400,480,"no",0.833333333333333,16.6666666666667,0.109649122807018,92,"18-25","yes",1
"good",8,"rent",48,24,"single","no","fixed",49,135,0,0,1000,1274,"no",0.784929356357928,20.8333333333333,0.154320987654321,86,"18-25","no",0
"good",4,"rent",48,27,"married","no","fixed",58,125,0,0,1200,1580,"no",0.759493670886076,25,0.2,67,"26-35","no",0
"good",1,"rent",36,35,"married","no","freelance",66,208,4000,0,1000,1300,"no",0.769230769230769,27.7777777777778,0.133547008547009,142,"26-35","yes",0
"bad",1,"parents",48,18,"single","no","partime",35,81,0,0,1150,1314,"no",0.875190258751903,23.9583333333333,0.295781893004115,46,"18-25","no",1
"good",3,"owner",24,35,"married","no","fixed",75,160,1800,0,200,957,"no",0.208986415882968,8.33333333333333,0.0520833333333333,85,"26-35","yes",0
"good",10,"rent",60,33,"married","no","freelance",75,300,2700,0,1000,1500,"no",0.666666666666667,16.6666666666667,0.0555555555555556,225,"26-35","yes",0
"good",8,"priv",36,39,"married","no","fixed",60,135,4000,1500,1300,1504,"no",0.86436170212766,36.1111111111111,0.267489711934156,75,"36-45","yes",0
"good",20,"parents",60,36,"married","no","fixed",60,121,0,0,850,935,"no",0.909090909090909,14.1666666666667,0.117079889807163,61,"36-45","no",0
"good",3,"parents",48,29,"single","no","fixed",35,145,0,0,1000,1028,"no",0.972762645914397,20.8333333333333,0.14367816091954,110,"26-35","no",0
"bad",1,"parents",48,23,"single","no","fixed",35,165,0,0,1300,1440,"no",0.902777777777778,27.0833333333333,0.164141414141414,130,"18-25","no",1
"good",19,"owner",12,34,"married","no","freelance",75,428,32000,0,500,1030,"no",0.485436893203884,41.6666666666667,0.0973520249221184,353,"26-35","yes",0
"good",2,"rent",48,57,"married","no","others",68,233,0,0,1200,1366,"no",0.878477306002928,25,0.107296137339056,165,"56+","no",0
"bad",11,"owner",60,38,"married","yes","fixed",90,245,4000,0,1700,1768,"no",0.961538461538462,28.3333333333333,0.115646258503401,155,"36-45","yes",1
"bad",1,"owner",36,52,"married","yes","freelance",60,142,50000,4774.49999999999,1500,2340,"yes",0.641025641025641,41.6666666666667,0.293427230046948,82,"46-55","yes",1
"bad",1,"owner",48,42,"married","yes","freelance",75,200,9000,4500,1400,1700,"no",0.823529411764706,29.1666666666667,0.145833333333333,125,"36-45","yes",1
"good",15,"owner",60,44,"married","no","freelance",60,42,10000,0,910,1450,"no",0.627586206896552,15.1666666666667,0.361111111111111,-18,"36-45","yes",0
"good",10,"owner",48,37,"divorced","no","fixed",35,87,3500,450,500,1155,"no",0.432900432900433,10.4166666666667,0.119731800766284,52,"36-45","yes",0
"bad",1,"priv",48,34,"married","yes","freelance",45,200,3000,1500,1000,1191,"no",0.839630562552477,20.8333333333333,0.104166666666667,155,"26-35","yes",1
"good",25,"owner",12,43,"married","no","freelance",75,250,50000,0,600,841,"no",0.713436385255648,50,0.2,175,"36-45","yes",0
"bad",4,"rent",60,42,"divorced","yes","fixed",70,350,0,0,2200,2441,"no",0.901269971323228,36.6666666666667,0.104761904761905,280,"36-45","no",1
"bad",0,"other",48,24,"married","no","fixed",60,105,0,0,1200,1516,"no",0.79155672823219,25,0.238095238095238,45,"18-25","no",1
"good",1,"owner",60,36,"single","no","freelance",60,100,4500,1500,400,1591,"no",0.251414204902577,6.66666666666667,0.0666666666666667,40,"36-45","yes",0
"bad",2,"parents",60,52,"married","yes","freelance",75,160,5000,0,1350,1999,"no",0.675337668834417,22.5,0.140625,85,"46-55","yes",1
"good",16,"parents",60,34,"single","no","freelance",35,142,12000,0,1200,1336,"yes",0.898203592814371,20,0.140845070422535,107,"26-35","yes",0
"bad",0,"rent",36,34,"separated","no","fixed",49,140,0,0,1150,1600,"no",0.71875,31.9444444444444,0.228174603174603,91,"26-35","no",1
"good",16,"parents",60,31,"married","no","fixed",45,160,0,0,1400,1850,"no",0.756756756756757,23.3333333333333,0.145833333333333,115,"26-35","no",0
"good",8,"owner",60,36,"married","no","freelance",75,148,2600,0,1400,1775,"no",0.788732394366197,23.3333333333333,0.157657657657658,73,"36-45","yes",0
"good",20,"parents",36,50,"married","no","freelance",45,113,20000,0,700,1224,"no",0.571895424836601,19.4444444444444,0.172074729596853,68,"46-55","yes",0
"good",5,"parents",60,33,"married","no","fixed",45,97,0,0,1500,1663,"no",0.901984365604329,25,0.257731958762887,52,"26-35","no",0
"good",20,"owner",60,54,"married","no","fixed",60,107,1500,0,1250,1500,"no",0.833333333333333,20.8333333333333,0.194704049844237,47,"46-55","yes",0
"bad",5,"rent",60,40,"married","yes","fixed",66,206,0,0,1900,2225,"no",0.853932584269663,31.6666666666667,0.153721682847896,140,"36-45","no",1
"good",1,"owner",60,29,"married","no","fixed",45,275,6000,1810,1600,1930,"no",0.829015544041451,26.6666666666667,0.096969696969697,230,"26-35","yes",0
"good",3,"owner",60,31,"married","no","fixed",45,176,4500,2500,1400,1607,"no",0.871188550093342,23.3333333333333,0.132575757575758,131,"26-35","yes",0
"good",2,"rent",36,32,"married","no","fixed",63,175,0,0,1000,1230,"no",0.813008130081301,27.7777777777778,0.158730158730159,112,"26-35","no",0
"good",3,"owner",24,51,"married","no","fixed",45,223,20000,0,1400,1581,"no",0.885515496521189,58.3333333333333,0.261584454409567,178,"46-55","yes",0
"good",7,"rent",60,31,"married","no","fixed",67,70,0,0,790,1072,"no",0.736940298507463,13.1666666666667,0.188095238095238,3,"26-35","no",0
"bad",9,"rent",36,46,"married","no","fixed",84,87,0,0,1200,1471,"no",0.815771583956492,33.3333333333333,0.383141762452107,3,"46-55","no",1
"bad",1,"owner",60,35,"married","no","freelance",90,42,5000,100,500,1300,"no",0.384615384615385,8.33333333333333,0.198412698412698,-48,"26-35","yes",1
"good",14,"parents",60,33,"single","no","fixed",35,60,0,0,1150,1192,"no",0.964765100671141,19.1666666666667,0.319444444444444,25,"26-35","no",0
"good",6,"other",48,25,"single","no","fixed",35,300,0,0,2400,2700,"no",0.888888888888889,50,0.166666666666667,265,"18-25","no",0
"good",0,"other",36,31,"married","no","fixed",75,144,0,0,450,500,"no",0.9,12.5,0.0868055555555556,69,"26-35","no",0
"bad",15,"rent",36,43,"married","no","freelance",75,142,15000,2000,1100,1720,"yes",0.63953488372093,30.5555555555556,0.215179968701095,67,"36-45","yes",1
"good",2,"parents",48,30,"married","no","fixed",60,180,0,0,1350,1770,"no",0.76271186440678,28.125,0.15625,120,"26-35","no",0
"bad",1,"rent",48,40,"married","no","others",82,69,0,0,1100,1197,"no",0.918964076858814,22.9166666666667,0.332125603864734,-13,"36-45","no",1
"good",12,"rent",60,37,"married","yes","fixed",86,110,0,0,700,950,"no",0.736842105263158,11.6666666666667,0.106060606060606,24,"36-45","no",0
"bad",1,"parents",36,22,"single","yes","partime",35,50,0,0,425,450,"no",0.944444444444444,11.8055555555556,0.236111111111111,15,"18-25","no",1
"bad",0,"parents",60,24,"single","yes","partime",35,86,0,0,1400,1707,"no",0.820152314001172,23.3333333333333,0.271317829457364,51,"18-25","no",1
"good",11,"owner",36,27,"married","no","fixed",60,172,7000,0,900,1201,"no",0.749375520399667,25,0.145348837209302,112,"26-35","yes",0
"bad",9,"rent",60,32,"married","yes","freelance",71,109,0,0,1135,1355,"no",0.837638376383764,18.9166666666667,0.173547400611621,38,"26-35","no",1
"good",13,"owner",60,43,"married","no","fixed",60,95,3000,0,890,1196,"no",0.744147157190635,14.8333333333333,0.156140350877193,35,"36-45","yes",0
"good",29,"rent",60,57,"married","no","fixed",80,203,0,0,1100,1297,"no",0.848111025443331,18.3333333333333,0.090311986863711,123,"56+","no",0
"bad",33,"owner",48,59,"married","yes","fixed",45,114,10000,0,1200,1420,"no",0.845070422535211,25,0.219298245614035,69,"56+","yes",1
"good",3,"rent",48,60,"widow","no","freelance",54,186,0,0,850,1036,"no",0.82046332046332,17.7083333333333,0.0952060931899641,132,"56+","no",0
"good",0,"rent",60,25,"single","no","fixed",51,155,0,0,800,1201,"no",0.666111573688593,13.3333333333333,0.0860215053763441,104,"18-25","no",0
"good",5,"parents",60,28,"married","no","fixed",60,195,1800,0,1000,1527,"no",0.654878847413229,16.6666666666667,0.0854700854700855,135,"26-35","yes",0
"bad",3,"owner",60,40,"married","no","freelance",75,246,2500,0,1300,1500,"no",0.866666666666667,21.6666666666667,0.0880758807588076,171,"36-45","yes",1
"good",21,"rent",48,36,"married","no","fixed",86,113,0,0,950,1057,"no",0.898770104068117,19.7916666666667,0.175147492625369,27,"36-45","no",0
"good",6,"owner",48,27,"married","no","freelance",60,290,4300,900,1500,2127,"no",0.705218617771509,31.25,0.107758620689655,230,"26-35","yes",0
"bad",1,"other",48,33,"married","yes","freelance",75,142,0,0,1000,2218,"yes",0.450856627592426,20.8333333333333,0.146713615023474,67,"26-35","no",1
"good",25,"owner",60,44,"married","no","fixed",45,125,2500,0,1200,1570,"no",0.764331210191083,20,0.16,80,"36-45","yes",0
"good",5,"rent",24,34,"married","no","freelance",95,199,0,0,250,650,"no",0.384615384615385,10.4166666666667,0.0523450586264657,104,"26-35","no",0
"good",1,"owner",60,28,"married","no","fixed",45,133,5000,4774.49999999999,700,1175,"no",0.595744680851064,11.6666666666667,0.087719298245614,88,"26-35","yes",0
"good",1,"owner",60,39,"married","no","fixed",60,210,2000,0,700,825,"no",0.848484848484849,11.6666666666667,0.0555555555555556,150,"36-45","yes",0
"bad",2,"other",48,47,"single","yes","freelance",35,142,0,0,2150,2152,"yes",0.99907063197026,44.7916666666667,0.315434272300469,107,"46-55","no",1
"good",11,"owner",60,28,"married","no","fixed",45,78,4000,0,850,978,"no",0.869120654396728,14.1666666666667,0.181623931623932,33,"26-35","yes",0
"good",1,"rent",36,37,"divorced","no","partime",55,200,15000,0,1100,1650,"no",0.666666666666667,30.5555555555556,0.152777777777778,145,"36-45","yes",0
"good",0,"parents",60,20,"married","no","freelance",45,100,0,0,1850,2150,"no",0.86046511627907,30.8333333333333,0.308333333333333,55,"18-25","no",0
"bad",2,"rent",48,36,"married","no","fixed",85,95,0,0,1340,1771,"no",0.756634669678148,27.9166666666667,0.293859649122807,10,"36-45","no",1
"good",5,"rent",48,28,"married","no","fixed",63,183,0,0,1100,1615,"no",0.681114551083591,22.9166666666667,0.125227686703097,120,"26-35","no",0
"good",2,"parents",24,20,"single","no","fixed",35,43,0,0,450,994,"no",0.45271629778672,18.75,0.436046511627907,8,"18-25","no",0
"good",7,"priv",60,32,"married","no","fixed",75,120,3000,3000,870,1147,"no",0.758500435919791,14.5,0.120833333333333,45,"26-35","yes",0
"bad",3,"parents",60,19,"single","no","freelance",45,198,2500,0,1100,1194,"no",0.921273031825796,18.3333333333333,0.0925925925925926,153,"18-25","yes",1
"bad",2,"rent",36,21,"single","no","fixed",45,100,0,0,700,825,"no",0.848484848484849,19.4444444444444,0.194444444444444,55,"18-25","no",1
"good",3,"rent",36,23,"single","no","fixed",50,150,0,0,1000,1128,"no",0.886524822695035,27.7777777777778,0.185185185185185,100,"18-25","no",0
"good",10,"owner",36,47,"married","no","fixed",60,133,3000,0,360,375,"no",0.96,10,0.075187969924812,73,"46-55","yes",0
"good",10,"owner",48,37,"widow","no","others",45,110,3000,0,500,1190,"no",0.420168067226891,10.4166666666667,0.0946969696969697,65,"36-45","yes",0
"good",10,"owner",60,51,"married","no","fixed",60,202,2000,0,1400,1580,"no",0.886075949367089,23.3333333333333,0.115511551155116,142,"46-55","yes",0
"good",1,"priv",24,31,"married","no","fixed",60,140,2000,500,1100,1600,"no",0.6875,45.8333333333333,0.327380952380952,80,"26-35","yes",0
"good",4,"owner",60,49,"married","no","fixed",45,123,5000,0,1450,1735,"no",0.835734870317003,24.1666666666667,0.196476964769648,78,"46-55","yes",0
"good",2,"owner",60,27,"married","no","fixed",45,275,8000,4500,1500,2178,"no",0.68870523415978,25,0.0909090909090909,230,"26-35","yes",0
"bad",3,"priv",60,34,"married","yes","fixed",75,200,2500,0,1350,1589,"no",0.849590937696665,22.5,0.1125,125,"26-35","yes",1
"good",6,"owner",60,28,"single","no","freelance",35,142,7000,800,1500,1828,"yes",0.820568927789934,25,0.176056338028169,107,"26-35","yes",0
"bad",0,"owner",48,29,"separated","no","fixed",35,55,4000,0,757,1566,"no",0.483397190293742,15.7708333333333,0.286742424242424,20,"26-35","yes",1
"good",1,"owner",60,51,"married","no","others",45,105,3000,0,1200,1250,"no",0.96,20,0.19047619047619,60,"46-55","yes",0
"good",15,"owner",60,34,"married","no","fixed",75,146,5000,0,1400,1626,"no",0.861008610086101,23.3333333333333,0.159817351598174,71,"26-35","yes",0
"good",10,"owner",60,42,"married","yes","fixed",75,100,6000,1500,1350,1414,"no",0.954738330975955,22.5,0.225,25,"36-45","yes",0
"bad",2,"rent",60,46,"separated","no","fixed",49,136,0,0,1500,1687,"no",0.889152341434499,25,0.183823529411765,87,"46-55","no",1
"good",8,"owner",60,40,"married","no","fixed",60,90,4500,0,1100,1638,"no",0.671550671550671,18.3333333333333,0.203703703703704,30,"36-45","yes",0
"good",4,"owner",60,32,"married","no","freelance",60,142,6000,0,1100,1296,"yes",0.848765432098765,18.3333333333333,0.129107981220657,82,"26-35","yes",0
"good",7,"owner",60,26,"married","no","fixed",60,116,3000,0,1400,1460,"no",0.958904109589041,23.3333333333333,0.201149425287356,56,"26-35","yes",0
"good",17,"owner",36,31,"married","no","fixed",75,128,7000,4774.49999999999,700,1400,"no",0.5,19.4444444444444,0.151909722222222,53,"26-35","yes",0
"good",10,"owner",54,47,"married","no","fixed",60,105,3000,0,850,911,"no",0.933040614709111,15.7407407407407,0.149911816578483,45,"46-55","yes",0
"good",6,"owner",30,45,"married","no","fixed",90,125,3000,0,1050,1559,"no",0.673508659397049,35,0.28,35,"36-45","yes",0
"good",0,"other",60,26,"married","no","partime",45,68,0,0,1200,1315,"no",0.91254752851711,20,0.294117647058824,23,"26-35","no",0
"good",1,"owner",36,41,"married","no","fixed",75,400,5500,0,1800,2600,"no",0.692307692307692,50,0.125,325,"36-45","yes",0
"good",6,"owner",48,31,"married","no","fixed",60,251,3000,400,1000,1208,"no",0.827814569536424,20.8333333333333,0.0830013280212483,191,"26-35","yes",0
"good",2,"rent",60,23,"single","no","fixed",58,225,0,0,800,975,"no",0.82051282051282,13.3333333333333,0.0592592592592593,167,"18-25","no",0
"good",2,"parents",60,34,"single","no","fixed",35,140,0,0,1200,1274,"no",0.941915227629513,20,0.142857142857143,105,"26-35","no",0
"good",15,"owner",48,34,"separated","no","freelance",45,142,5000,0,900,1197,"yes",0.75187969924812,18.75,0.132042253521127,97,"26-35","yes",0
"good",7,"rent",60,38,"married","no","freelance",107,320,1500,0,1050,1092,"no",0.961538461538462,17.5,0.0546875,213,"36-45","yes",0
"good",0,"owner",36,55,"married","yes","freelance",45,142,16000,0,900,1100,"yes",0.818181818181818,25,0.176056338028169,97,"46-55","yes",0
"good",1,"rent",60,54,"married","no","others",54,87,8000,0,1000,1202,"no",0.831946755407654,16.6666666666667,0.191570881226054,33,"46-55","yes",0
"bad",2,"parents",54,24,"single","yes","freelance",35,142,0,0,1800,2646,"yes",0.680272108843537,33.3333333333333,0.234741784037559,107,"18-25","no",1
"bad",15,"owner",60,37,"married","no","others",90,90,5000,1800,1500,1816,"no",0.825991189427313,25,0.277777777777778,0,"36-45","yes",1
"bad",0,"rent",60,43,"married","no","freelance",75,142,0,0,1400,1700,"yes",0.823529411764706,23.3333333333333,0.164319248826291,67,"36-45","no",1
"good",2,"parents",48,26,"married","no","fixed",60,110,10000,0,1300,1700,"no",0.764705882352941,27.0833333333333,0.246212121212121,50,"26-35","yes",0
"good",20,"owner",54,59,"married","no","freelance",60,87,3500,0,500,984,"no",0.508130081300813,9.25925925925926,0.106428267347808,27,"56+","yes",0
"good",30,"rent",60,54,"married","no","fixed",54,93,0,0,1000,1387,"no",0.720980533525595,16.6666666666667,0.17921146953405,39,"46-55","no",0
"good",12,"owner",48,27,"married","yes","fixed",45,110,5000,1300,450,1636,"no",0.275061124694377,9.375,0.0852272727272727,65,"26-35","yes",0
"good",2,"rent",60,28,"single","no","fixed",43,81,0,0,1000,1135,"no",0.881057268722467,16.6666666666667,0.205761316872428,38,"26-35","no",0
"bad",3,"owner",60,53,"married","no","fixed",45,98,3500,0,1350,1453,"no",0.929112181693049,22.5,0.229591836734694,53,"46-55","yes",1
"good",7,"owner",60,48,"married","no","freelance",60,155,4500,0,1400,1500,"no",0.933333333333333,23.3333333333333,0.150537634408602,95,"46-55","yes",0
"good",4,"owner",48,30,"married","no","fixed",60,167,3500,1000,800,1350,"no",0.592592592592593,16.6666666666667,0.0998003992015968,107,"26-35","yes",0
"good",14,"priv",60,28,"married","no","fixed",60,190,18000,0,1850,2247,"no",0.823319982198487,30.8333333333333,0.162280701754386,130,"26-35","yes",0
"good",10,"owner",60,34,"married","no","fixed",75,110,2500,300,1150,1367,"no",0.841258229700073,19.1666666666667,0.174242424242424,35,"26-35","yes",0
"bad",3,"owner",60,33,"separated","no","freelance",35,142,6000,0,950,950,"yes",1,15.8333333333333,0.11150234741784,107,"26-35","yes",1
"bad",12,"rent",60,55,"married","yes","fixed",62,170,0,0,1800,2154,"no",0.835654596100279,30,0.176470588235294,108,"46-55","no",1
"bad",20,"owner",36,40,"single","yes","freelance",35,142,8500,400,750,1100,"yes",0.681818181818182,20.8333333333333,0.146713615023474,107,"36-45","yes",1
"good",5,"parents",60,28,"single","no","fixed",35,70,0,0,900,1492,"no",0.603217158176944,15,0.214285714285714,35,"26-35","no",0
"bad",2,"owner",60,31,"single","no","fixed",35,55,7500,0,800,1351,"no",0.592153960029608,13.3333333333333,0.242424242424242,20,"26-35","yes",1
"bad",30,"parents",60,56,"married","no","fixed",45,80,10000,0,1500,2040,"no",0.735294117647059,25,0.3125,35,"56+","yes",1
"good",3,"owner",60,38,"married","yes","partime",75,81,4000,0,1000,1037,"no",0.964320154291225,16.6666666666667,0.205761316872428,6,"36-45","yes",0
"bad",0,"other",48,25,"single","no","fixed",35,139,0,0,1200,1202,"no",0.998336106489185,25,0.179856115107914,104,"18-25","no",1
"good",0,"rent",48,35,"married","no","fixed",66,206,0,0,1500,1683,"no",0.89126559714795,31.25,0.151699029126214,140,"26-35","no",0
"bad",5,"other",24,41,"separated","no","freelance",35,142,0,0,500,1000,"yes",0.5,20.8333333333333,0.146713615023474,107,"36-45","no",1
"good",3,"parents",48,31,"single","no","fixed",35,120,0,0,1000,1100,"no",0.909090909090909,20.8333333333333,0.173611111111111,85,"26-35","no",0
"good",30,"other",48,52,"married","no","freelance",90,300,12000,0,1700,1734,"no",0.980392156862745,35.4166666666667,0.118055555555556,210,"46-55","yes",0
"good",13,"priv",60,33,"married","no","fixed",75,224,7000,0,1600,1604,"no",0.997506234413965,26.6666666666667,0.119047619047619,149,"26-35","yes",0
"good",0,"rent",60,30,"married","no","fixed",68,80,0,0,1000,1330,"no",0.75187969924812,16.6666666666667,0.208333333333333,12,"26-35","no",0
"bad",3,"owner",60,37,"married","no","partime",90,166,3000,0,800,877,"no",0.912200684150513,13.3333333333333,0.0803212851405622,76,"36-45","yes",1
"good",0,"owner",36,54,"married","no","partime",60,110,11500,0,1100,1759,"no",0.625355315520182,30.5555555555556,0.277777777777778,50,"46-55","yes",0
"bad",7,"parents",48,32,"married","yes","fixed",45,161,0,0,970,1564,"no",0.620204603580563,20.2083333333333,0.125517598343685,116,"26-35","no",1
"good",4,"owner",60,23,"married","no","fixed",45,80,4000,0,1100,1306,"no",0.842266462480858,18.3333333333333,0.229166666666667,35,"18-25","yes",0
"good",10,"owner",24,39,"married","no","fixed",75,150,3000,0,500,1108,"no",0.451263537906137,20.8333333333333,0.138888888888889,75,"36-45","yes",0
"bad",1,"rent",36,28,"single","no","freelance",52,170,0,0,350,1500,"no",0.233333333333333,9.72222222222222,0.0571895424836601,118,"26-35","no",1
"good",2,"parents",60,43,"married","no","fixed",45,100,0,0,1500,1645,"no",0.911854103343465,25,0.25,55,"36-45","no",0
"good",30,"rent",60,50,"married","no","freelance",68,225,10000,0,1300,1500,"no",0.866666666666667,21.6666666666667,0.0962962962962963,157,"46-55","yes",0
"good",3,"rent",60,41,"married","yes","fixed",77,166,0,0,2200,2625,"no",0.838095238095238,36.6666666666667,0.220883534136546,89,"36-45","no",0
"good",0,"parents",36,27,"single","no","fixed",45,200,5000,0,800,1456,"no",0.549450549450549,22.2222222222222,0.111111111111111,155,"26-35","yes",0
"good",10,"owner",42,25,"married","no","fixed",45,110,3000,0,1500,2178,"no",0.68870523415978,35.7142857142857,0.324675324675325,65,"18-25","yes",0
"good",4,"rent",36,35,"single","no","fixed",46,110,0,0,1000,1642,"no",0.609013398294763,27.7777777777778,0.252525252525253,64,"26-35","no",0
"good",1,"owner",60,31,"married","no","partime",45,160,4000,300,1200,1265,"no",0.948616600790514,20,0.125,115,"26-35","yes",0
"good",13,"parents",36,43,"single","no","fixed",35,204,0,0,200,375,"no",0.533333333333333,5.55555555555556,0.0272331154684096,169,"36-45","no",0
"bad",4,"parents",60,28,"married","no","partime",45,135,0,0,1350,1471,"no",0.917743031951054,22.5,0.166666666666667,90,"26-35","no",1
"good",1,"parents",48,22,"single","no","freelance",45,158,0,0,260,1440,"no",0.180555555555556,5.41666666666667,0.0342827004219409,113,"18-25","no",0
"good",8,"owner",60,42,"married","yes","freelance",75,290,10000,0,1200,2140,"no",0.560747663551402,20,0.0689655172413793,215,"36-45","yes",0
"good",14,"owner",60,41,"married","no","fixed",60,100,6000,0,450,1377,"no",0.326797385620915,7.5,0.075,40,"36-45","yes",0
"good",6,"owner",60,29,"married","no","fixed",60,115,6000,2000,1250,1780,"no",0.702247191011236,20.8333333333333,0.181159420289855,55,"26-35","yes",0
"good",1,"owner",18,27,"married","no","partime",45,149,2000,0,700,818,"no",0.855745721271394,38.8888888888889,0.260999254287845,104,"26-35","yes",0
"good",16,"owner",60,32,"married","yes","fixed",75,143,4000,0,650,1017,"no",0.63913470993117,10.8333333333333,0.0757575757575758,68,"26-35","yes",0
"good",10,"parents",36,27,"married","yes","fixed",60,150,0,0,1000,1788,"no",0.559284116331096,27.7777777777778,0.185185185185185,90,"26-35","no",0
"good",11,"parents",48,37,"single","no","fixed",35,199,10000,0,1100,1212,"no",0.907590759075908,22.9166666666667,0.115159128978224,164,"36-45","yes",0
"good",40,"rent",36,59,"married","no","fixed",59,142,0,0,1000,1800,"no",0.555555555555556,27.7777777777778,0.195618153364632,83,"56+","no",0
"bad",13,"owner",54,52,"married","no","fixed",75,80,4000,0,1300,1394,"no",0.932568149210904,24.0740740740741,0.300925925925926,5,"46-55","yes",1
"bad",7,"rent",36,25,"married","no","fixed",69,93,0,0,250,400,"no",0.625,6.94444444444444,0.0746714456391876,24,"18-25","no",1
"good",3,"parents",36,24,"separated","no","fixed",45,113,0,0,850,940,"no",0.904255319148936,23.6111111111111,0.208947885939036,68,"18-25","no",0
"good",13,"parents",48,51,"married","no","fixed",45,92,3000,500,1220,1433,"no",0.851360781577111,25.4166666666667,0.276268115942029,47,"46-55","yes",0
"good",7,"owner",36,39,"married","no","freelance",75,205,4000,0,1300,1439,"no",0.903405142460042,36.1111111111111,0.176151761517615,130,"36-45","yes",0
"good",7,"owner",60,33,"single","no","fixed",35,210,6000,0,1700,2414,"no",0.704225352112676,28.3333333333333,0.134920634920635,175,"26-35","yes",0
"good",4,"owner",24,31,"married","no","fixed",60,256,3000,0,600,1571,"no",0.381922342457034,25,0.09765625,196,"26-35","yes",0
"good",5,"rent",36,30,"married","no","freelance",101,260,0,0,1000,1500,"no",0.666666666666667,27.7777777777778,0.106837606837607,159,"26-35","no",0
"good",7,"owner",60,24,"married","no","fixed",45,106,2500,0,1200,1258,"no",0.95389507154213,20,0.188679245283019,61,"18-25","yes",0
"good",10,"owner",48,31,"married","no","fixed",60,160,4500,0,450,1403,"no",0.320741268709907,9.375,0.05859375,100,"26-35","yes",0
"good",16,"owner",60,39,"married","no","fixed",60,148,3500,0,750,1346,"no",0.557206537890045,12.5,0.0844594594594595,88,"36-45","yes",0
"good",2,"owner",36,42,"married","no","fixed",75,220,3500,0,1500,2195,"no",0.683371298405467,41.6666666666667,0.189393939393939,145,"36-45","yes",0
"good",6,"owner",36,37,"married","no","freelance",75,63,4000,50,800,1637,"no",0.488698839340257,22.2222222222222,0.352733686067019,-12,"36-45","yes",0
"good",3,"owner",36,38,"married","no","fixed",75,106,8500,0,2375,2375,"no",1,65.9722222222222,0.622379454926625,31,"36-45","yes",0
"bad",16,"owner",60,42,"married","no","fixed",75,81,3500,0,870,873,"no",0.996563573883162,14.5,0.179012345679012,6,"36-45","yes",1
"bad",1,"parents",60,23,"single","no","fixed",35,100,0,0,1210,1450,"no",0.83448275862069,20.1666666666667,0.201666666666667,65,"18-25","no",1
"bad",0,"other",60,40,"married","yes","fixed",75,260,2500,0,1500,1607,"no",0.933416303671437,25,0.0961538461538462,185,"36-45","yes",1
"good",12,"owner",24,36,"married","no","fixed",60,243,6000,0,600,1376,"no",0.436046511627907,25,0.102880658436214,183,"36-45","yes",0
"good",1,"rent",60,27,"single","no","fixed",44,88,0,0,1000,1092,"no",0.915750915750916,16.6666666666667,0.189393939393939,44,"26-35","no",0
"good",40,"owner",24,60,"married","no","freelance",75,186,8000,0,900,1307,"no",0.688599846977812,37.5,0.201612903225806,111,"56+","yes",0
"good",30,"owner",48,45,"married","no","fixed",75,105,10000,2400,830,1128,"no",0.735815602836879,17.2916666666667,0.16468253968254,30,"36-45","yes",0
"good",5,"owner",48,65,"married","no","freelance",75,80,30000,2000,700,1698,"no",0.412249705535925,14.5833333333333,0.182291666666667,5,"56+","yes",0
"good",10,"priv",60,40,"married","no","fixed",60,154,1500,0,825,1075,"no",0.767441860465116,13.75,0.0892857142857143,94,"36-45","yes",0
"bad",13,"rent",60,40,"separated","no","freelance",64,37.51,2500,0,1920,1920,"no",1,32,0.853105838443082,-26.49,"36-45","yes",1
"good",3,"rent",48,33,"married","no","fixed",66,63,2000,0,800,1298,"no",0.61633281972265,16.6666666666667,0.264550264550265,-3,"26-35","yes",0
"bad",0,"other",36,28,"married","yes","others",45,297,8000,0,1360,1362,"no",0.998531571218796,37.7777777777778,0.127197904975683,252,"26-35","yes",1
"bad",1,"rent",60,33,"married","no","fixed",91,161,0,0,1700,1770,"no",0.96045197740113,28.3333333333333,0.175983436853002,70,"26-35","no",1
"good",25,"owner",36,51,"separated","no","freelance",35,200,5000,0,1700,2022,"no",0.840751730959446,47.2222222222222,0.236111111111111,165,"46-55","yes",0
"good",11,"priv",48,31,"married","no","fixed",45,140,4000,0,700,1225,"no",0.571428571428571,14.5833333333333,0.104166666666667,95,"26-35","yes",0
"good",7,"owner",12,36,"married","no","fixed",90,125,20000,0,375,724,"no",0.517955801104972,31.25,0.25,35,"36-45","yes",0
"good",4,"parents",24,23,"single","no","fixed",35,78,3000,0,500,1346,"no",0.37147102526003,20.8333333333333,0.267094017094017,43,"18-25","yes",0
"bad",5,"other",60,33,"single","no","fixed",35,57,0,0,1000,1415,"no",0.706713780918728,16.6666666666667,0.292397660818713,22,"26-35","no",1
"good",31,"rent",60,51,"married","yes","fixed",135,300,0,0,1000,1380,"no",0.72463768115942,16.6666666666667,0.0555555555555556,165,"46-55","no",0
"bad",0,"other",60,31,"married","no","freelance",60,142,0,0,1400,1500,"yes",0.933333333333333,23.3333333333333,0.164319248826291,82,"26-35","no",1
"good",10,"owner",36,32,"married","no","freelance",75,202,2100,0,900,900,"no",1,25,0.123762376237624,127,"26-35","yes",0
"good",16,"owner",48,50,"married","no","fixed",90,175,21500,1950,1100,1639,"no",0.671140939597315,22.9166666666667,0.130952380952381,85,"46-55","yes",0
"good",19,"owner",36,52,"married","no","freelance",45,150,15000,0,1420,2220,"no",0.63963963963964,39.4444444444444,0.262962962962963,105,"46-55","yes",0
"good",0,"parents",60,34,"single","no","others",45,158,2000,0,1020,1600,"no",0.6375,17,0.107594936708861,113,"26-35","yes",0
"bad",3,"other",36,25,"single","no","fixed",45,126,0,0,900,1270,"yes",0.708661417322835,25,0.198412698412698,81,"18-25","no",1
"good",1,"owner",48,28,"married","no","partime",45,123,4000,1978,1100,1556,"no",0.70694087403599,22.9166666666667,0.186314363143631,78,"26-35","yes",0
"bad",1,"rent",48,36,"married","no","freelance",88,125,0,0,1500,1878,"no",0.798722044728435,31.25,0.25,37,"36-45","no",1
"bad",0,"owner",60,27,"married","no","partime",45,113,3000,1500,1200,1532,"no",0.783289817232376,20,0.176991150442478,68,"26-35","yes",1
"good",2,"owner",24,26,"married","yes","freelance",45,167,4000,0,340,900,"no",0.377777777777778,14.1666666666667,0.0848303393213573,122,"26-35","yes",0
"bad",4,"rent",36,24,"married","yes","fixed",75,148,0,0,900,1100,"no",0.818181818181818,25,0.168918918918919,73,"18-25","no",1
"bad",0,"priv",60,47,"married","no","partime",75,156,2000,200,600,1556,"no",0.38560411311054,10,0.0641025641025641,81,"46-55","yes",1
"good",13,"owner",48,40,"married","no","fixed",60,123,4000,0,900,1054,"no",0.853889943074004,18.75,0.152439024390244,63,"36-45","yes",0
"bad",1,"owner",60,42,"married","no","partime",120,143,5500,2000,1160,1285,"no",0.90272373540856,19.3333333333333,0.135198135198135,23,"36-45","yes",1
"bad",17,"rent",48,52,"married","no","fixed",93,180,0,0,1200,1338,"no",0.896860986547085,25,0.138888888888889,87,"46-55","no",1
"bad",0,"other",60,26,"single","no","others",35,93,0,0,1200,1571,"yes",0.763844684914067,20,0.21505376344086,58,"26-35","no",1
"good",5,"rent",36,45,"married","no","others",90,150,10000,0,1100,1556,"no",0.70694087403599,30.5555555555556,0.203703703703704,60,"36-45","yes",0
"good",17,"owner",60,47,"married","no","fixed",60,92,4500,0,1100,1194,"no",0.921273031825796,18.3333333333333,0.199275362318841,32,"46-55","yes",0
"good",8,"owner",60,25,"married","no","fixed",45,139,4000,1300,1450,1556,"no",0.931876606683805,24.1666666666667,0.173860911270983,94,"18-25","yes",0
"good",0,"owner",60,50,"married","no","fixed",75,250,15500,0,1000,1989,"no",0.502765208647562,16.6666666666667,0.0666666666666667,175,"46-55","yes",0
"good",5,"owner",6,44,"married","no","fixed",75,315,13000,0,500,2624,"no",0.190548780487805,83.3333333333333,0.264550264550265,240,"36-45","yes",0
"bad",8,"owner",36,48,"married","yes","fixed",35,121,3000,0,400,925,"no",0.432432432432432,11.1111111111111,0.0918273645546373,86,"46-55","yes",1
"good",3,"owner",48,19,"single","no","fixed",35,180,4000,0,800,1128,"no",0.709219858156028,16.6666666666667,0.0925925925925926,145,"18-25","yes",0
"good",18,"owner",48,48,"married","yes","fixed",105,129,3000,0,780,2220,"no",0.351351351351351,16.25,0.125968992248062,24,"46-55","yes",0
"good",22,"owner",60,46,"married","no","fixed",90,214,8000,0,1120,1395,"no",0.802867383512545,18.6666666666667,0.0872274143302181,124,"46-55","yes",0
"good",12,"owner",60,50,"married","no","fixed",45,99,5000,0,1100,1137,"no",0.967458223394899,18.3333333333333,0.185185185185185,54,"46-55","yes",0
"good",12,"parents",36,30,"married","no","freelance",75,110,0,0,800,875,"no",0.914285714285714,22.2222222222222,0.202020202020202,35,"26-35","no",0
"bad",13,"priv",60,30,"married","yes","fixed",75,85,3500,0,1100,1417,"no",0.776287932251235,18.3333333333333,0.215686274509804,10,"26-35","yes",1
"good",3,"owner",18,39,"married","yes","fixed",90,138,7000,0,500,700,"no",0.714285714285714,27.7777777777778,0.201288244766506,48,"36-45","yes",0
"good",1,"owner",60,27,"married","no","fixed",60,93,4000,0,1000,1207,"no",0.828500414250207,16.6666666666667,0.17921146953405,33,"26-35","yes",0
"good",29,"owner",60,52,"married","no","fixed",75,100,3000,0,1100,1268,"no",0.867507886435331,18.3333333333333,0.183333333333333,25,"46-55","yes",0
"good",1,"rent",48,42,"married","no","freelance",76,160,0,0,1200,1326,"no",0.904977375565611,25,0.15625,84,"36-45","no",0
"bad",3,"other",36,22,"married","no","fixed",45,215,0,0,1470,1480,"no",0.993243243243243,40.8333333333333,0.189922480620155,170,"18-25","no",1
"good",23,"parents",60,43,"single","no","fixed",35,90,3500,0,1050,1228,"no",0.855048859934853,17.5,0.194444444444444,55,"36-45","yes",0
"good",20,"owner",36,36,"married","no","fixed",90,428.98,5000,0,2000,2168,"no",0.922509225092251,55.5555555555556,0.129506167083677,338.98,"36-45","yes",0
"good",5,"priv",60,23,"married","no","fixed",35,167,7000,2160,1650,2100,"no",0.785714285714286,27.5,0.164670658682635,132,"18-25","yes",0
"good",3,"rent",60,40,"married","no","fixed",84,86,0,0,1000,1197,"no",0.835421888053467,16.6666666666667,0.193798449612403,2,"36-45","no",0
"bad",1,"priv",24,50,"married","no","freelance",60,125,5000,3000,360,510,"no",0.705882352941177,15,0.12,65,"46-55","yes",1
"good",15,"owner",36,52,"married","no","fixed",105,274,8000,0,300,375,"no",0.8,8.33333333333333,0.0304136253041363,169,"46-55","yes",0
"good",10,"owner",36,38,"married","no","fixed",75,135,5500,1440,690,1000,"no",0.69,19.1666666666667,0.141975308641975,60,"36-45","yes",0
"bad",0,"parents",48,35,"married","yes","fixed",60,300,0,0,1400,1748,"no",0.80091533180778,29.1666666666667,0.0972222222222222,240,"26-35","no",1
"bad",9,"owner",60,34,"married","yes","freelance",75,300,4000,300,1000,1392,"no",0.718390804597701,16.6666666666667,0.0555555555555556,225,"26-35","yes",1
"good",9,"rent",60,34,"married","no","fixed",103,128,0,0,500,820,"no",0.609756097560976,8.33333333333333,0.0651041666666667,25,"26-35","no",0
"good",25,"owner",18,49,"married","no","freelance",90,90,4000,0,300,1275,"no",0.235294117647059,16.6666666666667,0.185185185185185,0,"46-55","yes",0
"bad",19,"owner",60,37,"single","yes","fixed",35,115,10000,4774.49999999999,1500,1758,"no",0.853242320819113,25,0.217391304347826,80,"36-45","yes",1
"good",10,"rent",60,33,"married","no","fixed",56,107,0,0,600,1250,"no",0.48,10,0.0934579439252336,51,"26-35","no",0
"good",10,"owner",60,34,"married","no","freelance",75,300,11000,0,1000,1560,"no",0.641025641025641,16.6666666666667,0.0555555555555556,225,"26-35","yes",0
"good",10,"owner",48,42,"married","no","freelance",105,230,30000,4774.49999999999,1200,1570,"no",0.764331210191083,25,0.108695652173913,125,"36-45","yes",0
"good",4,"owner",24,32,"married","no","fixed",45,122,4000,1,500,1045,"no",0.478468899521531,20.8333333333333,0.170765027322404,77,"26-35","yes",0
"good",1,"parents",36,19,"single","no","partime",35,43,0,0,425,500,"no",0.85,11.8055555555556,0.274547803617571,8,"18-25","no",0
"good",1,"owner",48,45,"married","no","freelance",90,250,4000,0,1700,1800,"no",0.944444444444444,35.4166666666667,0.141666666666667,160,"36-45","yes",0
"good",19,"parents",12,41,"married","no","freelance",90,190,500,0,500,1600,"no",0.3125,41.6666666666667,0.219298245614035,100,"36-45","yes",0
"good",6,"owner",60,25,"married","no","freelance",45,100,3500,2500,950,1177,"no",0.8071367884452,15.8333333333333,0.158333333333333,55,"18-25","yes",0
"good",2,"rent",48,19,"single","no","freelance",60,246,20500,0,1370,1371,"no",0.99927060539752,28.5416666666667,0.116023035230352,186,"18-25","yes",0
"bad",11,"rent",36,59,"married","no","fixed",69,85,0,0,850,1100,"no",0.772727272727273,23.6111111111111,0.277777777777778,16,"56+","no",1
"good",20,"rent",36,56,"married","yes","fixed",77,173,0,0,1100,1256,"no",0.875796178343949,30.5555555555556,0.176621708413616,96,"56+","no",0
"good",18,"rent",48,42,"married","yes","freelance",75,150,0,0,1000,1469,"no",0.68073519400953,20.8333333333333,0.138888888888889,75,"36-45","no",0
"bad",0,"parents",60,38,"married","no","partime",90,86,5000,0,1600,1682,"no",0.951248513674197,26.6666666666667,0.310077519379845,-4,"36-45","yes",1
"good",0,"parents",60,22,"single","no","partime",45,183,4000,0,1150,1150,"no",1,19.1666666666667,0.104735883424408,138,"18-25","yes",0
"bad",1,"rent",36,44,"separated","no","others",55,100,0,0,675,675,"no",1,18.75,0.1875,45,"36-45","no",1
"good",1,"owner",60,31,"married","no","fixed",60,94,2500,0,900,1236,"no",0.728155339805825,15,0.159574468085106,34,"26-35","yes",0
"good",25,"owner",48,49,"married","no","fixed",60,150,6000,0,650,1265,"no",0.513833992094862,13.5416666666667,0.0902777777777778,90,"46-55","yes",0
"good",15,"rent",60,55,"married","no","freelance",74,140,0,0,1000,1204,"no",0.830564784053156,16.6666666666667,0.119047619047619,66,"46-55","no",0
"bad",21,"rent",60,55,"widow","no","fixed",56,107,0,0,1100,1353,"no",0.813008130081301,18.3333333333333,0.171339563862928,51,"46-55","no",1
"good",10,"priv",36,38,"married","yes","fixed",60,117,4030,0,950,1330,"no",0.714285714285714,26.3888888888889,0.225546058879392,57,"36-45","yes",0
"good",12,"owner",60,60,"married","no","fixed",60,230,12000,0,950,1200,"no",0.791666666666667,15.8333333333333,0.0688405797101449,170,"56+","yes",0
"bad",10,"rent",60,58,"divorced","no","freelance",82,428.98,0,0,1350,1488,"no",0.907258064516129,22.5,0.052449997668889,346.98,"56+","no",1
"good",20,"other",36,39,"married","no","fixed",60,102,0,0,650,1695,"no",0.383480825958702,18.0555555555556,0.177015250544662,42,"36-45","no",0
"good",10,"owner",60,34,"married","no","fixed",75,210,6000,0,900,1547,"no",0.581771170006464,15,0.0714285714285714,135,"26-35","yes",0
"good",1,"parents",60,21,"single","no","partime",35,42,0,0,1100,1112,"no",0.989208633093525,18.3333333333333,0.436507936507936,7,"18-25","no",0
"good",5,"rent",60,37,"single","no","fixed",48,130,0,0,600,1062,"no",0.564971751412429,10,0.0769230769230769,82,"36-45","no",0
"bad",2,"priv",48,25,"married","no","partime",45,90,3000,2000,800,1567,"no",0.510529674537332,16.6666666666667,0.185185185185185,45,"18-25","yes",1
"good",15,"parents",36,39,"single","no","fixed",60,120,0,0,900,900,"no",1,25,0.208333333333333,60,"36-45","no",0
"good",1,"parents",60,22,"married","no","fixed",60,117,0,0,1100,1280,"no",0.859375,18.3333333333333,0.156695156695157,57,"18-25","no",0
"good",11,"owner",30,35,"married","no","fixed",75,160,4000,0,700,1340,"no",0.522388059701492,23.3333333333333,0.145833333333333,85,"26-35","yes",0
"good",3,"rent",60,50,"married","no","partime",69,90,0,0,1300,1490,"no",0.87248322147651,21.6666666666667,0.240740740740741,21,"46-55","no",0
"bad",2,"other",36,49,"married","yes","others",45,50,0,0,1600,2640,"no",0.606060606060606,44.4444444444444,0.888888888888889,5,"46-55","no",1
"good",15,"owner",48,30,"married","no","freelance",75,100,27000,4774.49999999999,900,900,"no",1,18.75,0.1875,25,"26-35","yes",0
"good",13,"owner",60,32,"married","no","fixed",75,182,5000,2500,1300,1569,"no",0.82855321861058,21.6666666666667,0.119047619047619,107,"26-35","yes",0
"bad",11,"rent",60,37,"single","yes","fixed",74,135,0,0,1400,1937,"no",0.722767165720186,23.3333333333333,0.172839506172839,61,"36-45","no",1
"good",2,"owner",60,24,"married","no","partime",45,67,4100,2800,1400,1403,"no",0.997861724875267,23.3333333333333,0.348258706467662,22,"18-25","yes",0
"good",32,"owner",24,63,"married","no","freelance",45,142,50000,0,1000,1501,"yes",0.666222518321119,41.6666666666667,0.293427230046948,97,"56+","yes",0
"bad",1,"owner",60,25,"married","no","partime",60,137,2700,1900,1150,1255,"no",0.916334661354582,19.1666666666667,0.139902676399027,77,"18-25","yes",1
"good",3,"rent",54,23,"married","no","fixed",59,140,0,0,1300,1345,"no",0.966542750929368,24.0740740740741,0.171957671957672,81,"18-25","no",0
"bad",1,"parents",60,22,"single","no","fixed",35,85,0,0,1950,2134,"no",0.91377694470478,32.5,0.382352941176471,50,"18-25","no",1
"good",37,"owner",60,52,"married","no","fixed",45,324,7000,0,1550,1590,"no",0.974842767295597,25.8333333333333,0.0797325102880658,279,"46-55","yes",0
"bad",11,"rent",18,39,"married","yes","freelance",60,142,0,0,250,400,"yes",0.625,13.8888888888889,0.0978090766823161,82,"36-45","no",1
"bad",0,"owner",60,29,"married","yes","fixed",45,100,4500,0,1200,1406,"no",0.85348506401138,20,0.2,55,"26-35","yes",1
"bad",5,"rent",60,43,"single","no","freelance",39,42,0,0,1600,1872,"no",0.854700854700855,26.6666666666667,0.634920634920635,3,"36-45","no",1
"good",4,"owner",60,35,"married","no","fixed",60,251,6500,4000,1000,1123,"no",0.890471950133571,16.6666666666667,0.0664010624169987,191,"26-35","yes",0
"good",1,"parents",60,27,"single","no","fixed",35,180,0,0,1000,1067,"no",0.937207122774133,16.6666666666667,0.0925925925925926,145,"26-35","no",0
"bad",10,"parents",60,34,"married","yes","freelance",60,400,12000,0,2075,2253,"no",0.920994229915668,34.5833333333333,0.0864583333333333,340,"26-35","yes",1
"good",20,"rent",36,39,"married","no","fixed",91,158,0,0,380,580,"no",0.655172413793103,10.5555555555556,0.0668073136427567,67,"36-45","no",0
"good",1,"owner",36,51,"married","no","fixed",75,300,6000,0,1450,1992,"no",0.727911646586345,40.2777777777778,0.134259259259259,225,"46-55","yes",0
"good",15,"rent",12,35,"separated","no","fixed",44,90,9000,0,400,1400,"no",0.285714285714286,33.3333333333333,0.37037037037037,46,"26-35","yes",0
"good",12,"owner",60,33,"married","yes","freelance",90,146,15000,0,1150,1284,"no",0.895638629283489,19.1666666666667,0.131278538812785,56,"26-35","yes",0
"good",0,"owner",60,30,"married","yes","fixed",75,255,4000,0,1500,1749,"no",0.857632933104631,25,0.0980392156862745,180,"26-35","yes",0
"good",5,"owner",60,25,"single","no","freelance",35,250,14000,0,1400,2125,"no",0.658823529411765,23.3333333333333,0.0933333333333333,215,"18-25","yes",0
"good",6,"owner",60,53,"married","no","freelance",45,50,16000,0,1000,1505,"no",0.664451827242525,16.6666666666667,0.333333333333333,5,"46-55","yes",0
"good",6,"rent",60,26,"married","no","fixed",60,150,0,0,1200,1376,"no",0.872093023255814,20,0.133333333333333,90,"26-35","no",0
"good",1,"owner",60,61,"married","yes","freelance",45,142,50000,2900,1200,2154,"yes",0.557103064066852,20,0.140845070422535,97,"56+","yes",0
"good",35,"other",60,63,"widow","no","fixed",35,190,0,0,750,1138,"no",0.659050966608084,12.5,0.0657894736842105,155,"56+","no",0
"good",9,"rent",60,30,"married","no","fixed",63,178,0,0,1680,1931,"no",0.870015535991714,28,0.157303370786517,115,"26-35","no",0
"good",12,"owner",60,43,"married","yes","fixed",75,254,14000,2900,1200,1698,"no",0.706713780918728,20,0.078740157480315,179,"36-45","yes",0
"good",20,"rent",60,35,"single","no","fixed",56,110,0,0,1000,1279,"no",0.781860828772479,16.6666666666667,0.151515151515152,54,"26-35","no",0
"bad",15,"owner",36,49,"married","no","freelance",75,70,3572,1728,1650,2755,"no",0.598911070780399,45.8333333333333,0.654761904761905,-5,"46-55","yes",1
"bad",3,"rent",60,34,"married","yes","fixed",85,100,0,0,1000,1600,"no",0.625,16.6666666666667,0.166666666666667,15,"26-35","no",1
"good",2,"owner",60,26,"married","yes","fixed",60,137,4000,350,1200,2200,"no",0.545454545454545,20,0.145985401459854,77,"26-35","yes",0
"good",4,"rent",42,41,"married","no","freelance",90,142,10000,0,1300,2260,"yes",0.575221238938053,30.952380952381,0.217974513749162,52,"36-45","yes",0
"good",10,"owner",60,30,"married","yes","fixed",60,242,7500,0,1550,1904,"no",0.814075630252101,25.8333333333333,0.106749311294766,182,"26-35","yes",0
"good",9,"owner",60,51,"married","no","fixed",90,85,4000,0,1380,1580,"no",0.873417721518987,23,0.270588235294118,-5,"46-55","yes",0
"bad",35,"owner",36,51,"married","no","freelance",45,142,11700,0,1300,2810,"yes",0.462633451957295,36.1111111111111,0.254303599374022,97,"46-55","yes",1
"good",1,"rent",36,40,"married","no","fixed",58,125,0,0,700,700,"no",1,19.4444444444444,0.155555555555556,67,"36-45","no",0
"good",30,"parents",24,53,"married","no","freelance",90,428.98,0,0,600,1100,"no",0.545454545454545,25,0.0582777751876545,338.98,"46-55","no",0
"good",12,"other",60,33,"married","no","fixed",60,140,0,0,1650,1910,"no",0.863874345549738,27.5,0.196428571428571,80,"26-35","no",0
"bad",1,"rent",60,24,"married","no","fixed",52,70,0,0,1200,1360,"no",0.882352941176471,20,0.285714285714286,18,"18-25","no",1
"good",3,"rent",60,25,"married","no","fixed",60,150,0,0,700,1030,"no",0.679611650485437,11.6666666666667,0.0777777777777778,90,"18-25","no",0
"bad",15,"owner",36,44,"married","yes","fixed",90,245,4000,0,375,460,"no",0.815217391304348,10.4166666666667,0.0425170068027211,155,"36-45","yes",1
"good",2,"owner",60,33,"married","no","freelance",75,193,5000,0,1150,1339,"no",0.858849887976102,19.1666666666667,0.0993091537132988,118,"26-35","yes",0
"good",4,"parents",24,27,"single","no","fixed",35,110,0,0,370,525,"no",0.704761904761905,15.4166666666667,0.140151515151515,75,"26-35","no",0
"good",4,"rent",60,24,"married","no","fixed",52,70,0,0,1000,1315,"no",0.760456273764259,16.6666666666667,0.238095238095238,18,"18-25","no",0
"good",2,"rent",60,32,"married","no","partime",87,115,2000,0,1250,1517,"no",0.823994726433751,20.8333333333333,0.181159420289855,28,"26-35","yes",0
"bad",6,"parents",48,32,"single","yes","fixed",35,85,0,0,1100,1330,"no",0.827067669172932,22.9166666666667,0.269607843137255,50,"26-35","no",1
"good",6,"rent",60,36,"single","no","fixed",85,400,0,0,1000,1290,"no",0.775193798449612,16.6666666666667,0.0416666666666667,315,"36-45","no",0
"good",6,"parents",60,27,"single","no","fixed",35,130,0,0,1600,1900,"no",0.842105263157895,26.6666666666667,0.205128205128205,95,"26-35","no",0
"good",15,"rent",18,55,"married","no","freelance",102,120,20000,0,1150,1366,"no",0.841874084919473,63.8888888888889,0.532407407407407,18,"46-55","yes",0
"good",1,"rent",60,39,"married","yes","fixed",130,250,0,0,1900,3559.49,"no",0.533784334272607,31.6666666666667,0.126666666666667,120,"36-45","no",0
"good",16,"owner",48,36,"married","no","fixed",75,108,4000,0,500,1064,"no",0.469924812030075,10.4166666666667,0.0964506172839506,33,"36-45","yes",0
"good",12,"owner",60,38,"married","no","freelance",75,225,4500,900,1000,1606,"no",0.62266500622665,16.6666666666667,0.0740740740740741,150,"36-45","yes",0
"bad",2,"owner",36,37,"married","no","partime",105,300,5000,0,1000,1570,"no",0.636942675159236,27.7777777777778,0.0925925925925926,195,"36-45","yes",1
"good",20,"owner",60,36,"married","no","fixed",75,250,2500,0,1350,1381,"no",0.977552498189718,22.5,0.09,175,"36-45","yes",0
"good",2,"owner",24,49,"single","no","freelance",35,150,32000,0,800,816,"no",0.980392156862745,33.3333333333333,0.222222222222222,115,"46-55","yes",0
"bad",4,"owner",48,27,"married","no","freelance",75,142,3000,2000,900,1150,"yes",0.782608695652174,18.75,0.132042253521127,67,"26-35","yes",1
"bad",15,"rent",60,37,"married","yes","fixed",107,319,0,0,1800,2215,"no",0.812641083521445,30,0.0940438871473354,212,"36-45","no",1
"bad",20,"rent",60,49,"married","no","fixed",85,100,0,0,1420,1586,"no",0.895334174022699,23.6666666666667,0.236666666666667,15,"46-55","no",1
"good",4,"rent",12,28,"single","no","fixed",40,51,0,0,300,1469,"no",0.204220558202859,25,0.490196078431373,11,"26-35","no",0
"good",12,"owner",60,27,"married","no","fixed",45,145,3500,0,1000,1556,"no",0.6426735218509,16.6666666666667,0.114942528735632,100,"26-35","yes",0
"good",10,"rent",48,47,"single","no","fixed",52,168,6000,0,850,1720,"no",0.494186046511628,17.7083333333333,0.105406746031746,116,"46-55","yes",0
"good",1,"rent",60,44,"married","no","fixed",65,54,0,0,1550,1650,"no",0.939393939393939,25.8333333333333,0.478395061728395,-11,"36-45","no",0
"good",3,"rent",48,29,"married","no","fixed",85,100,0,0,1000,1191,"no",0.839630562552477,20.8333333333333,0.208333333333333,15,"26-35","no",0
"good",12,"parents",60,35,"married","no","fixed",60,115,0,0,1000,1127,"no",0.887311446317657,16.6666666666667,0.144927536231884,55,"26-35","no",0
"bad",0,"owner",24,47,"separated","no","freelance",35,142,20000,4000,900,1100,"yes",0.818181818181818,37.5,0.264084507042254,107,"46-55","yes",1
"good",10,"owner",48,31,"married","no","fixed",60,180,7500,1200,1000,1480,"no",0.675675675675676,20.8333333333333,0.115740740740741,120,"26-35","yes",0
"bad",3,"parents",60,23,"single","no","fixed",35,63,0,0,800,1258,"no",0.635930047694754,13.3333333333333,0.211640211640212,28,"18-25","no",1
"good",5,"owner",48,46,"married","no","fixed",60,130,4000,0,950,1544,"no",0.615284974093264,19.7916666666667,0.15224358974359,70,"46-55","yes",0
"good",20,"owner",60,50,"married","no","fixed",60,170,6000,0,1300,1404,"no",0.925925925925926,21.6666666666667,0.127450980392157,110,"46-55","yes",0
"good",3,"owner",48,26,"single","no","fixed",35,157,7000,0,1200,2053,"no",0.584510472479299,25,0.159235668789809,122,"26-35","yes",0
"bad",0,"other",36,36,"single","no","freelance",35,142,0,0,1250,1575,"yes",0.793650793650794,34.7222222222222,0.24452269170579,107,"36-45","no",1
"bad",9,"owner",60,28,"married","no","fixed",90,64,1750,0,1055,1430,"no",0.737762237762238,17.5833333333333,0.274739583333333,-26,"26-35","yes",1
"bad",0,"other",60,36,"married","no","partime",45,95.5,0,0,1400,1409,"yes",0.99361249112846,23.3333333333333,0.244328097731239,50.5,"36-45","no",1
"good",0,"owner",48,61,"widow","no","others",35,37.51,4000,200,650,962,"no",0.675675675675676,13.5416666666667,0.361014840486981,2.51,"56+","yes",0
"good",15,"other",24,46,"married","no","fixed",75,150,18000,0,1400,1400,"no",1,58.3333333333333,0.388888888888889,75,"46-55","yes",0
"good",4,"owner",12,25,"married","no","fixed",45,65,2000,0,350,1571,"no",0.222788033099936,29.1666666666667,0.448717948717949,20,"18-25","yes",0
"good",5,"parents",36,22,"single","no","fixed",35,100,0,0,1000,1200,"no",0.833333333333333,27.7777777777778,0.277777777777778,65,"18-25","no",0
"good",11,"rent",60,38,"married","no","fixed",91,160,0,0,600,1200,"no",0.5,10,0.0625,69,"36-45","no",0
"bad",20,"other",60,57,"married","no","others",60,215,11000,0,1600,1842,"no",0.868621064060804,26.6666666666667,0.124031007751938,155,"56+","yes",1
"good",4,"owner",48,26,"married","no","fixed",75,112,4000,0,750,841,"no",0.89179548156956,15.625,0.139508928571429,37,"26-35","yes",0
"bad",2,"other",60,24,"married","no","partime",45,126,0,0,1450,1585,"no",0.914826498422713,24.1666666666667,0.191798941798942,81,"18-25","no",1
"good",14,"owner",60,51,"married","no","fixed",90,150,3500,0,950,957,"no",0.992685475444096,15.8333333333333,0.105555555555556,60,"46-55","yes",0
"good",4,"owner",24,26,"single","no","fixed",35,136,2500,0,450,950,"no",0.473684210526316,18.75,0.137867647058824,101,"26-35","yes",0
"good",10,"owner",60,46,"widow","no","freelance",45,123,3500,0,1100,1375,"no",0.8,18.3333333333333,0.149051490514905,78,"46-55","yes",0
"bad",12,"owner",60,37,"married","no","fixed",90,80,5000,0,1600,1800,"no",0.888888888888889,26.6666666666667,0.333333333333333,-10,"36-45","yes",1
"good",6,"owner",48,55,"married","no","freelance",45,72,16000,0,1760,2212,"no",0.795660036166365,36.6666666666667,0.509259259259259,27,"46-55","yes",0
"good",14,"priv",60,38,"married","no","fixed",60,110,8000,400,450,1133,"no",0.397175639894086,7.5,0.0681818181818182,50,"36-45","yes",0
"bad",5,"rent",60,24,"married","no","fixed",56,111,0,0,1000,1570,"no",0.636942675159236,16.6666666666667,0.15015015015015,55,"18-25","no",1
"bad",5,"parents",36,27,"single","no","partime",35,60,0,0,500,1569,"no",0.318674314850223,13.8888888888889,0.231481481481481,25,"26-35","no",1
"bad",0,"other",48,43,"married","no","fixed",75,126,0,0,1400,1590,"yes",0.880503144654088,29.1666666666667,0.231481481481481,51,"36-45","no",1
"bad",0,"other",60,52,"married","yes","fixed",45,126,0,0,1400,1734,"yes",0.807381776239908,23.3333333333333,0.185185185185185,81,"46-55","no",1
"bad",30,"owner",18,57,"married","yes","freelance",75,290,3000,0,350,450,"no",0.777777777777778,19.4444444444444,0.0670498084291188,215,"56+","yes",1
"bad",1,"priv",48,36,"single","yes","fixed",35,173,7700,0,1000,2008,"no",0.49800796812749,20.8333333333333,0.120423892100193,138,"36-45","yes",1
"good",20,"owner",18,62,"married","no","fixed",60,125,5000,0,500,1150,"no",0.434782608695652,27.7777777777778,0.222222222222222,65,"56+","yes",0
"good",2,"parents",24,19,"single","no","partime",35,60,0,0,530,630,"no",0.841269841269841,22.0833333333333,0.368055555555556,25,"18-25","no",0
"good",0,"priv",60,32,"married","no","partime",75,160,6000,0,1200,1571,"no",0.763844684914067,20,0.125,85,"26-35","yes",0
"bad",3,"rent",48,43,"married","no","partime",73,126,0,0,1300,1770,"no",0.734463276836158,27.0833333333333,0.21494708994709,53,"36-45","no",1
"good",6,"owner",36,34,"married","yes","fixed",60,148,9000,4090,500,1600,"no",0.3125,13.8888888888889,0.0938438438438439,88,"26-35","yes",0
"good",11,"owner",48,34,"married","no","fixed",75,170,3500,435,1500,1627,"no",0.921942224953903,31.25,0.183823529411765,95,"26-35","yes",0
"good",6,"rent",24,34,"married","no","fixed",68,230,0,0,500,1094,"no",0.457038391224863,20.8333333333333,0.0905797101449275,162,"26-35","no",0
"good",9,"owner",60,30,"married","no","freelance",60,166,4000,1500,1350,1570,"no",0.859872611464968,22.5,0.135542168674699,106,"26-35","yes",0
"bad",9,"owner",60,40,"separated","yes","fixed",35,67,1600,0,800,935,"no",0.855614973262032,13.3333333333333,0.199004975124378,32,"36-45","yes",1
"bad",2,"rent",60,42,"single","yes","fixed",35,126,0,0,1900,2259,"yes",0.84108012394865,31.6666666666667,0.251322751322751,91,"36-45","no",1
"good",18,"owner",36,49,"married","no","fixed",60,80,15000,0,800,1419,"no",0.563777307963354,22.2222222222222,0.277777777777778,20,"46-55","yes",0
"bad",10,"rent",48,40,"married","no","partime",66,60,0,0,500,820,"no",0.609756097560976,10.4166666666667,0.173611111111111,-6,"36-45","no",1
"good",1,"parents",60,24,"single","no","fixed",35,91,0,0,900,1060,"no",0.849056603773585,15,0.164835164835165,56,"18-25","no",0
"good",0,"parents",12,35,"single","no","partime",35,96,0,0,350,600,"no",0.583333333333333,29.1666666666667,0.303819444444444,61,"26-35","no",0
"good",3,"parents",60,36,"married","no","fixed",75,180,0,0,1200,1372,"no",0.87463556851312,20,0.111111111111111,105,"36-45","no",0
"good",40,"owner",24,62,"married","no","freelance",60,130,15000,0,250,758,"no",0.329815303430079,10.4166666666667,0.0801282051282051,70,"56+","yes",0
"good",4,"owner",60,24,"married","no","partime",45,67,4000,2000,1000,1164,"no",0.859106529209622,16.6666666666667,0.248756218905473,22,"18-25","yes",0
"bad",14,"owner",60,44,"married","no","fixed",75,100,3500,0,1210,1450,"no",0.83448275862069,20.1666666666667,0.201666666666667,25,"36-45","yes",1
"good",5,"owner",60,57,"married","no","fixed",60,428.98,18000,0,2000,2125,"no",0.941176470588235,33.3333333333333,0.077703700250206,368.98,"56+","yes",0
"good",11,"owner",60,25,"married","no","fixed",45,125,2500,700,1300,1557,"no",0.834938985228003,21.6666666666667,0.173333333333333,80,"18-25","yes",0
"good",1,"owner",48,30,"married","no","freelance",60,37.51,4000,0,900,1700,"no",0.529411764705882,18.75,0.499866702212743,-22.49,"26-35","yes",0
"bad",6,"rent",48,65,"married","no","others",69,237,0,0,1571,1571,"no",1,32.7291666666667,0.138097749648383,168,"56+","no",1
"good",13,"parents",60,32,"married","no","fixed",60,152,0,0,900,1654,"no",0.544135429262394,15,0.0986842105263158,92,"26-35","no",0
"good",2,"owner",24,43,"married","no","fixed",60,95,3000,0,300,375,"no",0.8,12.5,0.131578947368421,35,"36-45","yes",0
"good",10,"rent",30,48,"married","no","fixed",74,139,5000,0,300,420,"no",0.714285714285714,10,0.0719424460431655,65,"46-55","yes",0
"bad",0,"parents",48,25,"single","no","freelance",45,145,7000,0,1700,2173,"no",0.782328578002761,35.4166666666667,0.244252873563218,100,"18-25","yes",1
"bad",0,"other",36,36,"married","yes","freelance",45,300,30000,0,2500,3559.49,"no",0.70234780825343,69.4444444444444,0.231481481481481,255,"36-45","yes",1
"good",12,"owner",24,47,"married","no","fixed",60,135,2500,0,550,1061,"no",0.518378887841659,22.9166666666667,0.169753086419753,75,"46-55","yes",0
"good",4,"parents",60,22,"single","no","fixed",35,80,0,0,1200,1425,"no",0.842105263157895,20,0.25,45,"18-25","no",0
"good",22,"owner",36,47,"married","no","fixed",60,100,2250,0,450,546,"no",0.824175824175824,12.5,0.125,40,"46-55","yes",0
"bad",4,"owner",6,42,"married","no","fixed",45,275,4800,1200,2400,3400,"no",0.705882352941177,400,1.45454545454545,230,"36-45","yes",1
"bad",2,"owner",48,40,"married","yes","fixed",90,250,9000,4774.49999999999,1250,1776,"no",0.703828828828829,26.0416666666667,0.104166666666667,160,"36-45","yes",1
"good",3,"owner",36,40,"married","no","fixed",75,125,3500,0,800,1200,"no",0.666666666666667,22.2222222222222,0.177777777777778,50,"36-45","yes",0
"bad",18,"owner",48,43,"married","no","fixed",90,100,3500,0,1400,1403,"no",0.997861724875267,29.1666666666667,0.291666666666667,10,"36-45","yes",1
"bad",4,"rent",60,38,"married","yes","fixed",118,130,0,0,900,1086,"no",0.828729281767956,15,0.115384615384615,12,"36-45","no",1
"good",14,"other",60,41,"married","yes","fixed",75,131,0,0,1200,1200,"no",1,20,0.152671755725191,56,"36-45","no",0
"good",4,"owner",60,55,"married","no","freelance",60,350,13000,3000,1700,2200,"no",0.772727272727273,28.3333333333333,0.0809523809523809,290,"46-55","yes",0
"good",5,"parents",60,32,"married","no","freelance",60,428.98,0,0,1400,2360,"no",0.593220338983051,23.3333333333333,0.0543925901751442,368.98,"26-35","no",0
"good",3,"parents",18,42,"married","no","freelance",75,276,1500,0,750,1758,"no",0.426621160409556,41.6666666666667,0.150966183574879,201,"36-45","yes",0
"good",3,"parents",60,23,"single","no","fixed",35,107,0,0,700,1783,"no",0.392596747055524,11.6666666666667,0.109034267912773,72,"18-25","no",0
"bad",7,"rent",60,41,"married","no","freelance",45,142,0,0,1100,1108,"yes",0.992779783393502,18.3333333333333,0.129107981220657,97,"36-45","no",1
"good",15,"owner",60,50,"widow","no","fixed",45,156,9800,0,700,1136,"no",0.616197183098592,11.6666666666667,0.0747863247863248,111,"46-55","yes",0
"good",18,"owner",60,49,"married","no","fixed",90,110,5200,600,1350,1557,"no",0.867052023121387,22.5,0.204545454545455,20,"46-55","yes",0
"good",27,"owner",48,62,"married","no","fixed",60,260,4000,500,800,886,"no",0.90293453724605,16.6666666666667,0.0641025641025641,200,"56+","yes",0
"good",2,"owner",60,43,"married","no","partime",45,95.5,16000,0,1000,1490,"yes",0.671140939597315,16.6666666666667,0.174520069808028,50.5,"36-45","yes",0
"good",5,"rent",36,23,"married","no","fixed",68,81,0,0,400,400,"no",1,11.1111111111111,0.137174211248285,13,"18-25","no",0
"bad",1,"owner",60,33,"married","no","partime",75,76,2500,550,800,1105,"no",0.723981900452489,13.3333333333333,0.175438596491228,1,"26-35","yes",1
"good",6,"other",60,25,"married","no","fixed",60,98,0,0,600,1131,"no",0.530503978779841,10,0.102040816326531,38,"18-25","no",0
"bad",0,"owner",18,50,"married","no","freelance",135,142,2000,0,700,1256,"yes",0.557324840764331,38.8888888888889,0.273865414710485,7,"46-55","yes",1
"good",22,"owner",60,37,"married","no","fixed",60,132,6000,1500,1400,1571,"no",0.891152132399745,23.3333333333333,0.176767676767677,72,"36-45","yes",0
"good",5,"parents",36,27,"single","no","fixed",35,105,9500,2350,1000,1443,"no",0.693000693000693,27.7777777777778,0.264550264550265,70,"26-35","yes",0
"good",3,"owner",60,47,"married","no","fixed",75,300,8000,0,1060,1160,"no",0.913793103448276,17.6666666666667,0.0588888888888889,225,"46-55","yes",0
"good",1,"parents",48,22,"married","no","fixed",45,117,0,0,768,896,"no",0.857142857142857,16,0.136752136752137,72,"18-25","no",0
"good",20,"other",60,39,"married","no","fixed",60,119,0,0,1300,1639,"no",0.793166564978645,21.6666666666667,0.182072829131653,59,"36-45","no",0
"good",0,"owner",24,46,"married","no","fixed",90,140,30000,0,350,1571,"no",0.222788033099936,14.5833333333333,0.104166666666667,50,"46-55","yes",0
"bad",1,"parents",48,19,"single","no","fixed",35,70,0,0,1000,1075,"no",0.930232558139535,20.8333333333333,0.297619047619048,35,"18-25","no",1
"good",8,"owner",60,24,"single","no","freelance",35,265,8000,0,1200,1590,"no",0.754716981132076,20,0.0754716981132075,230,"18-25","yes",0
"good",12,"rent",36,43,"married","no","fixed",78,180,0,0,1600,2200,"no",0.727272727272727,44.4444444444444,0.246913580246914,102,"36-45","no",0
"good",1,"owner",36,42,"married","no","partime",60,62,3000,0,300,450,"no",0.666666666666667,8.33333333333333,0.134408602150538,2,"36-45","yes",0
"good",5,"priv",24,32,"single","no","freelance",35,189,7750,3900,1000,1536,"no",0.651041666666667,41.6666666666667,0.220458553791887,154,"26-35","yes",0
"bad",1,"rent",60,27,"single","no","fixed",43,75,0,0,1000,1375,"no",0.727272727272727,16.6666666666667,0.222222222222222,32,"26-35","no",1
"bad",0,"parents",60,34,"single","no","partime",35,70,0,0,900,1005,"no",0.895522388059702,15,0.214285714285714,35,"26-35","no",1
"good",10,"owner",60,43,"married","no","fixed",75,188,5000,0,1000,1264,"no",0.791139240506329,16.6666666666667,0.0886524822695035,113,"36-45","yes",0
"good",5,"parents",36,21,"single","no","fixed",35,150,0,0,1000,1313,"no",0.761614623000762,27.7777777777778,0.185185185185185,115,"18-25","no",0
"good",13,"owner",48,36,"married","no","fixed",45,124,3000,0,700,1365,"no",0.512820512820513,14.5833333333333,0.11760752688172,79,"36-45","yes",0
"good",3,"parents",60,23,"single","no","fixed",45,113,4000,0,900,1105,"no",0.81447963800905,15,0.132743362831858,68,"18-25","yes",0
"good",15,"other",24,40,"married","no","fixed",75,98,0,0,500,1100,"no",0.454545454545455,20.8333333333333,0.212585034013605,23,"36-45","no",0
"good",6,"parents",24,25,"single","no","fixed",35,126,5000,0,850,1480,"yes",0.574324324324324,35.4166666666667,0.281084656084656,91,"18-25","yes",0
"good",12,"priv",60,38,"married","yes","fixed",90,195,1500,200,1150,1310,"no",0.877862595419847,19.1666666666667,0.0982905982905983,105,"36-45","yes",0
"good",2,"rent",36,58,"married","no","others",61,159,10000,0,950,1265,"no",0.75098814229249,26.3888888888889,0.1659678546471,98,"56+","yes",0
"bad",2,"priv",24,41,"married","yes","freelance",135,428.98,2000,500,1050,1474,"no",0.712347354138399,43.75,0.101986106578395,293.98,"36-45","yes",1
"good",20,"rent",36,39,"married","no","freelance",92,170,12000,0,950,980,"no",0.969387755102041,26.3888888888889,0.155228758169935,78,"36-45","yes",0
"good",1,"parents",24,19,"single","no","fixed",35,37.51,0,0,400,600,"no",0.666666666666667,16.6666666666667,0.444325957522439,2.51,"18-25","no",0
"bad",2,"rent",48,31,"married","no","freelance",102,268,0,0,1400,1635,"no",0.856269113149847,29.1666666666667,0.108830845771144,166,"26-35","no",1
"bad",0,"owner",48,28,"married","no","partime",60,155,4500,1641,800,1376,"no",0.581395348837209,16.6666666666667,0.10752688172043,95,"26-35","yes",1
"good",24,"rent",36,49,"married","no","fixed",84,240,0,0,675,675,"no",1,18.75,0.078125,156,"46-55","no",0
"good",0,"owner",60,47,"married","yes","fixed",90,428.98,20000,0,1800,2000,"no",0.9,30,0.0699333302251854,338.98,"46-55","yes",0
"bad",4,"owner",60,42,"married","no","fixed",75,135,4000,0,978,978,"no",1,16.3,0.120740740740741,60,"36-45","yes",1
"bad",3,"parents",60,25,"single","no","partime",35,225,0,0,1130,1130,"no",1,18.8333333333333,0.0837037037037037,190,"18-25","no",1
"good",3,"owner",48,48,"married","no","freelance",45,100,4000,0,1600,2600,"no",0.615384615384615,33.3333333333333,0.333333333333333,55,"46-55","yes",0
"good",30,"owner",36,52,"married","no","fixed",60,190,5000,0,800,950,"no",0.842105263157895,22.2222222222222,0.116959064327485,130,"46-55","yes",0
"bad",1,"owner",60,37,"married","no","freelance",60,200,9000,0,1400,1493,"no",0.937709310113865,23.3333333333333,0.116666666666667,140,"36-45","yes",1
"good",4,"rent",36,45,"married","no","fixed",105,154,12000,0,600,2240,"no",0.267857142857143,16.6666666666667,0.108225108225108,49,"36-45","yes",0
"good",13,"owner",60,30,"married","no","fixed",45,210,14000,0,1100,1224,"no",0.898692810457516,18.3333333333333,0.0873015873015873,165,"26-35","yes",0
"bad",4,"rent",36,38,"married","yes","fixed",60,145,0,0,650,1000,"no",0.65,18.0555555555556,0.124521072796935,85,"36-45","no",1
"bad",22,"owner",60,50,"married","no","fixed",90,210,16000,0,2100,2500,"no",0.84,35,0.166666666666667,120,"46-55","yes",1
"bad",1,"parents",60,29,"married","yes","partime",35,102,0,0,1100,1120,"no",0.982142857142857,18.3333333333333,0.179738562091503,67,"26-35","no",1
"bad",10,"rent",24,52,"married","no","freelance",45,142,2000,0,400,1242,"yes",0.322061191626409,16.6666666666667,0.117370892018779,97,"46-55","yes",1
"good",0,"owner",36,42,"married","no","fixed",105,75,10000,0,400,725,"no",0.551724137931034,11.1111111111111,0.148148148148148,-30,"36-45","yes",0
"good",0,"owner",36,37,"married","no","freelance",75,150,7000,1500,500,720,"no",0.694444444444444,13.8888888888889,0.0925925925925926,75,"36-45","yes",0
"good",1,"parents",36,36,"single","no","fixed",35,120,0,0,1000,2470,"no",0.404858299595142,27.7777777777778,0.231481481481481,85,"36-45","no",0
"bad",15,"rent",60,33,"married","yes","freelance",64,37.51,0,0,1150,1150,"no",1,19.1666666666667,0.510974851150804,-26.49,"26-35","no",1
"good",15,"owner",36,41,"married","no","freelance",90,129,16000,0,1000,1655,"no",0.604229607250755,27.7777777777778,0.215331610680448,39,"36-45","yes",0
"good",6,"parents",60,23,"married","no","fixed",45,125,0,0,900,1389,"no",0.647948164146868,15,0.12,80,"18-25","no",0
"good",8,"other",48,30,"married","no","fixed",75,156,0,0,1100,1310,"no",0.83969465648855,22.9166666666667,0.146901709401709,81,"26-35","no",0
"bad",12,"owner",60,27,"married","no","fixed",60,72,2500,1300,750,758,"no",0.989445910290237,12.5,0.173611111111111,12,"26-35","yes",1
"good",8,"other",24,33,"married","no","fixed",75,166,0,0,1150,1770,"no",0.649717514124294,47.9166666666667,0.288654618473896,91,"26-35","no",0
"bad",1,"parents",36,23,"single","no","partime",35,75,0,0,350,425,"no",0.823529411764706,9.72222222222222,0.12962962962963,40,"18-25","no",1
"good",22,"owner",24,41,"married","no","fixed",90,125,4700,400,250,1035,"no",0.241545893719807,10.4166666666667,0.0833333333333333,35,"36-45","yes",0
"good",20,"rent",60,52,"married","no","freelance",70,250,4100,0,1200,1226,"no",0.978792822185971,20,0.08,180,"46-55","yes",0
"good",25,"owner",36,58,"married","no","fixed",45,128,30000,0,1500,1750,"no",0.857142857142857,41.6666666666667,0.325520833333333,83,"56+","yes",0
"good",11,"owner",36,46,"married","no","fixed",60,155,16500,0,1000,1800,"no",0.555555555555556,27.7777777777778,0.17921146953405,95,"46-55","yes",0
"good",4,"owner",60,28,"married","no","fixed",60,428.98,22000,4774.49999999999,600,2150,"no",0.27906976744186,10,0.0233111100750618,368.98,"26-35","yes",0
"good",9,"owner",48,38,"married","no","fixed",75,360,8000,4000,1700,1713,"no",0.99241097489784,35.4166666666667,0.0983796296296296,285,"36-45","yes",0
"bad",1,"rent",36,39,"married","no","fixed",85,100,0,0,600,975,"no",0.615384615384615,16.6666666666667,0.166666666666667,15,"36-45","no",1
"good",10,"rent",60,24,"married","no","fixed",53,80,0,0,400,650,"no",0.615384615384615,6.66666666666667,0.0833333333333333,27,"18-25","no",0
"good",4,"owner",60,41,"married","no","fixed",90,250,10000,2000,800,916,"no",0.873362445414847,13.3333333333333,0.0533333333333333,160,"36-45","yes",0
"good",24,"other",36,51,"married","no","fixed",45,105,0,0,625,625,"no",1,17.3611111111111,0.165343915343915,60,"46-55","no",0
"good",30,"owner",36,56,"married","yes","freelance",105,300,30000,1300,1100,1318,"no",0.834597875569044,30.5555555555556,0.101851851851852,195,"56+","yes",0
"good",1,"other",24,24,"married","no","freelance",60,137,0,0,300,750,"no",0.4,12.5,0.0912408759124088,77,"18-25","no",0
"good",20,"owner",12,49,"married","no","fixed",90,110,15000,0,200,375,"no",0.533333333333333,16.6666666666667,0.151515151515152,20,"46-55","yes",0
"good",1,"owner",36,21,"single","no","fixed",35,127,10000,0,850,1014,"no",0.838264299802761,23.6111111111111,0.18591426071741,92,"18-25","yes",0
"bad",13,"owner",60,34,"separated","no","fixed",35,56,7000,1500,1250,1525,"no",0.819672131147541,20.8333333333333,0.372023809523809,21,"26-35","yes",1
"good",1,"owner",60,38,"married","no","fixed",90,75,5000,0,1000,1144,"no",0.874125874125874,16.6666666666667,0.222222222222222,-15,"36-45","yes",0
"good",2,"owner",36,58,"widow","no","others",35,52,4000,0,400,550,"no",0.727272727272727,11.1111111111111,0.213675213675214,17,"56+","yes",0
"good",0,"parents",60,39,"single","no","fixed",35,100,0,0,1000,1556,"no",0.6426735218509,16.6666666666667,0.166666666666667,65,"36-45","no",0
"good",14,"rent",60,60,"married","no","fixed",62,170,8000,0,915,1396,"no",0.655444126074499,15.25,0.0897058823529412,108,"56+","yes",0
"good",6,"priv",60,23,"single","no","fixed",35,150,5050,3800,1000,2470,"no",0.404858299595142,16.6666666666667,0.111111111111111,115,"18-25","yes",0
"good",17,"owner",12,37,"married","no","fixed",75,188,7000,1000,600,1890,"no",0.317460317460317,50,0.265957446808511,113,"36-45","yes",0
"good",8,"priv",36,48,"married","yes","fixed",75,175,1000,0,475,575,"no",0.826086956521739,13.1944444444444,0.0753968253968254,100,"46-55","yes",0
"good",4,"parents",60,26,"married","no","fixed",45,64,0,0,1150,1294,"no",0.8887171561051,19.1666666666667,0.299479166666667,19,"26-35","no",0
"bad",1,"parents",36,23,"single","no","partime",35,110,0,0,650,710,"no",0.915492957746479,18.0555555555556,0.164141414141414,75,"18-25","no",1
"good",13,"owner",60,34,"married","no","fixed",45,186,3000,0,1900,2600,"no",0.730769230769231,31.6666666666667,0.170250896057348,141,"26-35","yes",0
"good",19,"owner",60,46,"single","no","fixed",75,140,6000,0,1800,1849,"no",0.973499188750676,30,0.214285714285714,65,"46-55","yes",0
"good",12,"owner",12,51,"married","no","freelance",45,200,2000,0,350,450,"no",0.777777777777778,29.1666666666667,0.145833333333333,155,"46-55","yes",0
"good",13,"owner",60,45,"married","no","fixed",90,135,4750,3500,1100,1369,"no",0.803506208911614,18.3333333333333,0.135802469135802,45,"36-45","yes",0
"good",4,"owner",60,55,"married","no","fixed",45,130,9000,0,1800,2281,"no",0.789127575624726,30,0.230769230769231,85,"46-55","yes",0
"bad",0,"owner",48,39,"married","no","freelance",60,200,5500,0,2500,3559.49,"no",0.70234780825343,52.0833333333333,0.260416666666667,140,"36-45","yes",1
"good",6,"parents",60,33,"married","yes","partime",60,95.5,0,0,1250,1332,"yes",0.938438438438438,20.8333333333333,0.218150087260035,35.5,"26-35","no",0
"good",12,"rent",36,52,"married","no","freelance",75,142,3500,0,200,1240,"yes",0.161290322580645,5.55555555555556,0.0391236306729264,67,"46-55","yes",0
"good",11,"owner",60,26,"married","no","fixed",45,90,3000,0,900,931,"no",0.966702470461869,15,0.166666666666667,45,"26-35","yes",0
"good",31,"owner",60,47,"married","no","fixed",60,175,8000,1500,1000,1330,"no",0.75187969924812,16.6666666666667,0.0952380952380952,115,"46-55","yes",0
"good",2,"owner",18,31,"married","no","partime",90,197,5000,300,860,1192,"no",0.721476510067114,47.7777777777778,0.242526790750141,107,"26-35","yes",0
"bad",3,"owner",48,50,"married","no","fixed",90,125,12000,0,800,950,"no",0.842105263157895,16.6666666666667,0.133333333333333,35,"46-55","yes",1
"good",6,"owner",36,39,"married","yes","freelance",45,170,14000,1200,1100,1900,"no",0.578947368421053,30.5555555555556,0.179738562091503,125,"36-45","yes",0
"bad",10,"rent",48,36,"married","yes","freelance",100,247,0,0,1500,1810,"no",0.828729281767956,31.25,0.126518218623482,147,"36-45","no",1
"bad",0,"other",60,47,"married","yes","others",45,250,50000,0,1300,1700,"no",0.764705882352941,21.6666666666667,0.0866666666666667,205,"46-55","yes",1
"good",20,"owner",24,45,"married","no","fixed",75,130,5000,0,450,1318,"no",0.341426403641882,18.75,0.144230769230769,55,"36-45","yes",0
"good",8,"other",24,40,"married","yes","fixed",75,207,0,0,600,750,"no",0.8,25,0.120772946859903,132,"36-45","no",0
"bad",15,"rent",60,36,"married","yes","freelance",97,65,0,0,1000,1168,"no",0.856164383561644,16.6666666666667,0.256410256410256,-32,"36-45","no",1
"good",2,"owner",36,43,"married","yes","freelance",90,180,8000,560,700,1300,"no",0.538461538461538,19.4444444444444,0.108024691358025,90,"36-45","yes",0
"bad",4,"owner",48,44,"married","no","freelance",60,250,40000,4774.49999999999,700,1111,"no",0.63006300630063,14.5833333333333,0.0583333333333333,190,"36-45","yes",1
"good",1,"owner",60,55,"married","no","others",45,129,3000,0,970,1264,"no",0.767405063291139,16.1666666666667,0.125322997416021,84,"46-55","yes",0
"bad",0,"rent",60,32,"married","no","freelance",90,142,0,0,1600,1692,"yes",0.945626477541371,26.6666666666667,0.187793427230047,52,"26-35","no",1
"bad",1,"other",48,26,"single","no","partime",35,116,2000,0,1100,1123,"no",0.979519145146928,22.9166666666667,0.197557471264368,81,"26-35","yes",1
"good",9,"owner",60,33,"married","no","fixed",75,88,2500,0,1000,1386,"no",0.721500721500722,16.6666666666667,0.189393939393939,13,"26-35","yes",0
"good",11,"rent",24,27,"married","no","partime",72,120,0,0,900,1395,"no",0.645161290322581,37.5,0.3125,48,"26-35","no",0
"bad",2,"rent",60,24,"married","no","fixed",70,100,0,0,900,1127,"no",0.798580301685892,15,0.15,30,"18-25","no",1
"good",0,"owner",60,29,"married","no","fixed",60,100,5000,0,800,960,"no",0.833333333333333,13.3333333333333,0.133333333333333,40,"26-35","yes",0
"bad",1,"parents",60,20,"single","no","freelance",35,113,13000,0,1500,2179,"no",0.688389169343736,25,0.221238938053097,78,"18-25","yes",1
"good",20,"owner",36,46,"married","yes","freelance",105,80,9000,0,850,886,"no",0.959367945823928,23.6111111111111,0.295138888888889,-25,"46-55","yes",0
"good",30,"owner",60,62,"married","no","fixed",60,150,3200,400,800,1314,"no",0.60882800608828,13.3333333333333,0.0888888888888889,90,"56+","yes",0
"bad",0,"other",36,49,"married","yes","freelance",75,142,0,0,2400,2800,"yes",0.857142857142857,66.6666666666667,0.469483568075117,67,"46-55","no",1
"good",2,"parents",60,27,"single","no","fixed",35,71,3500,0,600,960,"no",0.625,10,0.140845070422535,36,"26-35","yes",0
"bad",1,"rent",60,52,"divorced","no","fixed",55,99,0,0,750,873,"no",0.859106529209622,12.5,0.126262626262626,44,"46-55","no",1
"good",2,"other",36,26,"single","no","fixed",35,63,0,0,300,1111,"no",0.27002700270027,8.33333333333333,0.132275132275132,28,"26-35","no",0
"bad",5,"owner",60,43,"married","yes","freelance",75,166,7000,700,1000,1040,"no",0.961538461538462,16.6666666666667,0.100401606425703,91,"36-45","yes",1
"good",15,"parents",60,34,"married","no","fixed",45,108,0,0,1000,1995,"no",0.50125313283208,16.6666666666667,0.154320987654321,63,"26-35","no",0
"good",15,"rent",60,37,"married","no","fixed",58,134,500,0,900,1333,"no",0.675168792198049,15,0.111940298507463,76,"36-45","yes",0
"good",5,"rent",36,37,"married","no","fixed",74,138,0,0,900,1358,"no",0.662739322533137,25,0.181159420289855,64,"36-45","no",0
"good",3,"owner",48,39,"married","no","fixed",60,110,3000,0,1270,1613,"no",0.78735275883447,26.4583333333333,0.240530303030303,50,"36-45","yes",0
"good",2,"owner",60,26,"married","no","fixed",45,160,3500,0,1300,1855,"no",0.700808625336927,21.6666666666667,0.135416666666667,115,"26-35","yes",0
"good",2,"owner",60,34,"married","no","fixed",60,176,4000,450,1800,2271,"no",0.792602377807133,30,0.170454545454545,116,"26-35","yes",0
"bad",1,"parents",60,30,"separated","no","partime",35,70,0,0,925,925,"no",1,15.4166666666667,0.220238095238095,35,"26-35","no",1
"good",4,"rent",60,26,"married","no","fixed",51,60,0,0,1750,1950,"no",0.897435897435897,29.1666666666667,0.486111111111111,9,"26-35","no",0
"good",20,"other",6,58,"married","yes","fixed",45,130,0,0,500,2058,"no",0.242954324586978,83.3333333333333,0.641025641025641,85,"56+","no",0
"good",1,"parents",60,36,"single","no","fixed",35,176,0,0,1100,1600,"no",0.6875,18.3333333333333,0.104166666666667,141,"36-45","no",0
"good",13,"owner",60,40,"married","no","fixed",90,130,3000,0,800,860,"no",0.930232558139535,13.3333333333333,0.102564102564103,40,"36-45","yes",0
"good",7,"owner",36,49,"widow","no","fixed",35,108,12000,0,350,875,"no",0.4,9.72222222222222,0.0900205761316872,73,"46-55","yes",0
"good",15,"owner",60,55,"married","no","freelance",60,142,6500,3650,1200,1710,"yes",0.701754385964912,20,0.140845070422535,82,"46-55","yes",0
"good",1,"owner",60,25,"married","no","freelance",60,150,10000,2000,1000,1260,"no",0.793650793650794,16.6666666666667,0.111111111111111,90,"18-25","yes",0
"good",6,"rent",36,33,"married","no","fixed",108,183,0,0,950,1705,"no",0.557184750733138,26.3888888888889,0.144201578627808,75,"26-35","no",0
"good",18,"rent",60,38,"married","no","fixed",56,108,0,0,1000,1307,"no",0.765110941086457,16.6666666666667,0.154320987654321,52,"36-45","no",0
"good",15,"other",36,38,"married","yes","freelance",90,200,6000,0,1550,1982,"no",0.782038345105954,43.0555555555556,0.215277777777778,110,"36-45","yes",0
"good",11,"rent",12,33,"married","no","fixed",78,180,0,0,300,1479,"no",0.202839756592292,25,0.138888888888889,102,"26-35","no",0
"bad",0,"parents",48,22,"single","yes","fixed",45,126,0,0,1000,1449,"yes",0.690131124913734,20.8333333333333,0.165343915343915,81,"18-25","no",1
"good",15,"rent",60,42,"married","no","fixed",58,130,0,0,1000,1308,"no",0.764525993883792,16.6666666666667,0.128205128205128,72,"36-45","no",0
"bad",1,"rent",48,47,"married","no","fixed",74,140,0,0,2000,2201,"no",0.908677873693776,41.6666666666667,0.297619047619048,66,"46-55","no",1
"good",0,"owner",60,25,"married","no","fixed",75,141,3500,0,1250,1350,"no",0.925925925925926,20.8333333333333,0.147754137115839,66,"18-25","yes",0
"good",17,"owner",48,42,"married","no","fixed",60,127,3500,0,700,1386,"no",0.505050505050505,14.5833333333333,0.114829396325459,67,"36-45","yes",0
"good",21,"owner",48,52,"married","no","fixed",60,117,3000,0,1650,2276,"no",0.724956063268893,34.375,0.293803418803419,57,"46-55","yes",0
"good",13,"rent",36,36,"married","yes","fixed",88,130,0,0,400,1608,"no",0.248756218905473,11.1111111111111,0.0854700854700855,42,"36-45","no",0
"good",5,"owner",60,28,"married","yes","freelance",75,240,3000,0,1300,1585,"no",0.82018927444795,21.6666666666667,0.0902777777777778,165,"26-35","yes",0
"good",18,"parents",60,33,"single","yes","fixed",35,425,0,0,900,1320,"no",0.681818181818182,15,0.0352941176470588,390,"26-35","no",0
"good",10,"owner",60,46,"married","yes","freelance",75,428.98,25000,2050,2500,3190,"no",0.783699059561129,41.6666666666667,0.0971296253127575,353.98,"46-55","yes",0
"good",3,"parents",60,22,"single","no","fixed",35,80,0,0,1000,1500,"no",0.666666666666667,16.6666666666667,0.208333333333333,45,"18-25","no",0
"good",1,"rent",60,22,"single","no","fixed",45,95,0,0,1250,1571,"no",0.795671546785487,20.8333333333333,0.219298245614035,50,"18-25","no",0
"bad",3,"owner",60,23,"single","no","partime",35,71,1500,0,1150,1386,"no",0.82972582972583,19.1666666666667,0.269953051643192,36,"18-25","yes",1
"good",8,"other",60,29,"married","no","fixed",45,135,0,0,1400,1680,"no",0.833333333333333,23.3333333333333,0.172839506172839,90,"26-35","no",0
"good",4,"parents",36,29,"single","no","fixed",35,47,0,0,400,450,"no",0.888888888888889,11.1111111111111,0.236406619385343,12,"26-35","no",0
"good",10,"parents",12,37,"married","no","fixed",90,250,3000,0,240,1488,"no",0.161290322580645,20,0.08,160,"36-45","yes",0
"good",3,"other",12,30,"single","no","freelance",35,150,0,0,920,1396,"no",0.659025787965616,76.6666666666667,0.511111111111111,115,"26-35","no",0
"good",29,"owner",48,52,"married","no","fixed",60,118,6500,0,750,1255,"no",0.597609561752988,15.625,0.132415254237288,58,"46-55","yes",0
"good",12,"owner",48,46,"married","no","fixed",60,130,6000,0,1480,1883,"no",0.785979819437069,30.8333333333333,0.237179487179487,70,"46-55","yes",0
"good",15,"owner",36,51,"married","no","fixed",45,125,4000,200,375,375,"no",1,10.4166666666667,0.0833333333333333,80,"46-55","yes",0
"good",5,"rent",60,28,"married","no","freelance",77,171,0,0,2500,3070,"no",0.814332247557003,41.6666666666667,0.243664717348928,94,"26-35","no",0
"good",0,"owner",36,33,"married","no","fixed",45,265,2500,1100,1400,2189,"no",0.639561443581544,38.8888888888889,0.146750524109015,220,"26-35","yes",0
"good",10,"rent",60,39,"single","no","freelance",45,100,0,0,1450,1692,"no",0.856973995271868,24.1666666666667,0.241666666666667,55,"36-45","no",0
"bad",4,"rent",60,33,"married","no","freelance",82,69,0,0,2000,2216,"no",0.902527075812274,33.3333333333333,0.483091787439614,-13,"26-35","no",1
"good",12,"owner",48,40,"married","no","fixed",75,293,4000,0,1298,1298,"no",1,27.0416666666667,0.092292377701934,218,"36-45","yes",0
"good",13,"priv",24,59,"widow","no","fixed",35,87,1200,0,425,750,"no",0.566666666666667,17.7083333333333,0.203544061302682,52,"56+","yes",0
"good",16,"owner",60,32,"married","no","fixed",45,110,6000,2000,1400,1830,"no",0.765027322404372,23.3333333333333,0.212121212121212,65,"26-35","yes",0
"good",2,"owner",60,45,"married","no","freelance",75,75,2500,0,1100,1242,"no",0.885668276972625,18.3333333333333,0.244444444444444,0,"36-45","yes",0
"bad",3,"other",48,38,"married","no","freelance",75,40,3500,0,600,882,"no",0.680272108843537,12.5,0.3125,-35,"36-45","yes",1
"good",4,"owner",60,26,"married","no","fixed",45,140,3500,1500,600,1137,"no",0.527704485488127,10,0.0714285714285714,95,"26-35","yes",0
"bad",0,"rent",24,29,"married","no","freelance",60,142,0,0,275,375,"yes",0.733333333333333,11.4583333333333,0.0806924882629108,82,"26-35","no",1
"bad",0,"parents",36,21,"single","no","partime",45,161,2500,0,580,580,"no",1,16.1111111111111,0.100069013112491,116,"18-25","yes",1
"good",2,"parents",6,31,"single","no","fixed",35,70,0,0,850,1403,"no",0.605844618674269,141.666666666667,2.02380952380952,35,"26-35","no",0
"good",18,"owner",36,32,"married","no","fixed",75,65,2500,0,700,957,"no",0.731452455590387,19.4444444444444,0.299145299145299,-10,"26-35","yes",0
"good",4,"other",24,40,"married","no","partime",60,66,0,0,1300,1300,"no",1,54.1666666666667,0.820707070707071,6,"36-45","no",0
"bad",4,"rent",48,29,"married","yes","fixed",42,73,0,0,579,1097,"no",0.527803099361896,12.0625,0.165239726027397,31,"26-35","no",1
"good",7,"rent",36,33,"married","no","freelance",78,178,0,0,700,1033,"no",0.677637947725073,19.4444444444444,0.109238451935081,100,"26-35","no",0
"good",0,"parents",60,29,"separated","no","partime",35,140,0,0,763,913,"no",0.835706462212486,12.7166666666667,0.0908333333333333,105,"26-35","no",0
"bad",2,"owner",60,57,"single","no","freelance",35,50,15000,0,960,962,"no",0.997920997920998,16,0.32,15,"56+","yes",1
"bad",2,"owner",60,23,"married","no","fixed",45,78,5000,4774.49999999999,1075,1123,"no",0.957257346393589,17.9166666666667,0.229700854700855,33,"18-25","yes",1
"bad",10,"owner",36,36,"married","no","freelance",75,142,10000,0,1000,1400,"yes",0.714285714285714,27.7777777777778,0.195618153364632,67,"36-45","yes",1
"good",11,"owner",60,38,"married","no","freelance",60,350,7500,0,1500,1800,"no",0.833333333333333,25,0.0714285714285714,290,"36-45","yes",0
"good",1,"rent",48,45,"married","no","fixed",59,140,0,0,1800,1980,"no",0.909090909090909,37.5,0.267857142857143,81,"36-45","no",0
"good",2,"owner",36,51,"married","no","partime",75,125,4500,0,600,989,"no",0.606673407482305,16.6666666666667,0.133333333333333,50,"46-55","yes",0
"good",22,"rent",48,42,"married","yes","fixed",102,121,0,0,1000,1250,"no",0.8,20.8333333333333,0.172176308539945,19,"36-45","no",0
"good",0,"owner",60,22,"single","no","partime",35,155,6500,0,1100,1646,"no",0.668286755771567,18.3333333333333,0.118279569892473,120,"18-25","yes",0
"good",2,"priv",48,26,"single","no","fixed",35,133,3000,0,1000,1114,"no",0.897666068222621,20.8333333333333,0.156641604010025,98,"26-35","yes",0
"good",20,"owner",60,51,"married","no","fixed",75,117,2000,0,1000,1365,"no",0.732600732600733,16.6666666666667,0.142450142450142,42,"46-55","yes",0
"bad",1,"parents",36,33,"single","no","fixed",35,125,0,0,600,1600,"no",0.375,16.6666666666667,0.133333333333333,90,"26-35","no",1
"good",5,"priv",48,43,"married","yes","fixed",75,136,2500,500,940,1133,"no",0.829655781112092,19.5833333333333,0.143995098039216,61,"36-45","yes",0
"good",3,"owner",12,32,"married","no","freelance",75,37.51,3600,1800,200,550,"no",0.363636363636364,16.6666666666667,0.444325957522439,-37.49,"26-35","yes",0
"bad",11,"rent",36,52,"married","no","fixed",93,176,0,0,350,375,"no",0.933333333333333,9.72222222222222,0.055239898989899,83,"46-55","no",1
"good",20,"other",12,65,"married","yes","freelance",45,428.98,50000,0,1000,1321,"no",0.757002271006813,83.3333333333333,0.194259250625515,383.98,"56+","yes",0
"bad",1,"rent",60,32,"married","no","fixed",88,125,0,0,1200,1225,"no",0.979591836734694,20,0.16,37,"26-35","no",1
"good",8,"owner",60,29,"widow","no","fixed",35,79,4000,0,850,950,"no",0.894736842105263,14.1666666666667,0.179324894514768,44,"26-35","yes",0
"bad",1,"rent",36,25,"married","yes","partime",69,92,0,0,475,550,"no",0.863636363636364,13.1944444444444,0.143417874396135,23,"18-25","no",1
"good",0,"parents",60,22,"married","no","fixed",45,176,0,0,1150,1277,"no",0.900548159749413,19.1666666666667,0.108901515151515,131,"18-25","no",0
"bad",2,"priv",60,53,"married","no","fixed",75,85,7000,0,1050,1172,"no",0.895904436860068,17.5,0.205882352941176,10,"46-55","yes",1
"good",1,"owner",24,47,"married","no","fixed",90,188,9000,0,700,1318,"no",0.531107738998483,29.1666666666667,0.155141843971631,98,"46-55","yes",0
"good",2,"rent",48,34,"married","no","freelance",75,300,0,0,1700,2185,"no",0.778032036613272,35.4166666666667,0.118055555555556,225,"26-35","no",0
"bad",1,"parents",60,23,"single","no","fixed",35,100,0,0,1500,2610,"no",0.574712643678161,25,0.25,65,"18-25","no",1
"good",13,"rent",60,54,"married","no","fixed",57,120,0,0,1000,1257,"no",0.795544948289578,16.6666666666667,0.138888888888889,63,"46-55","no",0
"good",1,"parents",12,22,"single","no","partime",35,60,0,0,200,600,"no",0.333333333333333,16.6666666666667,0.277777777777778,25,"18-25","no",0
"bad",1,"rent",48,46,"married","no","fixed",103,125,1500,0,1100,1408,"no",0.78125,22.9166666666667,0.183333333333333,22,"46-55","yes",1
"good",19,"owner",12,42,"married","no","fixed",90,428.98,5000,0,1100,2413,"no",0.455864069622876,91.6666666666667,0.213685175688066,338.98,"36-45","yes",0
"good",5,"parents",60,45,"married","yes","fixed",35,176,0,0,1000,1388,"no",0.720461095100865,16.6666666666667,0.0946969696969697,141,"36-45","no",0
"good",19,"parents",60,49,"single","no","fixed",35,90,0,0,1600,1636,"no",0.97799511002445,26.6666666666667,0.296296296296296,55,"46-55","no",0
"good",8,"owner",60,28,"married","no","freelance",60,200,9000,0,750,850,"no",0.882352941176471,12.5,0.0625,140,"26-35","yes",0
"good",1,"parents",24,22,"single","no","fixed",35,415,0,0,700,1757,"no",0.398406374501992,29.1666666666667,0.070281124497992,380,"18-25","no",0
"good",11,"owner",60,27,"married","no","fixed",45,318,8000,3300,1350,1600,"no",0.84375,22.5,0.0707547169811321,273,"26-35","yes",0
"good",6,"owner",18,33,"single","no","fixed",35,163,6000,0,1200,2022,"no",0.593471810089021,66.6666666666667,0.408997955010225,128,"26-35","yes",0
"bad",4,"rent",60,52,"married","no","fixed",97,72,0,0,1200,1200,"no",1,20,0.277777777777778,-25,"46-55","no",1
"good",2,"owner",60,34,"married","no","fixed",45,156,5000,198,1550,1550,"no",1,25.8333333333333,0.165598290598291,111,"26-35","yes",0
"bad",0,"owner",36,43,"widow","no","others",35,49,2000,0,400,710,"no",0.563380281690141,11.1111111111111,0.226757369614512,14,"36-45","yes",1
"good",8,"owner",60,40,"married","no","fixed",75,110,3000,0,950,1286,"no",0.738724727838258,15.8333333333333,0.143939393939394,35,"36-45","yes",0
"good",3,"owner",60,31,"married","no","fixed",45,140,5500,1200,900,1400,"no",0.642857142857143,15,0.107142857142857,95,"26-35","yes",0
"good",2,"owner",36,31,"married","no","freelance",60,92,2500,850,600,1638,"no",0.366300366300366,16.6666666666667,0.181159420289855,32,"26-35","yes",0
"bad",4,"rent",60,27,"widow","yes","freelance",35,142,0,0,1700,1700,"yes",1,28.3333333333333,0.199530516431925,107,"26-35","no",1
"good",6,"owner",24,42,"married","no","partime",60,145,3000,0,500,1850,"no",0.27027027027027,20.8333333333333,0.14367816091954,85,"36-45","yes",0
"good",2,"parents",60,35,"married","no","fixed",75,104,0,0,1200,1677,"no",0.715563506261181,20,0.192307692307692,29,"26-35","no",0
"good",4,"owner",36,42,"married","yes","freelance",75,400,12000,0,1500,1900,"no",0.789473684210526,41.6666666666667,0.104166666666667,325,"36-45","yes",0
"good",0,"owner",48,24,"married","no","partime",45,95,5000,0,1000,1601,"no",0.624609618988132,20.8333333333333,0.219298245614035,50,"18-25","yes",0
"good",5,"owner",6,31,"married","no","freelance",60,150,5000,0,300,1200,"no",0.25,50,0.333333333333333,90,"26-35","yes",0
"good",1,"parents",12,53,"single","no","fixed",35,160,0,0,250,1456,"no",0.171703296703297,20.8333333333333,0.130208333333333,125,"46-55","no",0
"good",14,"owner",60,59,"married","no","fixed",60,177,10000,0,1450,1456,"no",0.995879120879121,24.1666666666667,0.13653483992467,117,"56+","yes",0
"good",12,"owner",48,38,"married","no","fixed",60,85,3000,0,500,960,"no",0.520833333333333,10.4166666666667,0.122549019607843,25,"36-45","yes",0
"bad",6,"rent",36,49,"married","yes","freelance",113,380,0,0,1000,1337,"no",0.74794315632012,27.7777777777778,0.0730994152046784,267,"46-55","no",1
"good",13,"owner",60,42,"married","no","fixed",60,107,4000,0,1000,1359,"no",0.735835172921266,16.6666666666667,0.155763239875389,47,"36-45","yes",0
"good",0,"owner",36,54,"married","no","others",45,134,2500,0,625,801,"no",0.780274656679151,17.3611111111111,0.129560530679934,89,"46-55","yes",0
"bad",2,"rent",60,24,"single","no","fixed",35,126,0,0,850,989,"yes",0.859453993933266,14.1666666666667,0.112433862433862,91,"18-25","no",1
"good",21,"rent",60,39,"married","no","fixed",124,191,2000,0,2000,2536,"no",0.788643533123028,33.3333333333333,0.174520069808028,67,"36-45","yes",0
"bad",0,"owner",60,48,"married","no","partime",75,100,7000,0,1000,1129,"no",0.885739592559787,16.6666666666667,0.166666666666667,25,"46-55","yes",1
"good",2,"parents",36,20,"single","no","fixed",35,110,0,0,500,1314,"no",0.380517503805175,13.8888888888889,0.126262626262626,75,"18-25","no",0
"bad",5,"other",48,32,"married","yes","fixed",45,225,0,0,1000,1812,"no",0.551876379690949,20.8333333333333,0.0925925925925926,180,"26-35","no",1
"good",15,"parents",60,51,"married","yes","fixed",60,100,0,0,300,1742,"no",0.172215843857635,5,0.05,40,"46-55","no",0
"good",35,"owner",48,54,"married","no","fixed",60,217,5000,0,1250,1455,"no",0.859106529209622,26.0416666666667,0.120007680491551,157,"46-55","yes",0
"bad",3,"other",36,40,"married","yes","fixed",75,176,0,0,950,1150,"no",0.826086956521739,26.3888888888889,0.149936868686869,101,"36-45","no",1
"good",3,"owner",24,29,"married","no","fixed",45,254,6000,800,500,1900,"no",0.263157894736842,20.8333333333333,0.0820209973753281,209,"26-35","yes",0
"bad",3,"other",60,27,"married","no","fixed",90,126,4000,0,1400,1800,"no",0.777777777777778,23.3333333333333,0.185185185185185,36,"26-35","yes",1
"good",0,"owner",60,57,"married","no","freelance",45,200,3500,0,950,1070,"no",0.88785046728972,15.8333333333333,0.0791666666666667,155,"56+","yes",0
"bad",1,"other",60,36,"married","no","fixed",60,101,0,0,850,1098,"no",0.774134790528233,14.1666666666667,0.14026402640264,41,"36-45","no",1
"bad",10,"parents",60,31,"married","no","fixed",60,119,0,0,1600,1750,"no",0.914285714285714,26.6666666666667,0.224089635854342,59,"26-35","no",1
"good",0,"owner",48,22,"single","no","fixed",35,152,4000,0,1210,1325,"no",0.913207547169811,25.2083333333333,0.165844298245614,117,"18-25","yes",0
"bad",0,"parents",48,40,"married","no","partime",90,113,3500,0,600,710,"no",0.845070422535211,12.5,0.110619469026549,23,"36-45","yes",1
"good",18,"other",36,54,"married","no","fixed",75,119,0,0,300,1268,"no",0.236593059936909,8.33333333333333,0.0700280112044818,44,"46-55","no",0
"bad",0,"rent",60,39,"single","yes","fixed",35,126,0,0,2350,2679,"yes",0.87719298245614,39.1666666666667,0.310846560846561,91,"36-45","no",1
"good",8,"parents",60,26,"single","no","freelance",35,75,7000,0,850,989,"no",0.859453993933266,14.1666666666667,0.188888888888889,40,"26-35","yes",0
"good",21,"rent",60,36,"married","no","fixed",83,80,0,0,1220,1505,"no",0.81063122923588,20.3333333333333,0.254166666666667,-3,"36-45","no",0
"bad",0,"parents",36,22,"married","no","partime",60,137,0,0,700,900,"no",0.777777777777778,19.4444444444444,0.141930251419302,77,"18-25","no",1
"good",4,"priv",36,26,"married","no","fixed",45,107,3000,0,700,700,"no",1,19.4444444444444,0.181723779854621,62,"26-35","yes",0
"bad",5,"owner",60,36,"married","no","freelance",90,62,3000,0,650,1295,"no",0.501930501930502,10.8333333333333,0.174731182795699,-28,"36-45","yes",1
"good",19,"rent",60,37,"married","yes","fixed",88,125,0,0,750,970,"no",0.77319587628866,12.5,0.1,37,"36-45","no",0
"bad",4,"rent",60,28,"married","no","fixed",79,190,4000,0,1250,1250,"no",1,20.8333333333333,0.109649122807018,111,"26-35","yes",1
"good",12,"owner",24,56,"married","yes","fixed",60,124,1000,0,500,1495,"no",0.334448160535117,20.8333333333333,0.168010752688172,64,"56+","yes",0
"bad",3,"owner",36,35,"married","yes","partime",60,144,3000,0,475,690,"no",0.688405797101449,13.1944444444444,0.0916280864197531,84,"26-35","yes",1
"bad",0,"owner",60,31,"married","yes","fixed",45,184,3500,0,1550,1679,"no",0.923168552709946,25.8333333333333,0.140398550724638,139,"26-35","yes",1
"good",5,"parents",24,26,"single","no","freelance",35,100,0,0,800,2450,"no",0.326530612244898,33.3333333333333,0.333333333333333,65,"26-35","no",0
"good",10,"owner",12,34,"married","no","fixed",75,80,4500,3500,300,1600,"no",0.1875,25,0.3125,5,"26-35","yes",0
"good",2,"rent",60,36,"married","no","fixed",58,129,0,0,1125,1575,"no",0.714285714285714,18.75,0.145348837209302,71,"36-45","no",0
"good",3,"owner",24,29,"married","no","fixed",60,225,9000,0,600,980,"no",0.612244897959184,25,0.111111111111111,165,"26-35","yes",0
"good",13,"owner",48,33,"married","no","fixed",75,191,8000,2000,1400,1602,"no",0.873907615480649,29.1666666666667,0.152705061082024,116,"26-35","yes",0
"good",2,"rent",24,28,"married","no","fixed",75,150,0,0,512,1255,"no",0.40796812749004,21.3333333333333,0.142222222222222,75,"26-35","no",0
"good",5,"priv",60,24,"married","no","fixed",45,127,2000,0,1000,1282,"no",0.78003120124805,16.6666666666667,0.131233595800525,82,"18-25","yes",0
"bad",43,"owner",60,57,"married","yes","fixed",45,283,8000,0,900,1168,"no",0.770547945205479,15,0.0530035335689046,238,"56+","yes",1
"good",15,"parents",60,34,"single","no","fixed",45,195,17000,0,1200,1200,"no",1,20,0.102564102564103,150,"26-35","yes",0
"good",2,"owner",36,38,"married","no","fixed",45,114,3600,0,650,1100,"no",0.590909090909091,18.0555555555556,0.158382066276803,69,"36-45","yes",0
"good",0,"rent",60,29,"single","no","fixed",35,126,0,0,1550,1700,"yes",0.911764705882353,25.8333333333333,0.205026455026455,91,"26-35","no",0
"bad",0,"rent",60,36,"married","yes","fixed",85,100,0,0,1100,1256,"no",0.875796178343949,18.3333333333333,0.183333333333333,15,"36-45","no",1
"good",0,"rent",36,29,"single","no","partime",46,113,0,0,1100,1110,"no",0.990990990990991,30.5555555555556,0.270403146509341,67,"26-35","no",0
"good",9,"owner",60,47,"married","no","freelance",75,178,50000,0,1850,1852,"no",0.998920086393089,30.8333333333333,0.173220973782772,103,"46-55","yes",0
"good",15,"owner",48,53,"married","no","freelance",75,100,17000,0,500,1114,"no",0.448833034111311,10.4166666666667,0.104166666666667,25,"46-55","yes",0
"bad",3,"rent",36,32,"single","no","freelance",35,142,0,0,950,1350,"yes",0.703703703703704,26.3888888888889,0.185837245696401,107,"26-35","no",1
"good",10,"owner",60,34,"married","yes","fixed",60,310,3000,0,1600,1849,"no",0.865332612222823,26.6666666666667,0.0860215053763441,250,"26-35","yes",0
"bad",2,"other",60,21,"single","no","fixed",35,86,0,0,1400,1600,"no",0.875,23.3333333333333,0.271317829457364,51,"18-25","no",1
"good",10,"other",36,32,"single","no","fixed",35,139,0,0,1100,2471,"no",0.445163901254553,30.5555555555556,0.21982414068745,104,"26-35","no",0
"good",0,"owner",60,32,"single","no","partime",35,94,7500,0,1350,1583,"no",0.852811118130133,22.5,0.23936170212766,59,"26-35","yes",0
"good",1,"rent",36,24,"married","no","fixed",59,135,0,0,650,1136,"no",0.572183098591549,18.0555555555556,0.133744855967078,76,"18-25","no",0
"good",23,"priv",60,51,"married","yes","fixed",45,110,2500,0,800,1343,"no",0.595681310498883,13.3333333333333,0.121212121212121,65,"46-55","yes",0
"good",3,"owner",48,29,"married","no","fixed",45,145,3500,0,700,1104,"no",0.634057971014493,14.5833333333333,0.100574712643678,100,"26-35","yes",0
"good",4,"parents",54,38,"divorced","no","fixed",35,53,0,0,850,1129,"no",0.752878653675819,15.7407407407407,0.296995108315863,18,"36-45","no",0
"good",18,"owner",42,38,"married","no","freelance",75,229,8000,0,1700,1850,"no",0.918918918918919,40.4761904761905,0.176751923476814,154,"36-45","yes",0
"bad",12,"owner",60,47,"married","yes","freelance",75,285,20000,0,1440,1440,"no",1,24,0.0842105263157895,210,"46-55","yes",1
"good",2,"rent",12,34,"married","no","freelance",69,240,0,0,500,700,"no",0.714285714285714,41.6666666666667,0.173611111111111,171,"26-35","no",0
"good",8,"parents",60,22,"single","no","fixed",35,86,8000,0,1200,1214,"no",0.988467874794069,20,0.232558139534884,51,"18-25","yes",0
"bad",24,"priv",60,46,"married","no","fixed",60,165,3500,1300,1400,1530,"no",0.915032679738562,23.3333333333333,0.141414141414141,105,"46-55","yes",1
"good",14,"owner",60,39,"married","no","fixed",105,129,3500,1200,750,1888,"no",0.397245762711864,12.5,0.0968992248062016,24,"36-45","yes",0
"good",2,"parents",60,28,"married","no","fixed",60,131,6000,0,1250,1346,"no",0.928677563150074,20.8333333333333,0.159033078880407,71,"26-35","yes",0
"good",6,"owner",12,25,"single","no","fixed",35,69,3000,0,500,1275,"no",0.392156862745098,41.6666666666667,0.603864734299517,34,"18-25","yes",0
"good",9,"rent",60,39,"married","no","fixed",57,123,0,0,1000,1194,"no",0.837520938023451,16.6666666666667,0.13550135501355,66,"36-45","no",0
"bad",6,"rent",48,53,"separated","yes","fixed",56,208,0,0,1200,1479,"no",0.811359026369168,25,0.120192307692308,152,"46-55","no",1
"good",23,"owner",60,49,"married","no","fixed",60,133,2000,0,1000,1755,"no",0.56980056980057,16.6666666666667,0.12531328320802,73,"46-55","yes",0
"good",3,"owner",24,46,"married","no","freelance",75,428.98,14000,0,500,1095,"no",0.45662100456621,20.8333333333333,0.0485648126563787,353.98,"46-55","yes",0
"good",0,"parents",36,56,"married","yes","fixed",35,102,6000,0,1000,1606,"no",0.62266500622665,27.7777777777778,0.272331154684096,67,"56+","yes",0
"good",15,"owner",48,33,"married","no","fixed",75,150,3000,0,1000,1670,"no",0.598802395209581,20.8333333333333,0.138888888888889,75,"26-35","yes",0
"good",0,"parents",60,30,"married","no","fixed",75,100,5000,0,1350,1896,"no",0.712025316455696,22.5,0.225,25,"26-35","yes",0
"good",1,"rent",18,26,"single","no","fixed",46,110,0,0,500,600,"no",0.833333333333333,27.7777777777778,0.252525252525253,64,"26-35","no",0
"good",1,"owner",60,34,"married","no","freelance",60,142,11000,0,1400,1500,"yes",0.933333333333333,23.3333333333333,0.164319248826291,82,"26-35","yes",0
"good",16,"rent",60,36,"single","yes","fixed",47,120,5500,1700,1650,1852,"no",0.890928725701944,27.5,0.229166666666667,73,"36-45","yes",0
"bad",2,"parents",24,37,"single","no","fixed",35,78,0,0,800,1298,"no",0.61633281972265,33.3333333333333,0.427350427350427,43,"36-45","no",1
"good",12,"owner",60,26,"married","no","fixed",60,187,6000,1000,1100,1175,"no",0.936170212765957,18.3333333333333,0.0980392156862745,127,"26-35","yes",0
"good",25,"owner",60,62,"married","no","freelance",60,428,22000,0,1900,1994,"no",0.952858575727182,31.6666666666667,0.07398753894081,368,"56+","yes",0
"good",3,"rent",60,41,"married","no","others",51,60,0,0,750,818,"no",0.916870415647922,12.5,0.208333333333333,9,"36-45","no",0
"bad",4,"owner",60,37,"married","no","fixed",75,116,3000,575,950,950,"no",1,15.8333333333333,0.136494252873563,41,"36-45","yes",1
"good",2,"owner",36,32,"married","no","fixed",75,114,5000,0,1000,1853,"no",0.539665407447383,27.7777777777778,0.243664717348928,39,"26-35","yes",0
"good",4,"owner",48,32,"married","no","fixed",45,208,6500,4774.49999999999,1000,1323,"no",0.755857898715042,20.8333333333333,0.100160256410256,163,"26-35","yes",0
"good",16,"owner",60,31,"married","no","fixed",75,123,4000,0,700,1698,"no",0.412249705535925,11.6666666666667,0.0948509485094851,48,"26-35","yes",0
"bad",0,"rent",48,28,"married","no","partime",66,64,0,0,1100,1365,"no",0.805860805860806,22.9166666666667,0.358072916666667,-2,"26-35","no",1
"good",10,"owner",48,37,"married","no","fixed",75,350,7000,0,1000,1628,"no",0.614250614250614,20.8333333333333,0.0595238095238095,275,"36-45","yes",0
"bad",3,"parents",36,21,"single","no","fixed",35,85,0,0,200,375,"no",0.533333333333333,5.55555555555556,0.065359477124183,50,"18-25","no",1
"good",5,"rent",24,31,"married","no","fixed",84,90,0,0,400,2230,"no",0.179372197309417,16.6666666666667,0.185185185185185,6,"26-35","no",0
"good",16,"rent",60,36,"married","no","fixed",100,250,0,0,1250,1816,"no",0.688325991189427,20.8333333333333,0.0833333333333333,150,"36-45","no",0
"good",17,"owner",60,34,"married","no","fixed",75,173,4000,1600,933,964,"no",0.967842323651452,15.55,0.0898843930635838,98,"26-35","yes",0
"bad",1,"rent",36,25,"single","no","fixed",49,135,0,0,600,675,"no",0.888888888888889,16.6666666666667,0.123456790123457,86,"18-25","no",1
"good",20,"other",60,36,"married","no","fixed",75,210,0,0,1330,1330,"no",1,22.1666666666667,0.105555555555556,135,"36-45","no",0
"good",7,"rent",60,47,"married","no","fixed",53,80,0,0,1350,1612,"no",0.837468982630273,22.5,0.28125,27,"46-55","no",0
"good",3,"priv",6,24,"single","no","fixed",35,173,4800,0,475,1323,"no",0.359032501889645,79.1666666666667,0.457610789980732,138,"18-25","yes",0
"good",13,"owner",60,28,"married","no","fixed",60,130,5000,1500,900,1281,"no",0.702576112412178,15,0.115384615384615,70,"26-35","yes",0
"good",10,"owner",36,32,"married","no","fixed",75,112,5000,3600,400,830,"no",0.481927710843373,11.1111111111111,0.0992063492063492,37,"26-35","yes",0
"bad",2,"rent",60,35,"married","yes","fixed",52,70,0,0,1000,1000,"no",1,16.6666666666667,0.238095238095238,18,"26-35","no",1
"bad",4,"parents",36,28,"single","no","fixed",35,116,0,0,925,1350,"no",0.685185185185185,25.6944444444444,0.221503831417625,81,"26-35","no",1
"good",3,"owner",48,26,"married","no","fixed",45,165,4000,600,950,1490,"no",0.63758389261745,19.7916666666667,0.119949494949495,120,"26-35","yes",0
"good",13,"owner",36,60,"married","no","freelance",60,116,4000,0,1000,1100,"no",0.909090909090909,27.7777777777778,0.239463601532567,56,"56+","yes",0
"good",2,"owner",24,57,"married","no","others",45,37.51,2500,0,400,1034,"no",0.386847195357834,16.6666666666667,0.444325957522439,-7.49,"56+","yes",0
"good",2,"parents",36,34,"separated","no","fixed",35,130,4000,0,500,550,"no",0.909090909090909,13.8888888888889,0.106837606837607,95,"26-35","yes",0
"bad",2,"rent",60,57,"married","no","others",50,52,1800,0,800,866,"no",0.92378752886836,13.3333333333333,0.256410256410256,2,"56+","yes",1
"bad",0,"other",24,46,"single","yes","fixed",35,78,0,0,550,550,"no",1,22.9166666666667,0.293803418803419,43,"46-55","no",1
"good",1,"owner",60,28,"married","no","others",45,148,4500,0,1300,1695,"no",0.766961651917404,21.6666666666667,0.146396396396396,103,"26-35","yes",0
"bad",0,"owner",60,44,"married","no","others",60,93,25000,0,850,972,"yes",0.874485596707819,14.1666666666667,0.152329749103943,33,"36-45","yes",1
"good",12,"rent",36,35,"married","yes","freelance",82,74,8000,0,475,550,"no",0.863636363636364,13.1944444444444,0.178303303303303,-8,"26-35","yes",0
"good",1,"rent",60,21,"single","no","fixed",49,138,0,0,950,984,"no",0.965447154471545,15.8333333333333,0.114734299516908,89,"18-25","no",0
"bad",0,"owner",36,45,"married","yes","others",90,155,5000,0,300,1012,"no",0.296442687747036,8.33333333333333,0.0537634408602151,65,"36-45","yes",1
"good",5,"rent",48,31,"married","no","fixed",70,247,0,0,900,1039,"no",0.866217516843118,18.75,0.0759109311740891,177,"26-35","no",0
"good",1,"parents",48,27,"single","no","freelance",35,85,0,0,650,650,"no",1,13.5416666666667,0.159313725490196,50,"26-35","no",0
"good",0,"owner",12,59,"married","no","freelance",45,42,4000,0,400,790,"no",0.506329113924051,33.3333333333333,0.793650793650794,-3,"56+","yes",0
"good",17,"other",60,55,"married","no","fixed",60,157,8000,0,1600,1600,"no",1,26.6666666666667,0.169851380042463,97,"46-55","yes",0
"good",4,"owner",60,36,"married","yes","fixed",75,236,3750,2000,1500,1615,"no",0.928792569659443,25,0.105932203389831,161,"36-45","yes",0
"good",15,"rent",60,41,"married","no","fixed",74,137,0,0,1000,1450,"no",0.689655172413793,16.6666666666667,0.121654501216545,63,"36-45","no",0
"good",28,"owner",36,51,"married","no","freelance",60,152,10000,0,500,635,"no",0.78740157480315,13.8888888888889,0.091374269005848,92,"46-55","yes",0
"bad",1,"priv",60,35,"married","no","freelance",35,142,3000,0,1400,1411,"yes",0.992204110559887,23.3333333333333,0.164319248826291,107,"26-35","yes",1
"good",3,"parents",60,33,"single","no","fixed",35,167,10000,0,2000,2250,"no",0.888888888888889,33.3333333333333,0.199600798403194,132,"26-35","yes",0
"bad",0,"rent",48,39,"married","yes","fixed",153,330,0,0,1000,1260,"no",0.793650793650794,20.8333333333333,0.0631313131313131,177,"36-45","no",1
"good",7,"rent",60,34,"single","no","fixed",60,250,9200,0,1500,1594,"no",0.941028858218319,25,0.1,190,"26-35","yes",0
"bad",1,"parents",36,22,"single","no","fixed",35,80,8000,0,490,690,"no",0.710144927536232,13.6111111111111,0.170138888888889,45,"18-25","yes",1
"good",4,"owner",36,25,"single","no","fixed",35,200,5000,0,900,1139,"no",0.790166812993854,25,0.125,165,"18-25","yes",0
"good",35,"owner",48,55,"married","no","freelance",60,84,13000,0,1390,1390,"no",1,28.9583333333333,0.344742063492063,24,"46-55","yes",0
"good",19,"owner",60,33,"married","no","fixed",75,200,10000,1620,1000,1671,"no",0.598444045481747,16.6666666666667,0.0833333333333333,125,"26-35","yes",0
"good",6,"owner",60,28,"married","no","fixed",60,187,5000,0,1500,2180,"no",0.688073394495413,25,0.133689839572193,127,"26-35","yes",0
"good",1,"owner",60,24,"single","no","fixed",35,70,4000,0,1200,1505,"no",0.79734219269103,20,0.285714285714286,35,"18-25","yes",0
"good",12,"owner",60,38,"married","no","fixed",75,120,5000,0,1100,1172,"no",0.938566552901024,18.3333333333333,0.152777777777778,45,"36-45","yes",0
"good",0,"owner",60,30,"married","no","fixed",45,80,2000,200,1000,1331,"no",0.751314800901578,16.6666666666667,0.208333333333333,35,"26-35","yes",0
"bad",15,"rent",24,47,"married","yes","freelance",79,41,7000,0,1200,2257,"no",0.53167922020381,50,1.21951219512195,-38,"46-55","yes",1
"bad",3,"rent",60,31,"married","yes","fixed",81,57,0,0,1400,1475,"no",0.949152542372881,23.3333333333333,0.409356725146199,-24,"26-35","no",1
"bad",5,"parents",36,26,"single","no","freelance",35,142,5000,3000,1200,2140,"yes",0.560747663551402,33.3333333333333,0.234741784037559,107,"26-35","yes",1
"good",0,"parents",48,21,"single","no","fixed",35,70,0,0,1250,1365,"no",0.915750915750916,26.0416666666667,0.37202380952381,35,"18-25","no",0
"bad",0,"rent",48,27,"married","no","freelance",70,250,0,0,860,970,"no",0.88659793814433,17.9166666666667,0.0716666666666667,180,"26-35","no",1
"good",5,"owner",60,65,"married","no","others",45,222,12000,0,600,1264,"no",0.474683544303797,10,0.045045045045045,177,"56+","yes",0
"good",14,"owner",60,56,"married","yes","freelance",75,150,3000,0,1000,1104,"no",0.905797101449275,16.6666666666667,0.111111111111111,75,"56+","yes",0
"good",10,"owner",48,41,"single","no","fixed",35,175,3000,0,750,1128,"no",0.664893617021277,15.625,0.0892857142857143,140,"36-45","yes",0
"good",3,"rent",36,25,"single","no","fixed",49,138,0,0,900,1717,"no",0.52417006406523,25,0.181159420289855,89,"18-25","no",0
"good",4,"parents",36,27,"married","no","fixed",45,72,0,0,350,1426,"no",0.245441795231417,9.72222222222222,0.135030864197531,27,"26-35","no",0
"bad",0,"owner",60,62,"married","yes","others",90,136,2650,0,600,790,"no",0.759493670886076,10,0.0735294117647059,46,"56+","yes",1
"bad",10,"owner",60,42,"married","no","freelance",90,40,5000,1600,2000,2550,"no",0.784313725490196,33.3333333333333,0.833333333333333,-50,"36-45","yes",1
"good",2,"parents",60,25,"single","no","freelance",45,130,8500,0,1100,1380,"no",0.797101449275362,18.3333333333333,0.141025641025641,85,"18-25","yes",0
"bad",1,"parents",60,34,"married","no","fixed",75,190,0,0,700,719,"no",0.973574408901252,11.6666666666667,0.0614035087719298,115,"26-35","no",1
"good",2,"owner",60,24,"married","no","fixed",60,243,2500,1980,1250,1451,"no",0.861474844934528,20.8333333333333,0.0857338820301783,183,"18-25","yes",0
"good",2,"rent",60,26,"married","yes","fixed",70,98,0,0,1100,1240,"no",0.887096774193548,18.3333333333333,0.187074829931973,28,"26-35","no",0
"bad",0,"parents",24,21,"single","yes","partime",35,126,0,0,1150,1586,"no",0.725094577553594,47.9166666666667,0.380291005291005,91,"18-25","no",1
"bad",10,"owner",48,35,"married","no","partime",75,55,4000,0,1500,1786,"no",0.83986562150056,31.25,0.568181818181818,-20,"26-35","yes",1
"bad",1,"owner",60,49,"married","no","partime",105,88,2000,0,850,1149,"no",0.739773716275022,14.1666666666667,0.160984848484848,-17,"46-55","yes",1
"bad",1,"owner",60,35,"single","no","partime",35,181,4500,0,1600,1912,"no",0.836820083682008,26.6666666666667,0.147329650092081,146,"26-35","yes",1
"bad",14,"priv",60,33,"married","yes","fixed",90,77,3400,0,1500,1813,"no",0.827357970215113,25,0.324675324675325,-13,"26-35","yes",1
"bad",4,"parents",36,27,"separated","yes","fixed",35,110,0,0,300,550,"no",0.545454545454545,8.33333333333333,0.0757575757575758,75,"26-35","no",1
"good",17,"owner",60,35,"married","no","fixed",60,125,4000,0,1080,1428,"no",0.756302521008403,18,0.144,65,"26-35","yes",0
"good",4,"owner",60,27,"married","no","freelance",60,225,14500,1200,700,2273,"no",0.307963044434668,11.6666666666667,0.0518518518518519,165,"26-35","yes",0
"good",2,"rent",36,35,"single","no","fixed",42,74,0,0,950,1000,"no",0.95,26.3888888888889,0.356606606606607,32,"26-35","no",0
"good",11,"owner",18,37,"married","no","fixed",45,115,20000,0,600,1200,"no",0.5,33.3333333333333,0.289855072463768,70,"36-45","yes",0
"good",1,"rent",48,64,"married","no","others",74,137,3500,0,600,927,"no",0.647249190938511,12.5,0.0912408759124088,63,"56+","yes",0
"good",14,"owner",36,34,"widow","no","fixed",45,202,6500,0,350,800,"no",0.4375,9.72222222222222,0.0481298129812981,157,"26-35","yes",0
"good",2,"owner",48,37,"married","no","fixed",75,135,18000,0,1000,1062,"no",0.941619585687382,20.8333333333333,0.154320987654321,60,"36-45","yes",0
"good",5,"owner",48,43,"married","no","freelance",45,145,5000,0,680,1350,"no",0.503703703703704,14.1666666666667,0.0977011494252873,100,"36-45","yes",0
"bad",6,"rent",36,49,"married","no","others",65,54,0,0,450,615,"no",0.731707317073171,12.5,0.231481481481481,-11,"46-55","no",1
"good",11,"owner",12,51,"married","no","freelance",45,80,6000,0,1000,1931,"no",0.517866390471258,83.3333333333333,1.04166666666667,35,"46-55","yes",0
"good",9,"owner",36,24,"married","no","fixed",45,140,9000,0,1000,1100,"no",0.909090909090909,27.7777777777778,0.198412698412698,95,"18-25","yes",0
"good",1,"parents",60,22,"single","no","fixed",35,90,0,0,1250,1590,"no",0.786163522012579,20.8333333333333,0.231481481481481,55,"18-25","no",0
"bad",0,"parents",36,30,"single","no","others",45,37.51,0,0,650,750,"no",0.866666666666667,18.0555555555556,0.481353120649308,-7.49,"26-35","no",1
"good",1,"owner",24,33,"married","no","fixed",45,130,3000,0,800,1465,"no",0.546075085324232,33.3333333333333,0.256410256410256,85,"26-35","yes",0
"good",17,"owner",24,50,"married","no","freelance",60,285,22000,700,500,1321,"no",0.378501135503407,20.8333333333333,0.0730994152046784,225,"46-55","yes",0
"good",0,"parents",36,19,"single","no","partime",35,75,0,0,1450,1473,"no",0.98438560760353,40.2777777777778,0.537037037037037,40,"18-25","no",0
"good",5,"owner",36,26,"married","yes","freelance",45,150,7000,0,1500,2588,"no",0.579598145285935,41.6666666666667,0.277777777777778,105,"26-35","yes",0
"good",12,"owner",60,28,"single","yes","fixed",35,172,3000,2000,950,1184,"no",0.802364864864865,15.8333333333333,0.0920542635658915,137,"26-35","yes",0
"bad",1,"rent",36,23,"married","no","freelance",75,300,0,0,400,700,"no",0.571428571428571,11.1111111111111,0.037037037037037,225,"18-25","no",1
"good",3,"parents",60,26,"single","yes","fixed",35,73,0,0,650,1200,"no",0.541666666666667,10.8333333333333,0.148401826484018,38,"26-35","no",0
"good",20,"owner",60,51,"married","no","fixed",60,165,3500,0,500,625,"no",0.8,8.33333333333333,0.0505050505050505,105,"46-55","yes",0
"bad",3,"owner",36,38,"married","no","freelance",90,300,3000,0,1200,1881,"no",0.637958532695375,33.3333333333333,0.111111111111111,210,"36-45","yes",1
"good",14,"rent",60,30,"married","yes","fixed",67,217,0,0,1800,1807,"no",0.996126175982291,30,0.138248847926267,150,"26-35","no",0
"bad",0,"other",60,41,"married","yes","fixed",105,126,0,0,1000,2750,"yes",0.363636363636364,16.6666666666667,0.132275132275132,21,"36-45","no",1
"good",3,"priv",60,29,"married","no","fixed",60,90,2000,0,1650,1800,"no",0.916666666666667,27.5,0.305555555555556,30,"26-35","yes",0
"good",4,"parents",36,28,"married","no","fixed",45,100,0,0,1000,2343,"no",0.426803243704652,27.7777777777778,0.277777777777778,55,"26-35","no",0
"good",0,"owner",48,38,"married","no","fixed",75,217,3500,0,1400,1689,"no",0.828892835997632,29.1666666666667,0.134408602150538,142,"36-45","yes",0
"bad",7,"owner",48,29,"married","no","fixed",60,62,4000,0,984,984,"no",1,20.5,0.330645161290323,2,"26-35","yes",1
"good",4,"rent",6,28,"married","no","fixed",66,60,0,0,200,1566,"no",0.127713920817369,33.3333333333333,0.555555555555556,-6,"26-35","no",0
"good",16,"owner",60,32,"married","no","fixed",60,117,1100,80,1400,1833,"no",0.763775231860338,23.3333333333333,0.199430199430199,57,"26-35","yes",0
"bad",2,"rent",48,22,"single","no","fixed",42,73,0,0,940,1127,"no",0.834072759538598,19.5833333333333,0.268264840182648,31,"18-25","no",1
"bad",2,"parents",48,30,"single","no","fixed",35,86,0,0,900,1127,"no",0.798580301685892,18.75,0.218023255813953,51,"26-35","no",1
"bad",11,"owner",48,30,"married","no","fixed",75,67,3000,2040,1000,1093,"no",0.914913083257091,20.8333333333333,0.310945273631841,-8,"26-35","yes",1
"good",30,"owner",36,53,"married","no","fixed",75,165,5000,0,900,900,"no",1,25,0.151515151515152,90,"46-55","yes",0
"bad",2,"priv",60,28,"married","yes","fixed",75,166,6000,0,1500,1599,"no",0.938086303939963,25,0.150602409638554,91,"26-35","yes",1
"bad",5,"other",48,22,"single","no","fixed",35,82,0,0,480,1910,"no",0.25130890052356,10,0.121951219512195,47,"18-25","no",1
"bad",1,"rent",36,24,"married","no","freelance",44,90,0,0,1050,1493,"no",0.703281982585399,29.1666666666667,0.324074074074074,46,"18-25","no",1
"bad",1,"rent",60,52,"separated","yes","fixed",68,327,0,0,700,819,"no",0.854700854700855,11.6666666666667,0.035677879714577,259,"46-55","no",1
"good",8,"owner",60,34,"married","no","fixed",75,145,3000,1800,1500,1703,"no",0.880798590722255,25,0.172413793103448,70,"26-35","yes",0
"good",20,"rent",36,39,"married","no","freelance",95,202,0,0,600,1461,"no",0.410677618069815,16.6666666666667,0.0825082508250825,107,"36-45","no",0
"good",4,"owner",60,30,"married","no","partime",45,150,4000,2800,1400,1763,"no",0.794100964265457,23.3333333333333,0.155555555555556,105,"26-35","yes",0
"good",5,"rent",36,46,"married","no","fixed",82,223,0,0,450,650,"no",0.692307692307692,12.5,0.0560538116591928,141,"46-55","no",0
"good",3,"parents",36,52,"married","yes","fixed",60,325,0,0,400,1700,"no",0.235294117647059,11.1111111111111,0.0341880341880342,265,"46-55","no",0
"good",10,"owner",60,52,"married","no","fixed",60,143,5500,0,1300,1661,"no",0.78266104756171,21.6666666666667,0.151515151515152,83,"46-55","yes",0
"good",10,"rent",60,36,"married","no","fixed",85,100,0,0,850,1150,"no",0.739130434782609,14.1666666666667,0.141666666666667,15,"36-45","no",0
"good",11,"owner",12,25,"married","no","fixed",45,124,2500,1000,800,1602,"no",0.499375780274657,66.6666666666667,0.537634408602151,79,"18-25","yes",0
"good",22,"rent",48,46,"married","no","fixed",86,110,0,0,1150,1528,"no",0.75261780104712,23.9583333333333,0.21780303030303,24,"46-55","no",0
"bad",0,"other",48,45,"married","no","freelance",75,120,0,0,900,964,"no",0.933609958506224,18.75,0.15625,45,"36-45","no",1
"good",25,"owner",60,53,"married","no","fixed",60,107,4000,0,800,932,"no",0.858369098712446,13.3333333333333,0.124610591900312,47,"46-55","yes",0
"bad",2,"other",60,22,"single","no","fixed",35,83,0,0,1400,1430,"no",0.979020979020979,23.3333333333333,0.281124497991968,48,"18-25","no",1
"good",0,"other",36,50,"married","no","partime",60,162,20000,0,1000,1615,"no",0.619195046439629,27.7777777777778,0.171467764060357,102,"46-55","yes",0
"bad",0,"owner",48,52,"married","yes","others",90,245,3850,2432,1520,1670,"no",0.910179640718563,31.6666666666667,0.129251700680272,155,"46-55","yes",1
"good",12,"priv",60,47,"married","no","fixed",60,243,8500,0,1850,1890,"no",0.978835978835979,30.8333333333333,0.126886145404664,183,"46-55","yes",0
"good",4,"rent",60,27,"single","no","fixed",43,76,0,0,650,1070,"no",0.607476635514019,10.8333333333333,0.142543859649123,33,"26-35","no",0
"good",12,"owner",18,35,"married","no","fixed",60,400,6000,0,200,2225,"no",0.0898876404494382,11.1111111111111,0.0277777777777778,340,"26-35","yes",0
"good",0,"parents",48,21,"single","no","partime",35,106,5000,0,500,1131,"no",0.442086648983201,10.4166666666667,0.0982704402515723,71,"18-25","yes",0
"good",22,"owner",36,44,"married","no","fixed",75,120,7000,0,650,1852,"no",0.35097192224622,18.0555555555556,0.150462962962963,45,"36-45","yes",0
"bad",3,"parents",60,32,"single","no","fixed",35,122,0,0,2000,2050,"no",0.975609756097561,33.3333333333333,0.273224043715847,87,"26-35","no",1
"good",1,"rent",36,34,"divorced","no","fixed",43,80,0,0,700,700,"no",1,19.4444444444444,0.243055555555556,37,"26-35","no",0
"good",14,"priv",60,36,"married","no","fixed",60,120,4000,1500,1500,1540,"no",0.974025974025974,25,0.208333333333333,60,"36-45","yes",0
"good",10,"rent",48,36,"married","no","fixed",80,200,0,0,978,1338,"no",0.730941704035874,20.375,0.101875,120,"36-45","no",0
"good",13,"rent",60,36,"married","no","fixed",79,191,4000,700,1000,1209,"no",0.827129859387924,16.6666666666667,0.087260034904014,112,"36-45","yes",0
"good",1,"rent",60,24,"married","no","fixed",52,67,0,0,800,1137,"no",0.703605980650836,13.3333333333333,0.199004975124378,15,"18-25","no",0
"bad",3,"owner",36,26,"single","no","freelance",35,142,50000,3000,800,1000,"yes",0.8,22.2222222222222,0.156494522691706,107,"26-35","yes",1
"good",5,"rent",12,35,"married","yes","freelance",96,210,0,0,300,700,"no",0.428571428571429,25,0.119047619047619,114,"26-35","no",0
"good",4,"owner",60,42,"single","no","fixed",35,110,2500,0,1090,1565,"no",0.696485623003195,18.1666666666667,0.165151515151515,75,"36-45","yes",0
"good",3,"other",60,55,"married","no","fixed",45,45,0,0,600,864,"no",0.694444444444444,10,0.222222222222222,0,"46-55","no",0
"good",19,"owner",60,49,"married","no","fixed",135,150,3500,0,1100,1477,"no",0.744752877454299,18.3333333333333,0.122222222222222,15,"46-55","yes",0
"bad",4,"parents",60,38,"separated","no","fixed",35,100,0,0,1300,1500,"no",0.866666666666667,21.6666666666667,0.216666666666667,65,"36-45","no",1
"good",9,"owner",60,32,"married","no","fixed",75,345,6000,3300,700,994,"no",0.704225352112676,11.6666666666667,0.0338164251207729,270,"26-35","yes",0
"good",7,"owner",60,36,"married","no","fixed",60,122,3000,0,750,850,"no",0.882352941176471,12.5,0.102459016393443,62,"36-45","yes",0
"good",26,"owner",60,55,"married","no","fixed",60,110,10000,0,1500,1527,"no",0.982318271119843,25,0.227272727272727,50,"46-55","yes",0
"bad",2,"rent",60,30,"married","yes","freelance",54,90,2000,0,1500,1500,"no",1,25,0.277777777777778,36,"26-35","yes",1
"good",11,"owner",48,29,"married","no","fixed",75,76,15000,0,300,1336,"no",0.224550898203593,6.25,0.0822368421052632,1,"26-35","yes",0
"good",4,"rent",36,48,"married","no","freelance",94,340,1000,0,525,525,"no",1,14.5833333333333,0.0428921568627451,246,"46-55","yes",0
"bad",2,"owner",60,29,"married","yes","fixed",60,185,6300,2300,2000,2675,"no",0.747663551401869,33.3333333333333,0.18018018018018,125,"26-35","yes",1
"good",5,"owner",60,42,"married","no","fixed",75,101,3500,0,1090,1190,"no",0.915966386554622,18.1666666666667,0.17986798679868,26,"36-45","yes",0
"good",3,"owner",24,32,"married","no","fixed",60,196,5000,300,800,1606,"no",0.49813200498132,33.3333333333333,0.170068027210884,136,"26-35","yes",0
"good",17,"owner",36,47,"married","no","fixed",75,158,17000,0,1000,2159,"no",0.463177396943029,27.7777777777778,0.175808720112518,83,"46-55","yes",0
"good",9,"parents",60,33,"married","no","fixed",45,221,3000,0,1600,2344,"no",0.68259385665529,26.6666666666667,0.120663650075415,176,"26-35","yes",0
"good",18,"owner",60,32,"single","no","fixed",35,133,3500,150,1600,2200,"no",0.727272727272727,26.6666666666667,0.200501253132832,98,"26-35","yes",0
"good",18,"owner",60,42,"married","no","freelance",90,142,5000,0,1300,2147,"yes",0.605496040987424,21.6666666666667,0.152582159624413,52,"36-45","yes",0
"good",6,"owner",24,45,"married","no","freelance",90,150,5000,0,250,450,"no",0.555555555555556,10.4166666666667,0.0694444444444444,60,"36-45","yes",0
"good",12,"owner",12,40,"married","no","fixed",75,390,8000,0,500,1732,"no",0.288683602771363,41.6666666666667,0.106837606837607,315,"36-45","yes",0
"good",2,"owner",36,28,"married","no","partime",60,146,2500,0,700,1258,"no",0.556438791732909,19.4444444444444,0.133181126331811,86,"26-35","yes",0
"good",1,"parents",48,29,"single","no","freelance",45,428.98,9000,0,2100,2450,"no",0.857142857142857,43.75,0.101986106578395,383.98,"26-35","yes",0
"good",8,"other",24,41,"divorced","no","fixed",60,90,4000,0,500,1600,"no",0.3125,20.8333333333333,0.231481481481481,30,"36-45","yes",0
"good",25,"priv",48,55,"married","no","fixed",60,169,4000,0,1000,1459,"no",0.685400959561343,20.8333333333333,0.1232741617357,109,"46-55","yes",0
"bad",25,"owner",60,61,"married","yes","freelance",45,100,39000,0,1060,1134,"no",0.934744268077601,17.6666666666667,0.176666666666667,55,"56+","yes",1
"bad",3,"rent",18,30,"married","no","freelance",54,90,0,0,300,425,"no",0.705882352941177,16.6666666666667,0.185185185185185,36,"26-35","no",1
"good",2,"owner",48,40,"married","no","freelance",60,160,3000,800,1300,1521,"no",0.854700854700855,27.0833333333333,0.169270833333333,100,"36-45","yes",0
"good",3,"rent",48,36,"married","yes","fixed",82,222,0,0,1900,2100,"no",0.904761904761905,39.5833333333333,0.178303303303303,140,"36-45","no",0
"good",18,"owner",60,42,"married","no","fixed",75,111,2500,0,1150,1640,"no",0.701219512195122,19.1666666666667,0.172672672672673,36,"36-45","yes",0
"good",1,"owner",48,18,"single","no","partime",45,111,7000,0,1100,1299,"no",0.846805234795997,22.9166666666667,0.206456456456456,66,"18-25","yes",0
"good",4,"owner",36,23,"married","no","fixed",75,168,4000,0,1100,1385,"no",0.794223826714801,30.5555555555556,0.181878306878307,93,"18-25","yes",0
"good",20,"owner",60,49,"married","no","freelance",90,215,4500,0,1000,1228,"no",0.814332247557003,16.6666666666667,0.0775193798449612,125,"46-55","yes",0
"good",14,"owner",60,28,"married","no","freelance",75,94,5500,4774.49999999999,1660,2419,"no",0.686233980983878,27.6666666666667,0.294326241134752,19,"26-35","yes",0
"good",0,"parents",36,26,"single","no","fixed",35,63,0,0,600,994,"no",0.603621730382294,16.6666666666667,0.264550264550265,28,"26-35","no",0
"bad",8,"rent",60,25,"married","yes","fixed",73,280,0,0,600,1364,"no",0.439882697947214,10,0.0357142857142857,207,"18-25","no",1
"good",15,"owner",48,33,"married","no","fixed",75,220,7000,0,1300,2400,"no",0.541666666666667,27.0833333333333,0.123106060606061,145,"26-35","yes",0
"good",3,"owner",60,30,"married","no","fixed",45,126,3500,2400,1000,1120,"no",0.892857142857143,16.6666666666667,0.132275132275132,81,"26-35","yes",0
"good",20,"owner",36,44,"married","no","fixed",60,120,3000,0,350,400,"no",0.875,9.72222222222222,0.0810185185185185,60,"36-45","yes",0
"bad",2,"parents",60,25,"divorced","no","partime",35,90,0,0,900,1111,"no",0.81008100810081,15,0.166666666666667,55,"18-25","no",1
"good",17,"owner",24,55,"married","no","freelance",75,191,14000,0,1000,2420,"no",0.413223140495868,41.6666666666667,0.218150087260035,116,"46-55","yes",0
"good",20,"rent",60,41,"single","no","freelance",50,148,4000,0,835,1356,"no",0.615781710914454,13.9166666666667,0.0940315315315315,98,"36-45","yes",0
"bad",0,"other",60,47,"widow","yes","freelance",45,142,0,0,1500,1600,"yes",0.9375,25,0.176056338028169,97,"46-55","no",1
"good",2,"parents",24,26,"single","no","fixed",35,88,0,0,325,450,"no",0.722222222222222,13.5416666666667,0.153882575757576,53,"26-35","no",0
"good",11,"parents",60,27,"married","no","fixed",60,150,2500,0,1100,1129,"no",0.974313551815766,18.3333333333333,0.122222222222222,90,"26-35","yes",0
"bad",12,"owner",60,34,"married","no","fixed",60,115,4000,0,1650,1686,"no",0.97864768683274,27.5,0.239130434782609,55,"26-35","yes",1
"bad",1,"rent",60,31,"divorced","yes","fixed",43,76,0,0,500,1300,"no",0.384615384615385,8.33333333333333,0.109649122807018,33,"26-35","no",1
"good",2,"owner",60,37,"married","no","fixed",60,145,3500,1100,1250,1763,"no",0.709018718094158,20.8333333333333,0.14367816091954,85,"36-45","yes",0
"bad",17,"priv",60,48,"married","yes","freelance",60,69,7000,0,1400,1813,"no",0.772200772200772,23.3333333333333,0.338164251207729,9,"46-55","yes",1
"good",13,"owner",60,52,"married","no","freelance",60,142,20000,0,1370,1714,"yes",0.799299883313886,22.8333333333333,0.160798122065728,82,"46-55","yes",0
"good",3,"parents",36,22,"single","no","fixed",35,60,19000,0,775,1050,"no",0.738095238095238,21.5277777777778,0.358796296296296,25,"18-25","yes",0
"bad",4,"parents",48,25,"single","no","fixed",35,73,0,0,700,814,"no",0.85995085995086,14.5833333333333,0.199771689497717,38,"18-25","no",1
"good",38,"owner",48,56,"widow","no","fixed",35,112,3000,0,850,960,"no",0.885416666666667,17.7083333333333,0.158110119047619,77,"56+","yes",0
"bad",12,"owner",60,39,"married","no","fixed",90,95,4000,250,1450,1686,"no",0.860023724792408,24.1666666666667,0.254385964912281,5,"36-45","yes",1
"good",15,"parents",48,40,"single","no","fixed",35,150,0,0,1000,1399,"no",0.714796283059328,20.8333333333333,0.138888888888889,115,"36-45","no",0
"good",20,"owner",60,51,"married","no","fixed",60,250,2500,0,1250,1825,"no",0.684931506849315,20.8333333333333,0.0833333333333333,190,"46-55","yes",0
"good",0,"parents",48,27,"single","yes","fixed",35,46,0,0,900,1216,"no",0.740131578947368,18.75,0.407608695652174,11,"26-35","no",0
"good",2,"priv",60,25,"married","no","fixed",45,60,3000,0,1150,1163,"no",0.988822012037833,19.1666666666667,0.319444444444444,15,"18-25","yes",0
"bad",4,"other",60,25,"single","no","partime",35,92,0,0,1400,1661,"no",0.842865743527995,23.3333333333333,0.253623188405797,57,"18-25","no",1
"good",7,"owner",60,36,"married","no","fixed",90,120,6000,1500,900,1175,"no",0.765957446808511,15,0.125,30,"36-45","yes",0
"good",4,"owner",12,32,"married","no","fixed",45,231,13000,290,400,1198,"no",0.333889816360601,33.3333333333333,0.144300144300144,186,"26-35","yes",0
"bad",2,"rent",60,32,"married","no","fixed",93,175,0,0,1650,1688,"no",0.977488151658768,27.5,0.157142857142857,82,"26-35","no",1
"good",2,"parents",48,23,"single","no","partime",35,160,3500,1200,1200,1426,"no",0.841514726507714,25,0.15625,125,"18-25","yes",0
"good",1,"parents",60,22,"single","no","fixed",35,109,0,0,1000,1466,"no",0.682128240109141,16.6666666666667,0.152905198776758,74,"18-25","no",0
"bad",0,"parents",48,25,"married","no","fixed",60,247,0,0,1900,1900,"no",1,39.5833333333333,0.16025641025641,187,"18-25","no",1
"bad",0,"other",60,34,"single","no","fixed",35,140,3000,0,1550,1570,"no",0.987261146496815,25.8333333333333,0.18452380952381,105,"26-35","yes",1
"good",2,"other",60,41,"separated","no","freelance",35,100,5000,0,1200,1450,"no",0.827586206896552,20,0.2,65,"36-45","yes",0
"good",8,"parents",48,28,"single","no","fixed",35,115,500,0,360,375,"no",0.96,7.5,0.0652173913043478,80,"26-35","yes",0
"good",1,"rent",36,37,"married","no","freelance",90,142,0,0,850,998,"yes",0.851703406813627,23.6111111111111,0.166275430359937,52,"36-45","no",0
"good",3,"rent",36,34,"single","no","fixed",41,63,30000,0,625,921,"no",0.678610206297503,17.3611111111111,0.275573192239859,22,"26-35","yes",0
"bad",0,"parents",60,20,"single","no","fixed",35,79,0,0,1570,1575,"no",0.996825396825397,26.1666666666667,0.331223628691983,44,"18-25","no",1
"good",10,"rent",48,38,"married","no","freelance",78,333,0,0,700,1386,"no",0.505050505050505,14.5833333333333,0.0437937937937938,255,"36-45","no",0
"good",4,"owner",48,49,"single","yes","fixed",35,183,8000,0,1200,1531,"no",0.783801436969301,25,0.136612021857924,148,"46-55","yes",0
"good",2,"parents",24,21,"single","no","freelance",35,142,0,0,250,375,"yes",0.666666666666667,10.4166666666667,0.0733568075117371,107,"18-25","no",0
"bad",0,"owner",36,36,"married","no","others",45,37.51,3500,0,1300,2246,"no",0.578806767586821,36.1111111111111,0.962706241298617,-7.49,"36-45","yes",1
"good",20,"priv",60,39,"married","no","fixed",90,159,2000,0,750,790,"no",0.949367088607595,12.5,0.0786163522012579,69,"36-45","yes",0
"bad",10,"rent",60,39,"married","yes","freelance",119,292,13000,2500,1500,2262,"no",0.663129973474801,25,0.0856164383561644,173,"36-45","yes",1
"good",0,"rent",60,29,"married","no","partime",61,160,0,0,1000,1055,"no",0.947867298578199,16.6666666666667,0.104166666666667,99,"26-35","no",0
"good",21,"rent",36,42,"married","no","fixed",74,135,450,0,240,1275,"no",0.188235294117647,6.66666666666667,0.0493827160493827,61,"36-45","yes",0
"bad",3,"rent",60,48,"separated","yes","fixed",47,120,0,0,1000,1077,"no",0.928505106778087,16.6666666666667,0.138888888888889,73,"46-55","no",1
"good",2,"owner",36,27,"widow","no","fixed",35,135,8000,0,750,1296,"no",0.578703703703704,20.8333333333333,0.154320987654321,100,"26-35","yes",0
"bad",3,"owner",36,43,"married","no","freelance",45,142,3500,0,600,800,"yes",0.75,16.6666666666667,0.117370892018779,97,"36-45","yes",1
"bad",1,"owner",60,46,"married","yes","fixed",75,209,11000,0,1800,2015,"no",0.893300248138958,30,0.143540669856459,134,"46-55","yes",1
"good",19,"rent",18,39,"single","no","fixed",45,100,0,0,450,997,"no",0.45135406218656,25,0.25,55,"36-45","no",0
"bad",3,"rent",24,22,"single","no","freelance",50,148,0,0,700,950,"no",0.736842105263158,29.1666666666667,0.197072072072072,98,"18-25","no",1
"bad",25,"parents",60,64,"married","yes","fixed",45,130,0,0,2047,2946,"no",0.694840461642906,34.1166666666667,0.262435897435897,85,"56+","no",1
"good",2,"rent",60,28,"single","no","fixed",45,101,0,0,1300,1333,"no",0.975243810952738,21.6666666666667,0.214521452145215,56,"26-35","no",0
"good",3,"parents",36,21,"single","no","partime",35,49,0,0,750,850,"no",0.882352941176471,20.8333333333333,0.425170068027211,14,"18-25","no",0
"good",5,"rent",30,58,"married","no","fixed",80,200,15000,0,520,690,"no",0.753623188405797,17.3333333333333,0.0866666666666667,120,"56+","yes",0
"bad",6,"rent",36,41,"married","yes","freelance",75,142,0,0,775,875,"yes",0.885714285714286,21.5277777777778,0.15160406885759,67,"36-45","no",1
"good",10,"rent",36,47,"single","no","partime",86,114,3500,0,400,872,"no",0.458715596330275,11.1111111111111,0.0974658869395711,28,"46-55","yes",0
"good",17,"rent",24,49,"married","no","freelance",80,53,0,0,600,1104,"no",0.543478260869565,25,0.471698113207547,-27,"46-55","no",0
"good",0,"owner",12,22,"single","no","fixed",35,132,3500,0,300,509,"no",0.589390962671906,25,0.189393939393939,97,"18-25","yes",0
"bad",0,"owner",60,62,"married","no","others",45,42,4000,0,500,827,"no",0.60459492140266,8.33333333333333,0.198412698412698,-3,"56+","yes",1
"bad",2,"parents",36,24,"single","no","fixed",35,90,0,0,1000,1150,"no",0.869565217391304,27.7777777777778,0.308641975308642,55,"18-25","no",1
"good",28,"owner",24,59,"married","no","freelance",60,428.98,6000,0,1550,1760,"no",0.880681818181818,64.5833333333333,0.150550919234774,368.98,"56+","yes",0
"good",0,"rent",48,36,"married","no","fixed",74,141,0,0,1150,1485,"no",0.774410774410774,23.9583333333333,0.169917257683215,67,"36-45","no",0
"good",5,"owner",60,36,"married","no","fixed",75,141,4000,0,1300,1435,"no",0.905923344947735,21.6666666666667,0.153664302600473,66,"36-45","yes",0
"bad",5,"parents",36,45,"married","yes","fixed",75,68,0,0,2375,2875,"no",0.826086956521739,65.9722222222222,0.970179738562092,-7,"36-45","no",1
"good",12,"owner",36,41,"married","no","freelance",60,142,10000,0,1000,2100,"yes",0.476190476190476,27.7777777777778,0.195618153364632,82,"36-45","yes",0
"good",4,"owner",24,30,"married","yes","fixed",45,165,3000,0,250,450,"no",0.555555555555556,10.4166666666667,0.0631313131313131,120,"26-35","yes",0
"good",6,"parents",60,43,"married","no","freelance",75,70,4000,0,1000,1548,"no",0.645994832041344,16.6666666666667,0.238095238095238,-5,"36-45","yes",0
"good",0,"rent",24,23,"single","no","fixed",42,70,0,0,200,375,"no",0.533333333333333,8.33333333333333,0.119047619047619,28,"18-25","no",0
"good",9,"owner",48,41,"separated","no","fixed",35,60,8000,1000,1200,1538,"no",0.780234070221066,25,0.416666666666667,25,"36-45","yes",0
"good",9,"rent",36,31,"married","yes","freelance",84,241,10000,0,2500,3559.49,"no",0.70234780825343,69.4444444444444,0.28815122176118,157,"26-35","yes",0
"bad",2,"rent",12,47,"married","yes","fixed",103,426,0,0,350,450,"no",0.777777777777778,29.1666666666667,0.0684663536776213,323,"46-55","no",1
"bad",2,"rent",60,36,"separated","yes","freelance",35,142,0,0,2000,2676,"yes",0.747384155455904,33.3333333333333,0.234741784037559,107,"36-45","no",1
"good",2,"parents",12,25,"single","yes","freelance",35,74,18000,0,600,1638,"no",0.366300366300366,50,0.675675675675676,39,"18-25","yes",0
"good",18,"owner",60,49,"married","no","fixed",135,180,13500,0,900,994,"no",0.905432595573441,15,0.0833333333333333,45,"46-55","yes",0
"good",16,"owner",36,57,"married","no","fixed",60,154,4000,130,700,1090,"no",0.642201834862385,19.4444444444444,0.126262626262626,94,"56+","yes",0
"bad",10,"owner",60,26,"married","no","fixed",60,63,5000,3000,1400,1432,"no",0.977653631284916,23.3333333333333,0.37037037037037,3,"26-35","yes",1
"good",11,"owner",60,37,"married","no","fixed",90,289,7000,250,1200,1599,"no",0.75046904315197,20,0.069204152249135,199,"36-45","yes",0
"bad",14,"owner",36,45,"separated","no","fixed",45,190,12000,0,2100,2758,"no",0.761421319796954,58.3333333333333,0.307017543859649,145,"36-45","yes",1
"good",4,"rent",60,24,"married","no","fixed",75,147,0,0,1300,1700,"no",0.764705882352941,21.6666666666667,0.147392290249433,72,"18-25","no",0
"bad",1,"owner",60,42,"married","yes","fixed",105,198,3500,250,1000,1245,"no",0.803212851405622,16.6666666666667,0.0841750841750842,93,"36-45","yes",1
"bad",2,"rent",24,23,"single","yes","freelance",75,400,0,0,750,900,"no",0.833333333333333,31.25,0.078125,325,"18-25","no",1
"good",1,"rent",60,38,"married","no","partime",58,130,0,0,1450,1593,"no",0.91023226616447,24.1666666666667,0.185897435897436,72,"36-45","no",0
"bad",2,"owner",60,36,"married","yes","freelance",60,140,29000,0,2500,3559.49,"no",0.70234780825343,41.6666666666667,0.297619047619048,80,"36-45","yes",1
"good",13,"parents",60,27,"married","no","fixed",60,100,0,0,950,1152,"no",0.824652777777778,15.8333333333333,0.158333333333333,40,"26-35","no",0
"good",5,"owner",24,37,"married","no","freelance",90,143,7000,0,700,900,"no",0.777777777777778,29.1666666666667,0.203962703962704,53,"36-45","yes",0
"bad",1,"rent",36,25,"married","no","fixed",54,87,0,0,500,646,"no",0.773993808049536,13.8888888888889,0.159642401021711,33,"18-25","no",1
"good",6,"rent",60,23,"married","no","fixed",62,171,0,0,1000,1209,"no",0.827129859387924,16.6666666666667,0.0974658869395712,109,"18-25","no",0
"good",20,"owner",36,47,"married","no","fixed",75,203,4000,0,1050,1258,"no",0.834658187599364,29.1666666666667,0.14367816091954,128,"46-55","yes",0
"good",9,"owner",18,52,"married","no","fixed",60,154,5500,0,500,1531,"no",0.326583932070542,27.7777777777778,0.18037518037518,94,"46-55","yes",0
"good",15,"owner",12,55,"married","no","fixed",45,130,7000,0,200,1240,"no",0.161290322580645,16.6666666666667,0.128205128205128,85,"46-55","yes",0
"good",0,"parents",48,28,"single","no","fixed",35,90,3500,0,1000,1210,"no",0.826446280991736,20.8333333333333,0.231481481481481,55,"26-35","yes",0
"good",5,"parents",60,24,"single","no","fixed",35,92,0,0,1030,1068,"no",0.964419475655431,17.1666666666667,0.186594202898551,57,"18-25","no",0
"good",15,"parents",36,40,"married","yes","freelance",75,142,0,0,375,375,"yes",1,10.4166666666667,0.0733568075117371,67,"36-45","no",0
"good",4,"owner",48,36,"married","no","fixed",75,210,4000,0,1800,2628,"no",0.684931506849315,37.5,0.178571428571429,135,"36-45","yes",0
"good",4,"owner",24,26,"married","no","fixed",45,115,4000,0,500,1400,"no",0.357142857142857,20.8333333333333,0.181159420289855,70,"26-35","yes",0
"good",5,"parents",18,22,"single","no","fixed",35,80,0,0,600,1132,"no",0.530035335689046,33.3333333333333,0.416666666666667,45,"18-25","no",0
"good",2,"parents",60,25,"single","no","fixed",35,110,0,0,860,959,"no",0.896767466110532,14.3333333333333,0.13030303030303,75,"18-25","no",0
"good",4,"owner",24,44,"married","no","freelance",75,86,5000,0,900,1100,"no",0.818181818181818,37.5,0.436046511627907,11,"36-45","yes",0
"good",0,"owner",60,56,"married","no","others",60,117,3000,0,1200,1347,"no",0.89086859688196,20,0.170940170940171,57,"56+","yes",0
"good",1,"other",42,33,"married","yes","fixed",90,138,3500,606,1400,1700,"no",0.823529411764706,33.3333333333333,0.241545893719807,48,"26-35","yes",0
"good",7,"owner",60,42,"married","no","fixed",45,88,4000,0,850,1033,"no",0.822846079380445,14.1666666666667,0.160984848484848,43,"36-45","yes",0
"good",11,"parents",12,29,"married","no","fixed",60,54,0,0,600,1683,"no",0.35650623885918,50,0.925925925925926,-6,"26-35","no",0
"good",40,"rent",18,62,"married","no","freelance",77,166,10000,0,900,2040,"no",0.441176470588235,50,0.301204819277108,89,"56+","yes",0
"good",10,"owner",60,33,"married","no","fixed",75,364,50000,0,1300,1804,"no",0.720620842572062,21.6666666666667,0.0595238095238095,289,"26-35","yes",0
"good",3,"owner",48,32,"married","no","freelance",75,65,10500,1500,1500,2155,"no",0.696055684454756,31.25,0.480769230769231,-10,"26-35","yes",0
"good",24,"owner",60,54,"married","no","freelance",45,109,17000,0,2000,3400,"no",0.588235294117647,33.3333333333333,0.305810397553517,64,"46-55","yes",0
"good",6,"parents",36,24,"single","no","fixed",35,57,0,0,380,490,"no",0.775510204081633,10.5555555555556,0.185185185185185,22,"18-25","no",0
"bad",2,"rent",48,36,"divorced","no","fixed",45,99,0,0,750,1350,"no",0.555555555555556,15.625,0.157828282828283,54,"36-45","no",1
"good",3,"parents",48,27,"married","no","fixed",45,227,0,0,1150,1575,"no",0.73015873015873,23.9583333333333,0.105543318649046,182,"26-35","no",0
"good",11,"owner",60,29,"single","no","fixed",35,57,1500,0,700,994,"no",0.704225352112676,11.6666666666667,0.204678362573099,22,"26-35","yes",0
"good",1,"parents",24,22,"single","no","partime",35,80,0,0,200,400,"no",0.5,8.33333333333333,0.104166666666667,45,"18-25","no",0
"bad",5,"rent",36,22,"single","no","fixed",42,70,0,0,850,870,"no",0.977011494252874,23.6111111111111,0.337301587301587,28,"18-25","no",1
"good",1,"rent",48,39,"married","no","fixed",86,105,0,0,1300,1600,"no",0.8125,27.0833333333333,0.257936507936508,19,"36-45","no",0
"bad",1,"parents",48,24,"single","yes","fixed",35,65,0,0,900,1061,"no",0.848256361922714,18.75,0.288461538461538,30,"18-25","no",1
"good",20,"owner",48,39,"married","no","freelance",75,45,10000,0,2000,3559.49,"no",0.561878246602744,41.6666666666667,0.925925925925926,-30,"36-45","yes",0
"good",7,"parents",48,31,"single","yes","fixed",35,72,5500,0,1000,1051,"no",0.951474785918173,20.8333333333333,0.289351851851852,37,"26-35","yes",0
"good",3,"parents",36,31,"married","yes","fixed",60,80,0,0,1450,1700,"no",0.852941176470588,40.2777777777778,0.503472222222222,20,"26-35","no",0
"good",25,"owner",48,47,"married","no","freelance",60,157,15000,0,1990,2460,"no",0.808943089430894,41.4583333333333,0.264065817409766,97,"46-55","yes",0
"good",12,"owner",36,46,"married","yes","fixed",60,117,3000,0,825,1325,"no",0.622641509433962,22.9166666666667,0.195868945868946,57,"46-55","yes",0
"good",4,"rent",36,32,"married","no","fixed",55,100,0,0,300,500,"no",0.6,8.33333333333333,0.0833333333333333,45,"26-35","no",0
"good",0,"priv",12,28,"married","no","fixed",60,130,3000,2000,380,1308,"no",0.290519877675841,31.6666666666667,0.243589743589744,70,"26-35","yes",0
"good",15,"owner",12,49,"married","no","freelance",75,142,17000,0,700,1420,"yes",0.492957746478873,58.3333333333333,0.410798122065728,67,"46-55","yes",0
"good",20,"owner",12,60,"married","no","freelance",60,142,40000,0,700,1420,"yes",0.492957746478873,58.3333333333333,0.410798122065728,82,"56+","yes",0
"bad",0,"other",60,31,"married","yes","fixed",90,126,0,0,1450,1604,"yes",0.903990024937656,24.1666666666667,0.191798941798942,36,"26-35","no",1
"good",12,"owner",54,35,"married","no","fixed",75,113,3000,600,1650,1800,"no",0.916666666666667,30.5555555555556,0.270403146509341,38,"26-35","yes",0
"good",10,"owner",48,44,"married","no","fixed",75,428.98,12000,0,1030,1128,"no",0.913120567375887,21.4583333333333,0.0500217570360701,353.98,"36-45","yes",0
"good",0,"parents",48,21,"single","no","fixed",35,50,0,0,1000,1091,"no",0.916590284142988,20.8333333333333,0.416666666666667,15,"18-25","no",0
"bad",2,"owner",48,20,"single","no","freelance",35,428.98,31000,0,1500,1853,"no",0.809498111171074,31.25,0.0728472189845681,393.98,"18-25","yes",1
"bad",0,"other",36,45,"married","no","partime",75,87,1500,0,300,480,"no",0.625,8.33333333333333,0.0957854406130268,12,"36-45","yes",1
"good",1,"owner",60,34,"married","yes","fixed",45,180,2500,300,1300,1817,"no",0.715465052283985,21.6666666666667,0.12037037037037,135,"26-35","yes",0
"good",1,"rent",60,21,"married","no","fixed",58,132,0,0,1275,1381,"no",0.923244026068067,21.25,0.160984848484848,74,"18-25","no",0
"bad",6,"owner",36,44,"married","no","fixed",75,150,7000,600,650,650,"no",1,18.0555555555556,0.12037037037037,75,"36-45","yes",1
"good",1,"rent",36,34,"married","no","freelance",94,189,15000,1500,1500,2435,"no",0.616016427104723,41.6666666666667,0.220458553791887,95,"26-35","yes",0
"good",15,"rent",48,40,"married","yes","fixed",88,125,0,0,1100,1498,"no",0.734312416555407,22.9166666666667,0.183333333333333,37,"36-45","no",0
"good",11,"parents",36,29,"single","no","fixed",35,64,0,0,600,1314,"no",0.45662100456621,16.6666666666667,0.260416666666667,29,"26-35","no",0
"good",1,"rent",36,44,"married","no","fixed",105,145,0,0,1000,2275,"no",0.43956043956044,27.7777777777778,0.191570881226054,40,"36-45","no",0
"bad",1,"rent",36,27,"single","no","fixed",42,67,0,0,1000,1350,"no",0.740740740740741,27.7777777777778,0.414593698175788,25,"26-35","no",1
"bad",1,"owner",36,27,"married","no","partime",45,127,4500,3000,600,745,"no",0.805369127516778,16.6666666666667,0.131233595800525,82,"26-35","yes",1
"good",11,"owner",48,46,"married","no","freelance",75,160,10000,0,1150,1156,"no",0.994809688581315,23.9583333333333,0.149739583333333,85,"46-55","yes",0
"good",2,"owner",60,43,"married","yes","fixed",45,63,3000,0,1100,1683,"no",0.65359477124183,18.3333333333333,0.291005291005291,18,"36-45","yes",0
"good",1,"owner",36,25,"widow","no","fixed",45,60,2000,0,525,800,"no",0.65625,14.5833333333333,0.243055555555556,15,"18-25","yes",0
"good",11,"rent",60,28,"single","no","fixed",42,67,0,0,900,1399,"no",0.643316654753395,15,0.223880597014925,25,"26-35","no",0
"good",3,"owner",48,30,"married","no","fixed",75,88,6000,400,1200,1796,"no",0.66815144766147,25,0.284090909090909,13,"26-35","yes",0
"bad",1,"rent",48,29,"married","no","partime",77,170,0,0,1300,2262,"no",0.574712643678161,27.0833333333333,0.159313725490196,93,"26-35","no",1
"good",15,"rent",60,39,"married","no","freelance",60,145,5000,0,1300,1625,"no",0.8,21.6666666666667,0.149425287356322,85,"36-45","yes",0
"bad",1,"other",42,24,"single","yes","fixed",35,60,0,0,1200,1616,"no",0.742574257425743,28.5714285714286,0.476190476190476,25,"18-25","no",1
"good",8,"owner",12,29,"married","no","fixed",45,92,6000,2400,200,1492,"no",0.134048257372654,16.6666666666667,0.181159420289855,47,"26-35","yes",0
"good",10,"priv",60,55,"married","no","fixed",60,195,4000,0,1900,2150,"no",0.883720930232558,31.6666666666667,0.162393162393162,135,"46-55","yes",0
"good",3,"rent",36,27,"married","no","fixed",68,80,0,0,325,400,"no",0.8125,9.02777777777778,0.112847222222222,12,"26-35","no",0
"bad",2,"owner",36,20,"single","no","freelance",35,142,50000,4774.49999999999,750,1350,"yes",0.555555555555556,20.8333333333333,0.146713615023474,107,"18-25","yes",1
"good",0,"other",42,24,"single","no","fixed",35,42,0,0,800,1450,"no",0.551724137931034,19.047619047619,0.453514739229025,7,"18-25","no",0
"good",9,"other",36,32,"single","no","fixed",35,125,0,0,1000,1725,"no",0.579710144927536,27.7777777777778,0.222222222222222,90,"26-35","no",0
"good",4,"rent",48,38,"married","no","fixed",91,161,5000,0,800,1008,"no",0.793650793650794,16.6666666666667,0.10351966873706,70,"36-45","yes",0
"good",0,"parents",24,24,"single","no","partime",35,117,4000,0,1000,1489,"no",0.671591672263264,41.6666666666667,0.356125356125356,82,"18-25","yes",0
"good",7,"owner",18,33,"married","no","freelance",60,164,4000,0,550,1679,"no",0.327575938058368,30.5555555555556,0.186314363143631,104,"26-35","yes",0
"good",1,"parents",60,30,"single","no","fixed",35,75,0,0,1000,1156,"no",0.865051903114187,16.6666666666667,0.222222222222222,40,"26-35","no",0
"good",25,"other",18,43,"married","no","fixed",75,85,700,0,400,1205,"no",0.33195020746888,22.2222222222222,0.261437908496732,10,"36-45","yes",0
"good",6,"rent",60,34,"separated","no","fixed",47,120,0,0,1100,1700,"no",0.647058823529412,18.3333333333333,0.152777777777778,73,"26-35","no",0
"good",3,"rent",48,35,"separated","no","fixed",59,240,0,0,1300,1627,"no",0.799016594960049,27.0833333333333,0.112847222222222,181,"26-35","no",0
"good",4,"owner",60,24,"married","no","freelance",60,250,9000,3400,1250,1300,"no",0.961538461538462,20.8333333333333,0.0833333333333333,190,"18-25","yes",0
"bad",0,"owner",60,30,"married","no","others",60,78,3500,0,1250,1365,"no",0.915750915750916,20.8333333333333,0.267094017094017,18,"26-35","yes",1
"good",5,"owner",18,28,"married","no","fixed",60,102,2500,1300,450,1437,"no",0.313152400835073,25,0.245098039215686,42,"26-35","yes",0
"bad",12,"owner",48,49,"married","yes","fixed",45,152,7500,0,1100,2120,"no",0.518867924528302,22.9166666666667,0.150767543859649,107,"46-55","yes",1
"good",4,"priv",24,44,"married","no","fixed",75,96,4000,0,580,923,"no",0.628385698808234,24.1666666666667,0.251736111111111,21,"36-45","yes",0
"bad",9,"parents",60,31,"single","yes","fixed",35,92,0,0,1000,1161,"no",0.861326442721792,16.6666666666667,0.181159420289855,57,"26-35","no",1
"good",2,"parents",60,26,"married","no","fixed",45,199,0,0,1500,1698,"no",0.88339222614841,25,0.125628140703518,154,"26-35","no",0
"good",0,"owner",48,43,"married","no","partime",75,71,14000,0,1100,1660,"no",0.662650602409639,22.9166666666667,0.322769953051643,-4,"36-45","yes",0
"good",13,"owner",60,38,"single","no","fixed",45,80,4000,0,1060,1274,"no",0.832025117739403,17.6666666666667,0.220833333333333,35,"36-45","yes",0
"good",2,"other",42,25,"married","no","fixed",60,190,0,0,1100,1729,"no",0.636205899363794,26.1904761904762,0.137844611528822,130,"18-25","no",0
"good",8,"owner",36,40,"married","no","freelance",75,200,10000,0,700,800,"no",0.875,19.4444444444444,0.0972222222222222,125,"36-45","yes",0
"good",14,"priv",12,49,"married","no","fixed",90,140,3000,500,400,1432,"no",0.279329608938547,33.3333333333333,0.238095238095238,50,"46-55","yes",0
"bad",11,"rent",48,40,"married","no","fixed",59,140,0,0,1000,1930,"no",0.518134715025907,20.8333333333333,0.148809523809524,81,"36-45","no",1
"bad",20,"owner",36,57,"married","no","fixed",90,114,5000,1500,1000,1193,"no",0.838222967309304,27.7777777777778,0.243664717348928,24,"56+","yes",1
"good",1,"parents",48,28,"single","no","fixed",35,140,0,0,1400,1728,"no",0.810185185185185,29.1666666666667,0.208333333333333,105,"26-35","no",0
"good",14,"parents",60,28,"married","no","fixed",45,140,0,0,1150,1301,"no",0.883935434281322,19.1666666666667,0.136904761904762,95,"26-35","no",0
"good",13,"owner",48,54,"married","yes","fixed",45,90,2500,0,1000,1198,"no",0.834724540901502,20.8333333333333,0.231481481481481,45,"46-55","yes",0
"good",0,"owner",36,36,"married","no","fixed",75,424,9500,700,1000,1690,"no",0.591715976331361,27.7777777777778,0.0655136268343816,349,"36-45","yes",0
"good",1,"rent",60,26,"married","no","partime",61,155,0,0,1035,1709,"no",0.605617320070217,17.25,0.111290322580645,94,"26-35","no",0
"bad",0,"owner",60,36,"married","yes","freelance",75,142,6000,0,1650,1861,"yes",0.886620096722192,27.5,0.193661971830986,67,"36-45","yes",1
"good",10,"rent",60,26,"married","no","fixed",78,175,0,0,1000,1314,"no",0.76103500761035,16.6666666666667,0.0952380952380952,97,"26-35","no",0
"good",28,"parents",24,44,"married","no","freelance",90,180,0,0,450,1472,"no",0.30570652173913,18.75,0.104166666666667,90,"36-45","no",0
"good",8,"owner",36,30,"married","no","fixed",60,50,5000,400,300,1890,"no",0.158730158730159,8.33333333333333,0.166666666666667,-10,"26-35","yes",0
"good",1,"owner",36,24,"married","no","fixed",45,113,3500,0,1200,1702,"no",0.705052878965922,33.3333333333333,0.294985250737463,68,"18-25","yes",0
"bad",1,"rent",48,26,"single","no","fixed",45,100,0,0,1400,1968,"no",0.711382113821138,29.1666666666667,0.291666666666667,55,"26-35","no",1
"bad",0,"other",60,27,"married","yes","fixed",75,126,0,0,1600,1786,"yes",0.895856662933931,26.6666666666667,0.211640211640212,51,"26-35","no",1
"good",1,"owner",60,44,"married","no","freelance",90,428.98,20000,4774.49999999999,1200,1381,"no",0.868935553946416,20,0.0466222201501236,338.98,"36-45","yes",0
"good",1,"other",36,29,"single","no","fixed",35,52,0,0,1000,1152,"no",0.868055555555556,27.7777777777778,0.534188034188034,17,"26-35","no",0
"good",8,"owner",60,32,"married","no","fixed",75,157,3500,1800,1300,1590,"no",0.817610062893082,21.6666666666667,0.138004246284501,82,"26-35","yes",0
"good",10,"owner",24,46,"married","no","freelance",120,400,6000,2700,600,1080,"no",0.555555555555556,25,0.0625,280,"46-55","yes",0
"good",4,"rent",48,39,"married","no","fixed",91,157,0,0,1300,1501,"no",0.866089273817455,27.0833333333333,0.172505307855626,66,"36-45","no",0
"bad",0,"parents",60,30,"married","no","freelance",60,142,0,0,1000,1110,"yes",0.900900900900901,16.6666666666667,0.117370892018779,82,"26-35","no",1
"bad",10,"owner",60,27,"married","no","fixed",45,120,5000,2000,1570,1914,"no",0.820271682340648,26.1666666666667,0.218055555555556,75,"26-35","yes",1
"good",9,"rent",60,37,"married","no","fixed",91,162,0,0,1000,1537,"no",0.650618087182824,16.6666666666667,0.102880658436214,71,"36-45","no",0
"bad",0,"owner",48,26,"married","no","freelance",45,142,16000,3648,400,1751,"yes",0.228440890919475,8.33333333333333,0.0586854460093897,97,"26-35","yes",1
"good",5,"rent",24,29,"married","no","freelance",45,142,0,0,800,1197,"yes",0.668337510442774,33.3333333333333,0.234741784037559,97,"26-35","no",0
"good",8,"owner",36,60,"married","no","freelance",45,78,11000,0,500,670,"no",0.746268656716418,13.8888888888889,0.178062678062678,33,"56+","yes",0
"bad",0,"rent",36,26,"married","no","partime",80,195,0,0,600,785,"no",0.764331210191083,16.6666666666667,0.0854700854700855,115,"26-35","no",1
"good",2,"rent",60,33,"single","no","fixed",75,400,0,0,1450,1457,"no",0.995195607412491,24.1666666666667,0.0604166666666667,325,"26-35","no",0
"bad",0,"other",36,52,"married","no","freelance",45,142,0,0,500,1050,"yes",0.476190476190476,13.8888888888889,0.0978090766823161,97,"46-55","no",1
"good",6,"rent",24,28,"married","no","fixed",62,166,0,0,500,1150,"no",0.434782608695652,20.8333333333333,0.125502008032129,104,"26-35","no",0
"good",20,"owner",48,53,"married","no","fixed",60,135,4000,0,1170,1297,"no",0.902081727062452,24.375,0.180555555555556,75,"46-55","yes",0
"good",10,"owner",60,36,"married","no","fixed",75,204,5000,0,1400,1460,"no",0.958904109589041,23.3333333333333,0.11437908496732,129,"36-45","yes",0
"good",14,"owner",36,34,"married","no","fixed",75,155,3000,1000,400,1908,"no",0.209643605870021,11.1111111111111,0.0716845878136201,80,"26-35","yes",0
"good",1,"owner",36,30,"married","no","fixed",45,120,3000,1100,1750,2245,"no",0.779510022271715,48.6111111111111,0.405092592592593,75,"26-35","yes",0
"good",3,"parents",60,25,"single","no","fixed",35,130,6000,0,625,1083,"no",0.577100646352724,10.4166666666667,0.0801282051282051,95,"18-25","yes",0
"good",2,"owner",18,43,"married","no","freelance",90,356,5000,800,700,1073,"no",0.65237651444548,38.8888888888889,0.109238451935081,266,"36-45","yes",0
"good",25,"other",60,50,"married","no","fixed",90,230,0,0,800,860,"no",0.930232558139535,13.3333333333333,0.0579710144927536,140,"46-55","no",0
"good",36,"owner",48,58,"married","no","fixed",45,100,5500,108,700,1291,"no",0.542215336948102,14.5833333333333,0.145833333333333,55,"56+","yes",0
"good",11,"owner",60,44,"married","yes","fixed",60,130,3500,0,1400,1731,"no",0.808781051415367,23.3333333333333,0.179487179487179,70,"36-45","yes",0
"good",7,"owner",60,23,"single","no","fixed",60,145,4500,0,1100,1150,"no",0.956521739130435,18.3333333333333,0.126436781609195,85,"18-25","yes",0
"good",0,"rent",18,34,"married","yes","partime",98,81,0,0,300,450,"no",0.666666666666667,16.6666666666667,0.205761316872428,-17,"26-35","no",0
"good",1,"owner",60,29,"married","no","fixed",60,136,7000,0,1000,1688,"no",0.592417061611374,16.6666666666667,0.122549019607843,76,"26-35","yes",0
"good",17,"owner",60,32,"married","no","fixed",75,200,5000,2500,1550,1721,"no",0.900639163277164,25.8333333333333,0.129166666666667,125,"26-35","yes",0
"bad",2,"owner",36,19,"single","yes","freelance",35,142,9000,0,500,1100,"yes",0.454545454545455,13.8888888888889,0.0978090766823161,107,"18-25","yes",1
"good",18,"rent",42,35,"married","no","fixed",76,157,0,0,800,1687,"no",0.4742145820984,19.047619047619,0.121322414316045,81,"26-35","no",0
"good",0,"parents",48,24,"single","no","partime",45,76,0,0,1640,1649,"no",0.994542146755609,34.1666666666667,0.449561403508772,31,"18-25","no",0
"good",2,"owner",60,25,"married","no","freelance",45,200,6000,1500,1600,1866,"no",0.857449088960343,26.6666666666667,0.133333333333333,155,"18-25","yes",0
"good",1,"parents",12,24,"single","no","fixed",35,128,0,0,300,1056,"no",0.284090909090909,25,0.1953125,93,"18-25","no",0
"good",2,"owner",18,37,"married","no","fixed",90,90,1500,0,400,1166,"no",0.343053173241852,22.2222222222222,0.246913580246914,0,"36-45","yes",0
"bad",5,"rent",48,30,"separated","yes","partime",39,41,0,0,1300,1600,"no",0.8125,27.0833333333333,0.660569105691057,2,"26-35","no",1
"good",12,"owner",48,35,"married","no","fixed",45,125,6000,0,350,1511,"no",0.231634679020516,7.29166666666667,0.0583333333333333,80,"26-35","yes",0
"good",1,"other",36,28,"single","no","freelance",35,100,0,0,1950,2074,"no",0.940212150433944,54.1666666666667,0.541666666666667,65,"26-35","no",0
"good",14,"owner",60,45,"married","no","fixed",120,250,18000,0,450,911,"no",0.493962678375412,7.5,0.03,130,"36-45","yes",0
"bad",3,"parents",36,19,"single","yes","fixed",35,47,0,0,500,700,"no",0.714285714285714,13.8888888888889,0.295508274231678,12,"18-25","no",1
"good",2,"parents",24,30,"married","no","partime",45,57,0,0,500,974,"no",0.513347022587269,20.8333333333333,0.365497076023392,12,"26-35","no",0
"bad",6,"owner",12,36,"married","yes","fixed",90,78,6000,2700,300,500,"no",0.6,25,0.320512820512821,-12,"36-45","yes",1
"bad",2,"rent",36,29,"married","no","fixed",85,100,0,0,2100,2300,"no",0.91304347826087,58.3333333333333,0.583333333333333,15,"26-35","no",1
"good",13,"owner",60,28,"married","no","fixed",60,102,3500,0,1175,1375,"no",0.854545454545454,19.5833333333333,0.191993464052288,42,"26-35","yes",0
"good",0,"rent",60,27,"married","no","fixed",58,133,0,0,400,1136,"no",0.352112676056338,6.66666666666667,0.050125313283208,75,"26-35","no",0
"good",3,"other",48,22,"single","no","freelance",60,104,5000,0,1300,1813,"no",0.717043574186431,27.0833333333333,0.260416666666667,44,"18-25","yes",0
"good",15,"owner",60,40,"married","yes","freelance",75,142,16000,0,1150,1850,"yes",0.621621621621622,19.1666666666667,0.134976525821596,67,"36-45","yes",0
"good",1,"parents",48,26,"single","no","freelance",35,428.98,0,0,1300,1561,"no",0.832799487508008,27.0833333333333,0.0631342564532924,393.98,"26-35","no",0
"bad",8,"rent",60,40,"separated","no","fixed",70,100,0,0,1300,1510,"no",0.860927152317881,21.6666666666667,0.216666666666667,30,"36-45","no",1
"bad",1,"owner",60,52,"single","no","fixed",35,150,6000,0,1580,1756,"no",0.899772209567198,26.3333333333333,0.175555555555556,115,"46-55","yes",1
"bad",1,"parents",60,24,"single","no","partime",35,115,0,0,1400,1420,"no",0.985915492957746,23.3333333333333,0.202898550724638,80,"18-25","no",1
"bad",0,"owner",48,38,"married","no","freelance",90,38,2800,0,1050,1238,"no",0.848142164781906,21.875,0.575657894736842,-52,"36-45","yes",1
"bad",1,"rent",36,25,"married","no","partime",67,67,0,0,775,850,"no",0.911764705882353,21.5277777777778,0.321310116086235,0,"18-25","no",1
"bad",3,"rent",60,38,"married","yes","partime",72,123,0,0,1030,1170,"no",0.88034188034188,17.1666666666667,0.139566395663957,51,"36-45","no",1
"good",18,"owner",60,36,"married","no","fixed",45,85,3000,0,1500,1856,"no",0.808189655172414,25,0.294117647058824,40,"36-45","yes",0
"bad",0,"owner",60,44,"divorced","yes","fixed",60,60,4000,3378,1400,1703,"no",0.822078684674104,23.3333333333333,0.388888888888889,0,"36-45","yes",1
"bad",4,"owner",60,33,"married","no","partime",90,82,3500,1000,1300,1795,"no",0.724233983286908,21.6666666666667,0.264227642276423,-8,"26-35","yes",1
"good",1,"owner",36,36,"single","no","fixed",35,345,18000,0,2000,2961,"no",0.675447483958122,55.5555555555556,0.161030595813205,310,"36-45","yes",0
"good",0,"parents",36,26,"married","no","partime",60,142,0,0,1000,1426,"no",0.701262272089762,27.7777777777778,0.195618153364632,82,"26-35","no",0
"good",10,"owner",24,63,"married","no","freelance",60,107,17000,0,800,1472,"no",0.543478260869565,33.3333333333333,0.311526479750779,47,"56+","yes",0
"good",2,"owner",60,40,"married","no","fixed",90,161,8000,470,1200,1670,"no",0.718562874251497,20,0.124223602484472,71,"36-45","yes",0
"bad",4,"other",60,24,"single","no","partime",35,63,0,0,900,1777,"no",0.506471581316826,15,0.238095238095238,28,"18-25","no",1
"good",4,"owner",24,22,"single","no","fixed",35,79,4000,0,1000,1618,"no",0.618046971569839,41.6666666666667,0.527426160337553,44,"18-25","yes",0
"bad",7,"parents",60,40,"married","no","fixed",90,93,8000,0,1300,1588,"no",0.818639798488665,21.6666666666667,0.232974910394265,3,"36-45","yes",1
"good",11,"owner",36,26,"married","no","fixed",45,137,6000,0,1000,1264,"no",0.791139240506329,27.7777777777778,0.202757502027575,92,"26-35","yes",0
"bad",4,"priv",60,30,"married","yes","fixed",60,74,1500,0,870,875,"no",0.994285714285714,14.5,0.195945945945946,14,"26-35","yes",1
"good",15,"owner",48,31,"married","no","fixed",60,131,3000,0,770,872,"no",0.88302752293578,16.0416666666667,0.122455470737913,71,"26-35","yes",0
"good",4,"owner",48,22,"single","no","fixed",45,113,14000,0,1300,1410,"no",0.921985815602837,27.0833333333333,0.239675516224189,68,"18-25","yes",0
"bad",1,"owner",60,61,"married","no","others",45,37.51,6000,0,1000,1055,"no",0.947867298578199,16.6666666666667,0.444325957522439,-7.49,"56+","yes",1
"good",7,"parents",30,33,"married","no","fixed",75,154,4000,125,850,2243,"no",0.378956754346857,28.3333333333333,0.183982683982684,79,"26-35","yes",0
"good",28,"owner",24,45,"married","no","fixed",75,164,5000,0,600,1190,"no",0.504201680672269,25,0.152439024390244,89,"36-45","yes",0
"good",3,"owner",36,35,"married","no","fixed",75,84,3000,144,475,800,"no",0.59375,13.1944444444444,0.15707671957672,9,"26-35","yes",0
"bad",1,"owner",60,24,"married","no","fixed",45,199,6500,3000,1400,1702,"no",0.82256169212691,23.3333333333333,0.117252931323283,154,"18-25","yes",1
"good",3,"parents",48,26,"single","no","fixed",35,120,0,0,1100,2080,"no",0.528846153846154,22.9166666666667,0.190972222222222,85,"26-35","no",0
"good",6,"other",60,63,"married","no","fixed",45,234,0,0,610,1027,"no",0.59396299902629,10.1666666666667,0.0434472934472934,189,"56+","no",0
"good",5,"owner",48,41,"married","no","fixed",90,275,25000,1000,1800,2260,"no",0.79646017699115,37.5,0.136363636363636,185,"36-45","yes",0
"good",17,"owner",48,42,"married","no","freelance",75,250,7000,1000,1600,2078,"no",0.769971126082772,33.3333333333333,0.133333333333333,175,"36-45","yes",0
"bad",1,"rent",48,37,"separated","yes","fixed",46,110,0,0,900,1312,"no",0.685975609756098,18.75,0.170454545454545,64,"36-45","no",1
"bad",5,"owner",60,44,"married","no","freelance",45,65,4000,0,1400,1847,"no",0.757985923118571,23.3333333333333,0.358974358974359,20,"36-45","yes",1
"good",2,"rent",36,36,"married","no","freelance",95,200,5000,0,800,1158,"no",0.690846286701209,22.2222222222222,0.111111111111111,105,"36-45","yes",0
"bad",0,"rent",48,37,"married","yes","partime",120,300,8000,2000,1500,2977,"no",0.503862949277796,31.25,0.104166666666667,180,"36-45","yes",1
"bad",6,"owner",24,39,"married","no","fixed",75,58,2000,0,200,375,"no",0.533333333333333,8.33333333333333,0.14367816091954,-17,"36-45","yes",1
"bad",20,"owner",60,54,"married","no","freelance",75,142,10000,0,900,1056,"yes",0.852272727272727,15,0.105633802816901,67,"46-55","yes",1
"good",2,"owner",48,32,"married","no","fixed",75,139,2000,80,460,1589,"no",0.289490245437382,9.58333333333333,0.0689448441247002,64,"26-35","yes",0
"good",22,"owner",48,45,"married","no","fixed",45,208,11500,0,1000,1698,"no",0.588928150765607,20.8333333333333,0.100160256410256,163,"36-45","yes",0
"good",4,"other",12,28,"married","no","fixed",45,99,0,0,250,1000,"no",0.25,20.8333333333333,0.21043771043771,54,"26-35","no",0
"bad",1,"rent",60,25,"married","no","freelance",45,142,0,0,1000,1310,"yes",0.763358778625954,16.6666666666667,0.117370892018779,97,"18-25","no",1
"good",15,"priv",60,30,"married","no","fixed",60,140,4000,1680,400,1320,"no",0.303030303030303,6.66666666666667,0.0476190476190476,80,"26-35","yes",0
"bad",5,"parents",48,25,"single","no","fixed",35,78,0,0,1000,1154,"no",0.866551126516464,20.8333333333333,0.267094017094017,43,"18-25","no",1
"good",14,"owner",60,37,"married","no","fixed",60,79,3500,0,700,1700,"no",0.411764705882353,11.6666666666667,0.147679324894515,19,"36-45","yes",0
"good",1,"owner",36,36,"married","no","partime",45,80,500,0,950,1566,"no",0.606641123882503,26.3888888888889,0.329861111111111,35,"36-45","yes",0
"good",12,"owner",60,37,"married","no","freelance",60,85,6000,0,1200,1731,"no",0.693240901213172,20,0.235294117647059,25,"36-45","yes",0
"good",25,"rent",42,61,"married","no","fixed",57,121,0,0,750,830,"no",0.903614457831325,17.8571428571429,0.147579693034238,64,"56+","no",0
"good",20,"owner",36,41,"married","no","freelance",90,250,13500,0,1900,2200,"no",0.863636363636364,52.7777777777778,0.211111111111111,160,"36-45","yes",0
"good",1,"owner",48,33,"married","no","fixed",45,104,6500,0,1150,1348,"no",0.853115727002967,23.9583333333333,0.23036858974359,59,"26-35","yes",0
"good",6,"owner",48,33,"married","no","freelance",45,78,3500,0,1100,1526,"no",0.72083879423329,22.9166666666667,0.293803418803419,33,"26-35","yes",0
"good",2,"parents",48,34,"single","no","fixed",45,157,4000,0,1450,1769,"no",0.819672131147541,30.2083333333333,0.192409766454352,112,"26-35","yes",0
"good",1,"rent",48,42,"married","no","fixed",94,192,0,0,1350,1819,"no",0.74216602528862,28.125,0.146484375,98,"36-45","no",0
"good",16,"parents",48,35,"separated","no","fixed",60,103,0,0,500,862,"no",0.580046403712297,10.4166666666667,0.101132686084142,43,"26-35","no",0
"bad",6,"parents",60,38,"married","no","fixed",45,75,0,0,1175,1800,"no",0.652777777777778,19.5833333333333,0.261111111111111,30,"36-45","no",1
"bad",8,"rent",60,28,"married","no","fixed",53,177,0,0,1900,2530,"no",0.75098814229249,31.6666666666667,0.178907721280603,124,"26-35","no",1
"bad",0,"parents",36,21,"single","yes","fixed",35,75,0,0,690,790,"no",0.873417721518987,19.1666666666667,0.255555555555556,40,"18-25","no",1
"good",20,"owner",18,40,"married","no","fixed",75,210,3500,0,800,1717,"no",0.46592894583576,44.4444444444444,0.211640211640212,135,"36-45","yes",0
"good",0,"owner",24,39,"married","no","others",35,93,10000,0,600,950,"yes",0.631578947368421,25,0.268817204301075,58,"36-45","yes",0
"good",5,"owner",60,43,"married","no","fixed",75,105,5000,0,1000,1809,"no",0.552791597567717,16.6666666666667,0.158730158730159,30,"36-45","yes",0
"bad",6,"priv",36,29,"single","no","partime",35,68,1500,0,500,525,"no",0.952380952380952,13.8888888888889,0.204248366013072,33,"26-35","yes",1
"good",2,"parents",24,19,"single","no","partime",35,50,50000,0,900,1472,"no",0.611413043478261,37.5,0.75,15,"18-25","yes",0
"good",18,"rent",60,52,"married","no","fixed",58,128,0,0,800,1235,"no",0.647773279352227,13.3333333333333,0.104166666666667,70,"46-55","no",0
"bad",1,"owner",60,39,"married","no","freelance",60,142,6000,3000,850,1104,"yes",0.769927536231884,14.1666666666667,0.0997652582159624,82,"36-45","yes",1
"good",0,"owner",12,49,"widow","no","freelance",60,142,21000,0,1800,2309,"yes",0.779558250324816,150,1.05633802816901,82,"46-55","yes",0
"bad",0,"owner",60,49,"married","no","freelance",60,189,3500,0,1600,1815,"no",0.881542699724518,26.6666666666667,0.141093474426808,129,"46-55","yes",1
"good",4,"rent",54,27,"married","no","fixed",74,139,0,0,900,1132,"no",0.795053003533569,16.6666666666667,0.119904076738609,65,"26-35","no",0
"good",6,"owner",60,29,"married","no","fixed",60,125,5000,0,1500,1531,"no",0.979751796211626,25,0.2,65,"26-35","yes",0
"good",11,"parents",60,37,"married","no","fixed",75,100,0,0,1150,1230,"no",0.934959349593496,19.1666666666667,0.191666666666667,25,"36-45","no",0
"bad",1,"parents",48,25,"single","no","partime",35,50,0,0,1000,1041,"no",0.960614793467819,20.8333333333333,0.416666666666667,15,"18-25","no",1
"good",0,"owner",30,55,"married","no","freelance",60,155,6000,0,500,635,"no",0.78740157480315,16.6666666666667,0.10752688172043,95,"46-55","yes",0
"good",1,"other",24,27,"married","no","partime",60,128,4000,0,400,1224,"no",0.326797385620915,16.6666666666667,0.130208333333333,68,"26-35","yes",0
"bad",10,"owner",36,43,"married","no","freelance",60,142,4500,0,1000,1905,"yes",0.5249343832021,27.7777777777778,0.195618153364632,82,"36-45","yes",1
"good",40,"owner",48,60,"married","no","freelance",75,183,5000,0,1200,1308,"no",0.917431192660551,25,0.136612021857924,108,"56+","yes",0
"bad",0,"other",60,32,"married","no","fixed",75,160,0,0,1300,1350,"no",0.962962962962963,21.6666666666667,0.135416666666667,85,"26-35","no",1
"good",6,"other",36,36,"married","no","fixed",60,160,0,0,550,700,"no",0.785714285714286,15.2777777777778,0.0954861111111111,100,"36-45","no",0
"good",5,"parents",48,22,"single","no","fixed",35,75,27000,0,1300,1495,"no",0.869565217391304,27.0833333333333,0.361111111111111,40,"18-25","yes",0
"bad",0,"other",60,34,"married","yes","fixed",60,126,0,0,1700,2329,"yes",0.72992700729927,28.3333333333333,0.224867724867725,66,"26-35","no",1
"good",10,"priv",36,44,"married","no","freelance",75,77,8000,0,900,943,"no",0.95440084835631,25,0.324675324675325,2,"36-45","yes",0
"good",5,"rent",30,59,"married","no","fixed",81,207,20000,0,700,1460,"no",0.479452054794521,23.3333333333333,0.112721417069243,126,"56+","yes",0
"good",11,"owner",48,42,"married","no","fixed",75,180,3500,1200,700,1703,"no",0.411039342337052,14.5833333333333,0.0810185185185185,105,"36-45","yes",0
"good",17,"owner",24,53,"married","no","fixed",75,132,4000,0,400,1195,"no",0.334728033472803,16.6666666666667,0.126262626262626,57,"46-55","yes",0
"bad",0,"owner",60,33,"married","no","partime",45,128,4500,0,1250,1442,"no",0.866851595006935,20.8333333333333,0.162760416666667,83,"26-35","yes",1
"bad",10,"rent",60,37,"married","no","fixed",85,96,4000,850,1100,1340,"no",0.82089552238806,18.3333333333333,0.190972222222222,11,"36-45","yes",1
"bad",9,"other",60,35,"married","no","fixed",60,70,0,0,1500,1562,"no",0.960307298335467,25,0.357142857142857,10,"26-35","no",1
"good",19,"rent",60,41,"married","no","fixed",88,125,0,0,1450,1564,"no",0.927109974424552,24.1666666666667,0.193333333333333,37,"36-45","no",0
"bad",5,"owner",60,50,"married","no","partime",60,81,5000,0,1540,1770,"no",0.870056497175141,25.6666666666667,0.316872427983539,21,"46-55","yes",1
"bad",7,"owner",36,37,"married","yes","freelance",90,150,4500,3000,400,882,"no",0.453514739229025,11.1111111111111,0.0740740740740741,60,"36-45","yes",1
"good",8,"rent",36,33,"married","no","fixed",78,175,0,0,1000,1187,"no",0.8424599831508,27.7777777777778,0.158730158730159,97,"26-35","no",0
"good",10,"rent",48,56,"married","no","freelance",86,112,0,0,1000,1000,"no",1,20.8333333333333,0.186011904761905,26,"56+","no",0
"good",20,"owner",36,43,"married","no","fixed",60,80,3000,0,600,675,"no",0.888888888888889,16.6666666666667,0.208333333333333,20,"36-45","yes",0
"good",0,"owner",36,62,"married","no","others",45,73,5000,0,430,1132,"no",0.379858657243816,11.9444444444444,0.163622526636225,28,"56+","yes",0
"bad",6,"parents",60,38,"married","no","freelance",105,142,0,0,480,1481,"yes",0.324105334233626,8,0.0563380281690141,37,"36-45","no",1
"good",2,"priv",60,34,"married","no","fixed",60,186,8000,4000,1250,1350,"no",0.925925925925926,20.8333333333333,0.112007168458781,126,"26-35","yes",0
"bad",0,"owner",48,29,"married","yes","others",45,391,6500,420,2000,2397,"no",0.834376303712975,41.6666666666667,0.106564364876385,346,"26-35","yes",1
"good",12,"owner",48,49,"married","no","partime",45,80,4000,0,800,1228,"no",0.651465798045603,16.6666666666667,0.208333333333333,35,"46-55","yes",0
"good",0,"owner",48,49,"married","no","freelance",105,280,20000,0,800,1137,"no",0.703605980650836,16.6666666666667,0.0595238095238095,175,"46-55","yes",0
"good",9,"rent",36,34,"single","no","fixed",49,136,0,0,800,1064,"no",0.75187969924812,22.2222222222222,0.163398692810458,87,"26-35","no",0
"bad",13,"other",36,35,"married","no","fixed",75,70,0,0,450,450,"no",1,12.5,0.178571428571429,-5,"26-35","no",1
"bad",5,"priv",48,44,"married","yes","fixed",75,199,4600,0,1600,2631,"no",0.608133789433675,33.3333333333333,0.16750418760469,124,"36-45","yes",1
"bad",0,"rent",48,30,"married","no","partime",60,150,0,0,1300,1582,"no",0.821744627054362,27.0833333333333,0.180555555555556,90,"26-35","no",1
"good",3,"rent",60,44,"married","no","freelance",74,140,2000,0,800,992,"no",0.806451612903226,13.3333333333333,0.0952380952380952,66,"36-45","yes",0
"good",2,"other",60,23,"single","no","fixed",45,175,7500,0,1500,1525,"no",0.983606557377049,25,0.142857142857143,130,"18-25","yes",0
"bad",20,"owner",60,50,"married","yes","freelance",45,125,3000,0,1500,1600,"no",0.9375,25,0.2,80,"46-55","yes",1
"good",8,"parents",48,26,"single","no","fixed",35,78,0,0,500,1800,"no",0.277777777777778,10.4166666666667,0.133547008547009,43,"26-35","no",0
"good",8,"owner",36,48,"married","no","fixed",45,75,3500,0,670,857,"no",0.781796966161027,18.6111111111111,0.248148148148148,30,"46-55","yes",0
"bad",1,"owner",48,42,"divorced","no","fixed",35,210,6500,1500,1650,1679,"no",0.982727814175104,34.375,0.163690476190476,175,"36-45","yes",1
"good",35,"owner",36,59,"married","no","freelance",60,125,6000,0,500,1389,"no",0.359971202303816,13.8888888888889,0.111111111111111,65,"56+","yes",0
"bad",7,"other",48,22,"married","no","freelance",45,142,0,0,1100,1729,"yes",0.636205899363794,22.9166666666667,0.161384976525822,97,"18-25","no",1
"bad",2,"rent",60,21,"married","no","freelance",70,100,2000,0,1100,1260,"no",0.873015873015873,18.3333333333333,0.183333333333333,30,"18-25","yes",1
"good",8,"priv",60,30,"married","no","fixed",75,100,2000,192,1400,1460,"no",0.958904109589041,23.3333333333333,0.233333333333333,25,"26-35","yes",0
"bad",10,"parents",12,25,"single","no","freelance",35,142,0,0,675,1387,"yes",0.486661860129776,56.25,0.39612676056338,107,"18-25","no",1
"good",1,"other",30,26,"single","no","fixed",35,110,0,0,700,1340,"no",0.522388059701492,23.3333333333333,0.212121212121212,75,"26-35","no",0
"bad",1,"owner",48,26,"married","no","freelance",75,180,1600,0,1450,1610,"no",0.900621118012422,30.2083333333333,0.167824074074074,105,"26-35","yes",1
"bad",10,"rent",48,34,"married","no","fixed",83,79,0,0,1200,1215,"no",0.987654320987654,25,0.316455696202532,-4,"26-35","no",1
"good",4,"owner",60,32,"married","yes","fixed",75,183,8000,0,1170,1398,"no",0.836909871244635,19.5,0.10655737704918,108,"26-35","yes",0
"bad",11,"owner",36,37,"married","yes","freelance",60,205,13600,4500,450,625,"no",0.72,12.5,0.0609756097560976,145,"36-45","yes",1
"good",12,"owner",60,27,"married","no","fixed",60,118,6000,800,900,1200,"no",0.75,15,0.127118644067797,58,"26-35","yes",0
"good",2,"parents",60,26,"single","no","fixed",35,117,0,0,1000,1724,"no",0.580046403712297,16.6666666666667,0.142450142450142,82,"26-35","no",0
"good",11,"other",12,41,"single","no","fixed",35,135,0,0,1000,1300,"no",0.769230769230769,83.3333333333333,0.617283950617284,100,"36-45","no",0
"good",8,"owner",48,26,"married","no","freelance",90,113,3000,750,1200,1450,"no",0.827586206896552,25,0.221238938053097,23,"26-35","yes",0
"good",5,"parents",60,21,"single","no","fixed",35,60,0,0,1100,1134,"no",0.970017636684303,18.3333333333333,0.305555555555556,25,"18-25","no",0
"bad",0,"rent",36,24,"single","no","partime",44,85,0,0,375,575,"no",0.652173913043478,10.4166666666667,0.122549019607843,41,"18-25","no",1
"good",16,"owner",60,30,"married","no","fixed",45,135,5000,0,1000,1230,"no",0.813008130081301,16.6666666666667,0.123456790123457,90,"26-35","yes",0
"good",15,"owner",36,35,"married","no","fixed",60,146,3500,0,1600,2122,"no",0.754005655042413,44.4444444444444,0.30441400304414,86,"26-35","yes",0
"bad",4,"rent",48,26,"single","no","freelance",50,150,0,0,1100,1335,"no",0.823970037453184,22.9166666666667,0.152777777777778,100,"26-35","no",1
"good",3,"owner",36,36,"married","no","freelance",75,142,4000,0,1000,1818,"yes",0.55005500550055,27.7777777777778,0.195618153364632,67,"36-45","yes",0
"bad",1,"priv",60,32,"married","no","freelance",75,142,1200,0,1150,1565,"yes",0.73482428115016,19.1666666666667,0.134976525821596,67,"26-35","yes",1
"bad",10,"priv",60,43,"married","no","fixed",90,110,4500,1500,750,936,"no",0.801282051282051,12.5,0.113636363636364,20,"36-45","yes",1
"bad",0,"owner",48,39,"married","yes","partime",45,132,3500,0,1000,1603,"no",0.623830318153462,20.8333333333333,0.157828282828283,87,"36-45","yes",1
"good",41,"other",24,59,"married","no","fixed",60,177,0,0,500,1633,"no",0.306184935701164,20.8333333333333,0.117702448210923,117,"56+","no",0
"bad",0,"owner",36,32,"married","no","others",75,74,4000,0,500,1104,"no",0.452898550724638,13.8888888888889,0.187687687687688,-1,"26-35","yes",1
"good",1,"rent",6,25,"single","no","fixed",46,112,0,0,200,600,"no",0.333333333333333,33.3333333333333,0.297619047619048,66,"18-25","no",0
"bad",0,"parents",36,38,"married","yes","freelance",75,125,11000,0,2500,3350,"no",0.746268656716418,69.4444444444444,0.555555555555556,50,"36-45","yes",1
"good",2,"parents",60,28,"single","no","fixed",35,220,0,0,1600,1739,"no",0.920069005175388,26.6666666666667,0.121212121212121,185,"26-35","no",0
"good",2,"parents",60,25,"single","no","fixed",35,96,0,0,1300,1785,"no",0.728291316526611,21.6666666666667,0.225694444444444,61,"18-25","no",0
"good",11,"parents",60,41,"separated","yes","fixed",35,100,0,0,1250,1549,"no",0.806972240154939,20.8333333333333,0.208333333333333,65,"36-45","no",0
"good",12,"owner",12,50,"married","no","freelance",75,200,17000,3000,1250,1721,"no",0.726321905868681,104.166666666667,0.520833333333333,125,"46-55","yes",0
"good",2,"owner",48,33,"married","no","fixed",75,100,6500,2000,1000,1234,"no",0.810372771474878,20.8333333333333,0.208333333333333,25,"26-35","yes",0
"good",1,"rent",36,28,"single","no","fixed",55,196,0,0,1200,1599,"no",0.75046904315197,33.3333333333333,0.170068027210884,141,"26-35","no",0
"good",4,"owner",60,26,"married","no","fixed",45,152,4000,1200,950,1050,"no",0.904761904761905,15.8333333333333,0.104166666666667,107,"26-35","yes",0
"good",1,"rent",36,29,"married","no","freelance",54,86,0,0,500,1686,"no",0.29655990510083,13.8888888888889,0.161498708010336,32,"26-35","no",0
"good",5,"owner",24,42,"married","no","fixed",45,113,7100,0,1800,3559.49,"no",0.505690421942469,75,0.663716814159292,68,"36-45","yes",0
"good",14,"owner",36,39,"married","no","fixed",75,200,5000,0,1000,1155,"no",0.865800865800866,27.7777777777778,0.138888888888889,125,"36-45","yes",0
"bad",0,"other",60,46,"single","no","fixed",35,150,0,0,1400,1490,"no",0.939597315436242,23.3333333333333,0.155555555555556,115,"46-55","no",1
"good",7,"owner",36,24,"married","no","fixed",45,95,3000,0,1000,1597,"no",0.626174076393237,27.7777777777778,0.292397660818713,50,"18-25","yes",0
"good",12,"parents",36,31,"married","no","fixed",60,160,3000,1000,700,1100,"no",0.636363636363636,19.4444444444444,0.121527777777778,100,"26-35","yes",0
"bad",2,"other",60,37,"married","no","fixed",75,126,0,0,1385,1385,"yes",1,23.0833333333333,0.183201058201058,51,"36-45","no",1
"good",17,"owner",48,42,"married","no","fixed",90,428.98,8000,1800,1000,3313,"no",0.301841231512225,20.8333333333333,0.0485648126563787,338.98,"36-45","yes",0
"bad",14,"rent",60,63,"married","no","fixed",73,127,0,0,1400,1496,"no",0.935828877005348,23.3333333333333,0.183727034120735,54,"56+","no",1
"bad",0,"rent",36,18,"single","no","partime",40,51,0,0,500,500,"no",1,13.8888888888889,0.272331154684096,11,"18-25","no",1
"good",19,"owner",36,43,"married","no","freelance",75,70,7000,0,1000,2335,"no",0.428265524625268,27.7777777777778,0.396825396825397,-5,"36-45","yes",0
"bad",0,"parents",36,26,"single","no","partime",35,70,3500,350,375,500,"no",0.75,10.4166666666667,0.148809523809524,35,"26-35","yes",1
"good",6,"rent",36,24,"married","no","fixed",66,213,0,0,1000,1064,"no",0.93984962406015,27.7777777777778,0.130412102243088,147,"18-25","no",0
"good",14,"rent",48,29,"married","no","fixed",52,70,0,0,800,1210,"no",0.661157024793388,16.6666666666667,0.238095238095238,18,"26-35","no",0
"bad",0,"parents",48,28,"divorced","yes","fixed",35,280,0,0,1300,2058,"no",0.631681243926142,27.0833333333333,0.0967261904761905,245,"26-35","no",1
"good",10,"owner",60,39,"married","yes","fixed",90,195,12000,0,1500,2659,"no",0.564121850319669,25,0.128205128205128,105,"36-45","yes",0
"good",6,"parents",48,30,"single","no","freelance",35,142,7000,0,700,1054,"yes",0.664136622390892,14.5833333333333,0.102699530516432,107,"26-35","yes",0
"good",20,"owner",60,43,"married","no","partime",60,138,20000,0,1000,1312,"no",0.76219512195122,16.6666666666667,0.120772946859903,78,"36-45","yes",0
"good",12,"rent",60,38,"married","no","fixed",96,205,3500,0,1400,1742,"no",0.803673938002296,23.3333333333333,0.113821138211382,109,"36-45","yes",0
"good",3,"rent",48,29,"married","no","fixed",59,137,0,0,800,889,"no",0.899887514060742,16.6666666666667,0.121654501216545,78,"26-35","no",0
"good",2,"parents",48,28,"single","no","fixed",35,79,0,0,650,1379,"no",0.4713560551124,13.5416666666667,0.171413502109705,44,"26-35","no",0
"good",13,"rent",60,41,"single","no","fixed",45,95,0,0,940,1379,"no",0.681653372008702,15.6666666666667,0.164912280701754,50,"36-45","no",0
"good",23,"owner",48,60,"married","no","fixed",35,80,3000,0,1150,1242,"no",0.925925925925926,23.9583333333333,0.299479166666667,45,"56+","yes",0
"good",3,"priv",60,54,"married","no","fixed",45,134,2000,0,1100,1286,"no",0.855365474339036,18.3333333333333,0.13681592039801,89,"46-55","yes",0
"good",3,"parents",36,22,"single","no","fixed",35,65,0,0,1000,1629,"no",0.613873542050338,27.7777777777778,0.427350427350427,30,"18-25","no",0
"good",2,"owner",30,38,"married","no","fixed",75,159,11000,0,1280,1289,"no",0.993017843289372,42.6666666666667,0.268343815513627,84,"36-45","yes",0
"good",30,"owner",24,57,"married","no","freelance",45,40,17000,0,400,500,"no",0.8,16.6666666666667,0.416666666666667,-5,"56+","yes",0
"good",10,"owner",24,42,"married","no","freelance",75,70,4600,0,500,1104,"no",0.452898550724638,20.8333333333333,0.297619047619048,-5,"36-45","yes",0
"good",16,"owner",60,39,"married","yes","fixed",60,115,3000,0,800,1373,"no",0.582665695557174,13.3333333333333,0.115942028985507,55,"36-45","yes",0
"good",2,"rent",48,31,"married","no","fixed",67,67,0,0,970,1273,"no",0.761979575805185,20.2083333333333,0.301616915422886,0,"26-35","no",0
"good",2,"other",36,24,"married","no","fixed",60,102,0,0,900,1555,"no",0.578778135048232,25,0.245098039215686,42,"18-25","no",0
"good",11,"owner",60,27,"married","no","fixed",60,125,2500,0,1100,1220,"no",0.901639344262295,18.3333333333333,0.146666666666667,65,"26-35","yes",0
"good",8,"owner",24,35,"married","yes","freelance",75,180,12000,0,1000,2256,"no",0.443262411347518,41.6666666666667,0.231481481481481,105,"26-35","yes",0
"good",37,"parents",36,52,"married","no","fixed",60,240,0,0,1510,1625,"no",0.929230769230769,41.9444444444444,0.174768518518519,180,"46-55","no",0
"bad",2,"owner",48,34,"married","no","freelance",90,250,16000,2000,1500,1768,"no",0.84841628959276,31.25,0.125,160,"26-35","yes",1
"bad",0,"rent",48,39,"married","no","freelance",45,142,0,0,700,987,"yes",0.709219858156028,14.5833333333333,0.102699530516432,97,"36-45","no",1
"bad",6,"rent",48,37,"married","no","fixed",77,170,0,0,887,887,"no",1,18.4791666666667,0.108700980392157,93,"36-45","no",1
"bad",4,"rent",36,27,"separated","no","fixed",47,116,0,0,1300,1700,"no",0.764705882352941,36.1111111111111,0.311302681992337,69,"26-35","no",1
"good",10,"owner",24,34,"married","no","freelance",45,225,25000,0,1300,2063,"no",0.630150266602036,54.1666666666667,0.240740740740741,180,"26-35","yes",0
"good",5,"rent",36,63,"married","no","others",50,54,3000,0,550,700,"no",0.785714285714286,15.2777777777778,0.282921810699588,4,"56+","yes",0
"bad",4,"rent",48,26,"single","no","fixed",47,124,0,0,1500,1756,"no",0.854214123006834,31.25,0.252016129032258,77,"26-35","no",1
"good",9,"owner",48,23,"single","no","fixed",35,123,7500,0,800,1111,"no",0.72007200720072,16.6666666666667,0.13550135501355,88,"18-25","yes",0
"bad",1,"parents",36,28,"married","yes","fixed",60,95,4000,0,500,625,"no",0.8,13.8888888888889,0.146198830409357,35,"26-35","yes",1
"good",7,"other",48,43,"married","yes","fixed",75,160,0,0,1350,1519,"no",0.888742593811718,28.125,0.17578125,85,"36-45","no",0
"bad",2,"owner",60,27,"married","yes","fixed",60,115,4000,800,2250,2850,"no",0.789473684210526,37.5,0.326086956521739,55,"26-35","yes",1
"good",2,"owner",48,52,"married","no","fixed",75,218,3000,10,1400,1565,"no",0.894568690095847,29.1666666666667,0.133792048929664,143,"46-55","yes",0
"good",10,"owner",60,40,"married","no","freelance",90,301,2000,0,1100,1835,"no",0.599455040871935,18.3333333333333,0.0609080841638981,211,"36-45","yes",0
"good",12,"owner",48,48,"married","no","fixed",45,293,12000,0,500,600,"no",0.833333333333333,10.4166666666667,0.035551763367463,248,"46-55","yes",0
"good",4,"owner",60,33,"married","no","fixed",75,128,3500,100,400,1244,"no",0.321543408360129,6.66666666666667,0.0520833333333333,53,"26-35","yes",0
"good",7,"priv",12,30,"single","no","freelance",35,142,3000,0,600,670,"yes",0.895522388059702,50,0.352112676056338,107,"26-35","yes",0
"bad",14,"rent",60,46,"married","no","freelance",48,37.51,0,0,1700,2210,"no",0.769230769230769,28.3333333333333,0.755354127788145,-10.49,"46-55","no",1
"bad",2,"other",48,29,"married","no","fixed",75,96,6000,3000,1200,1521,"no",0.788954635108481,25,0.260416666666667,21,"26-35","yes",1
"good",1,"owner",36,19,"single","no","fixed",45,98,4000,0,200,1330,"no",0.150375939849624,5.55555555555556,0.0566893424036281,53,"18-25","yes",0
"bad",1,"rent",48,35,"married","no","fixed",81,55,1500,0,1300,1440,"no",0.902777777777778,27.0833333333333,0.492424242424242,-26,"26-35","yes",1
"bad",0,"rent",48,37,"married","no","partime",60,154,0,0,1870,2217,"no",0.843482183130356,38.9583333333333,0.25297619047619,94,"36-45","no",1
"good",8,"owner",48,52,"married","no","fixed",60,105,3500,0,1000,1887,"no",0.529941706412295,20.8333333333333,0.198412698412698,45,"46-55","yes",0
"good",20,"rent",36,57,"married","no","freelance",102,117,0,0,475,500,"no",0.95,13.1944444444444,0.112773029439696,15,"56+","no",0
"good",2,"parents",48,20,"single","no","fixed",35,318,3000,0,740,1325,"no",0.558490566037736,15.4166666666667,0.0484800838574423,283,"18-25","yes",0
"good",0,"owner",24,28,"married","no","partime",45,219,6000,0,600,943,"no",0.63626723223754,25,0.114155251141553,174,"26-35","yes",0
"good",7,"owner",60,25,"married","no","fixed",60,102,3500,1500,1400,1432,"no",0.977653631284916,23.3333333333333,0.228758169934641,42,"18-25","yes",0
"bad",1,"rent",48,33,"divorced","no","fixed",60,250,0,0,1300,1573,"no",0.826446280991736,27.0833333333333,0.108333333333333,190,"26-35","no",1
"good",0,"owner",48,37,"married","no","freelance",60,107,18000,1700,800,1015,"no",0.788177339901478,16.6666666666667,0.155763239875389,47,"36-45","yes",0
"good",2,"parents",30,23,"single","no","fixed",35,60,0,0,600,1127,"no",0.532386867790595,20,0.333333333333333,25,"18-25","no",0
"bad",8,"rent",24,44,"married","no","fixed",68,83,40000,0,1300,1372,"no",0.947521865889213,54.1666666666667,0.652610441767068,15,"36-45","yes",1
"bad",4,"owner",48,47,"married","yes","freelance",45,142,3000,0,1350,2172,"yes",0.621546961325967,28.125,0.19806338028169,97,"46-55","yes",1
"good",7,"rent",60,24,"single","no","fixed",44,93,0,0,1100,1519,"no",0.724160631994733,18.3333333333333,0.197132616487455,49,"18-25","no",0
"good",1,"parents",60,25,"single","no","fixed",35,105,0,0,1100,1222,"no",0.900163666121113,18.3333333333333,0.174603174603175,70,"18-25","no",0
"good",4,"parents",36,27,"single","no","fixed",35,70,0,0,700,975,"no",0.717948717948718,19.4444444444444,0.277777777777778,35,"26-35","no",0
"bad",15,"owner",60,58,"married","yes","fixed",60,117,6000,0,1500,1670,"no",0.898203592814371,25,0.213675213675214,57,"56+","yes",1
"good",25,"rent",24,45,"separated","no","freelance",53,183,50000,0,1900,3088,"no",0.615284974093264,79.1666666666667,0.432604735883424,130,"36-45","yes",0
"bad",0,"parents",60,20,"single","no","fixed",35,120,5500,1200,1170,1362,"no",0.859030837004405,19.5,0.1625,85,"18-25","yes",1
"good",28,"owner",36,49,"married","no","fixed",45,90,27000,0,600,1690,"no",0.355029585798817,16.6666666666667,0.185185185185185,45,"46-55","yes",0
"good",0,"owner",60,25,"married","no","freelance",60,142,5500,1000,1100,1650,"yes",0.666666666666667,18.3333333333333,0.129107981220657,82,"18-25","yes",0
"good",17,"parents",36,43,"married","no","fixed",75,200,0,0,1000,2355,"no",0.424628450106157,27.7777777777778,0.138888888888889,125,"36-45","no",0
"bad",2,"owner",60,38,"married","yes","fixed",75,74,3500,500,1700,1888,"no",0.900423728813559,28.3333333333333,0.382882882882883,-1,"36-45","yes",1
"good",11,"owner",60,41,"married","no","fixed",60,313,7500,2000,2180,2654,"no",0.821401657874906,36.3333333333333,0.116080937167199,253,"36-45","yes",0
"good",1,"owner",36,31,"married","no","fixed",45,197,8000,300,1590,1597,"no",0.995616781465247,44.1666666666667,0.22419627749577,152,"26-35","yes",0
"good",30,"owner",30,61,"married","no","fixed",60,320,4000,0,700,1054,"no",0.664136622390892,23.3333333333333,0.0729166666666667,260,"56+","yes",0
"good",6,"parents",60,38,"single","no","fixed",35,210,0,0,1200,1823,"no",0.65825562260011,20,0.0952380952380952,175,"36-45","no",0
"good",10,"owner",48,50,"married","no","freelance",60,40,12000,0,1000,1303,"no",0.767459708365311,20.8333333333333,0.520833333333333,-20,"46-55","yes",0
"good",30,"owner",60,65,"married","no","freelance",45,250,50000,0,1700,2290,"no",0.74235807860262,28.3333333333333,0.113333333333333,205,"56+","yes",0
"good",1,"parents",60,22,"single","no","fixed",35,110,3500,0,1300,1517,"no",0.856954515491101,21.6666666666667,0.196969696969697,75,"18-25","yes",0
"good",26,"priv",48,60,"married","no","fixed",45,134,4200,2000,700,2684,"no",0.26080476900149,14.5833333333333,0.108830845771144,89,"56+","yes",0
"good",25,"owner",36,59,"single","no","freelance",35,37.51,5500,1500,425,1175,"no",0.361702127659574,11.8055555555556,0.314730886578394,2.51,"56+","yes",0
"good",7,"priv",36,24,"single","no","freelance",35,131,7500,0,1350,1406,"no",0.960170697012802,37.5,0.286259541984733,96,"18-25","yes",0
"good",22,"owner",36,45,"married","no","fixed",75,260,3000,0,1200,2267,"no",0.529333921482135,33.3333333333333,0.128205128205128,185,"36-45","yes",0
"bad",4,"rent",36,34,"married","no","fixed",70,100,0,0,900,1150,"no",0.782608695652174,25,0.25,30,"26-35","no",1
"good",0,"owner",48,26,"single","no","fixed",35,101,2000,0,1000,1300,"no",0.769230769230769,20.8333333333333,0.206270627062706,66,"26-35","yes",0
"bad",0,"owner",60,65,"married","no","others",45,69,10000,0,1500,1750,"no",0.857142857142857,25,0.36231884057971,24,"56+","yes",1
"good",30,"rent",36,59,"married","no","freelance",50,52,25000,0,1000,1298,"no",0.770416024653313,27.7777777777778,0.534188034188034,2,"56+","yes",0
"good",13,"parents",36,38,"separated","no","fixed",45,128,0,0,525,625,"no",0.84,14.5833333333333,0.113932291666667,83,"36-45","no",0
"good",3,"owner",60,27,"married","no","fixed",75,122,4000,0,1400,1702,"no",0.82256169212691,23.3333333333333,0.191256830601093,47,"26-35","yes",0
"good",0,"other",36,20,"single","no","partime",45,150,0,0,450,500,"no",0.9,12.5,0.0833333333333333,105,"18-25","no",0
"good",20,"rent",60,61,"married","no","fixed",81,211,0,0,1475,1475,"no",1,24.5833333333333,0.11650868878357,130,"56+","no",0
"good",5,"rent",60,31,"married","no","fixed",86,109,0,0,830,1700,"no",0.488235294117647,13.8333333333333,0.126911314984709,23,"26-35","no",0
"good",25,"owner",48,55,"married","no","fixed",60,139,5000,0,1000,1300,"no",0.769230769230769,20.8333333333333,0.149880095923261,79,"46-55","yes",0
"good",8,"rent",60,26,"married","no","fixed",59,140,0,0,1400,1538,"no",0.910273081924577,23.3333333333333,0.166666666666667,81,"26-35","no",0
"good",4,"parents",48,21,"single","no","fixed",35,88,25000,0,1100,1200,"no",0.916666666666667,22.9166666666667,0.260416666666667,53,"18-25","yes",0
"good",0,"other",48,23,"single","no","fixed",35,60,0,0,1000,1294,"no",0.772797527047913,20.8333333333333,0.347222222222222,25,"18-25","no",0
"good",7,"parents",60,27,"single","no","freelance",35,39,0,0,1000,1678,"no",0.595947556615018,16.6666666666667,0.427350427350427,4,"26-35","no",0
"bad",5,"owner",60,43,"married","no","partime",75,120,2000,40,1400,1600,"no",0.875,23.3333333333333,0.194444444444444,45,"36-45","yes",1
"bad",10,"owner",60,56,"married","no","fixed",60,161,5000,0,1500,1844,"no",0.813449023861171,25,0.15527950310559,101,"56+","yes",1
"good",1,"parents",60,26,"single","no","fixed",35,90,0,0,1000,1297,"no",0.771010023130301,16.6666666666667,0.185185185185185,55,"26-35","no",0
"good",1,"owner",36,20,"married","no","freelance",45,110,11500,0,700,770,"no",0.909090909090909,19.4444444444444,0.176767676767677,65,"18-25","yes",0
"bad",0,"rent",36,23,"married","no","partime",81,60,0,0,450,450,"no",1,12.5,0.208333333333333,-21,"18-25","no",1
"good",8,"rent",24,32,"married","yes","fixed",75,154,0,0,750,1258,"no",0.596184419713832,31.25,0.202922077922078,79,"26-35","no",0
"good",0,"owner",60,44,"married","no","fixed",75,97,6500,0,1000,1147,"no",0.871839581517001,16.6666666666667,0.171821305841924,22,"36-45","yes",0
"good",0,"priv",12,39,"married","no","fixed",45,178,2000,0,200,550,"no",0.363636363636364,16.6666666666667,0.0936329588014981,133,"36-45","yes",0
"good",2,"rent",36,42,"single","no","fixed",45,104,0,0,800,870,"no",0.919540229885057,22.2222222222222,0.213675213675214,59,"36-45","no",0
"good",12,"owner",36,42,"married","no","freelance",60,142,15000,0,1000,1500,"yes",0.666666666666667,27.7777777777778,0.195618153364632,82,"36-45","yes",0
"good",20,"owner",12,49,"married","no","freelance",60,428.98,10000,0,1000,3081,"no",0.324569944823109,83.3333333333333,0.194259250625515,368.98,"46-55","yes",0
"good",0,"owner",60,25,"married","no","freelance",45,142,2500,0,1500,1812,"yes",0.827814569536424,25,0.176056338028169,97,"18-25","yes",0
"good",2,"rent",24,26,"single","no","freelance",55,200,0,0,600,1097,"no",0.546946216955333,25,0.125,145,"26-35","no",0
"bad",0,"other",60,43,"married","no","freelance",75,144,7600,0,1465,1544,"no",0.948834196891192,24.4166666666667,0.169560185185185,69,"36-45","yes",1
"bad",0,"rent",24,23,"married","yes","fixed",83,80,0,0,425,590,"no",0.720338983050847,17.7083333333333,0.221354166666667,-3,"18-25","no",1
"good",2,"owner",60,37,"married","no","fixed",90,137,3000,1,1100,1563,"no",0.703774792066539,18.3333333333333,0.1338199513382,47,"36-45","yes",0
"good",3,"parents",60,19,"single","no","fixed",35,218,0,0,1100,1387,"no",0.793078586878154,18.3333333333333,0.0840978593272171,183,"18-25","no",0
"bad",2,"priv",60,36,"married","no","fixed",75,129,3000,29,900,960,"no",0.9375,15,0.116279069767442,54,"36-45","yes",1
"bad",2,"rent",60,33,"married","no","fixed",80,196,0,0,1350,1364,"no",0.989736070381232,22.5,0.114795918367347,116,"26-35","no",1
"bad",3,"parents",48,23,"single","no","freelance",35,182,0,0,1100,1427,"no",0.770847932725999,22.9166666666667,0.125915750915751,147,"18-25","no",1
"good",0,"owner",36,32,"married","no","freelance",90,142,17000,0,700,875,"yes",0.8,19.4444444444444,0.136932707355243,52,"26-35","yes",0
"good",0,"owner",60,23,"married","no","others",60,47,3000,0,820,875,"no",0.937142857142857,13.6666666666667,0.290780141843972,-13,"18-25","yes",0
"good",10,"rent",60,28,"married","no","fixed",78,325,18,3000,2250,2250,"no",1,37.5,0.115384615384615,247,"26-35","yes",0
"good",24,"owner",36,39,"married","no","fixed",90,90,12000,4000,700,1693,"no",0.413467217956291,19.4444444444444,0.216049382716049,0,"36-45","yes",0
"bad",12,"rent",60,37,"married","no","freelance",84,92,0,0,1300,1850,"no",0.702702702702703,21.6666666666667,0.235507246376812,8,"36-45","no",1
"good",5,"rent",36,39,"married","yes","fixed",100,250,0,0,1400,3559.49,"no",0.393314772621921,38.8888888888889,0.155555555555556,150,"36-45","no",0
"good",25,"owner",60,43,"married","no","freelance",60,62,12000,0,1000,1627,"no",0.614628149969269,16.6666666666667,0.268817204301075,2,"36-45","yes",0
"bad",3,"other",60,21,"single","no","fixed",35,146,0,0,1400,1646,"no",0.850546780072904,23.3333333333333,0.159817351598174,111,"18-25","no",1
"bad",0,"rent",60,19,"single","no","fixed",35,126,0,0,1200,1503,"yes",0.798403193612774,20,0.158730158730159,91,"18-25","no",1
"good",17,"rent",48,36,"married","no","fixed",56,105,0,0,1000,1295,"no",0.772200772200772,20.8333333333333,0.198412698412698,49,"36-45","no",0
"bad",8,"other",36,30,"married","yes","freelance",75,100,4000,1365,1220,1745,"no",0.699140401146132,33.8888888888889,0.338888888888889,25,"26-35","yes",1
"good",10,"owner",24,45,"separated","no","fixed",35,77,14000,0,200,375,"no",0.533333333333333,8.33333333333333,0.108225108225108,42,"36-45","yes",0
"bad",10,"other",36,44,"married","yes","freelance",75,142,0,0,1300,2276,"yes",0.571177504393673,36.1111111111111,0.254303599374022,67,"36-45","no",1
"good",15,"owner",60,39,"separated","no","freelance",45,54,7000,0,1500,2230,"no",0.672645739910314,25,0.462962962962963,9,"36-45","yes",0
"bad",0,"other",60,27,"single","no","fixed",35,149,0,0,1500,1601,"no",0.936914428482199,25,0.167785234899329,114,"26-35","no",1
"good",8,"other",48,24,"married","no","fixed",45,56,0,0,770,1129,"no",0.682019486271036,16.0416666666667,0.286458333333333,11,"18-25","no",0
"good",17,"owner",48,43,"married","no","fixed",75,251,5500,0,1100,1664,"no",0.661057692307692,22.9166666666667,0.0913014608233732,176,"36-45","yes",0
"bad",0,"owner",60,34,"married","no","partime",75,65,5000,0,1000,1142,"no",0.875656742556918,16.6666666666667,0.256410256410256,-10,"26-35","yes",1
"bad",0,"owner",48,21,"single","no","partime",60,160,2500,0,1220,1598,"no",0.763454317897372,25.4166666666667,0.158854166666667,100,"18-25","yes",1
"good",37,"owner",60,56,"widow","no","fixed",35,300,10000,0,1300,1750,"no",0.742857142857143,21.6666666666667,0.0722222222222222,265,"56+","yes",0
"bad",0,"other",42,23,"single","no","partime",35,95.5,0,0,1100,1135,"yes",0.969162995594714,26.1904761904762,0.274245823984044,60.5,"18-25","no",1
"good",10,"owner",60,37,"married","yes","fixed",90,118,4500,0,1200,1296,"no",0.925925925925926,20,0.169491525423729,28,"36-45","yes",0
"good",2,"owner",60,30,"married","yes","fixed",45,174,4000,0,2000,2250,"no",0.888888888888889,33.3333333333333,0.191570881226054,129,"26-35","yes",0
"good",23,"rent",24,47,"single","no","fixed",44,86,0,0,350,975,"no",0.358974358974359,14.5833333333333,0.169573643410853,42,"46-55","no",0
"good",7,"rent",48,59,"married","no","fixed",83,233,3000,0,1250,1525,"no",0.819672131147541,26.0416666666667,0.111766809728183,150,"56+","yes",0
"bad",0,"rent",36,32,"married","no","freelance",89,285,0,0,1000,1304,"no",0.766871165644172,27.7777777777778,0.0974658869395712,196,"26-35","no",1
"good",1,"parents",60,29,"married","no","fixed",75,105,10000,0,700,1610,"no",0.434782608695652,11.6666666666667,0.111111111111111,30,"26-35","yes",0
"good",27,"owner",60,56,"married","no","fixed",45,122,3000,0,950,1386,"no",0.685425685425685,15.8333333333333,0.129781420765027,77,"56+","yes",0
"good",8,"parents",60,33,"married","no","freelance",75,160,0,0,1200,1506,"no",0.796812749003984,20,0.125,85,"26-35","no",0
"bad",8,"parents",48,29,"single","yes","freelance",35,142,0,0,1145,1145,"yes",1,23.8541666666667,0.167987089201878,107,"26-35","no",1
"good",9,"owner",36,24,"married","no","fixed",45,160,4000,2000,450,1388,"no",0.324207492795389,12.5,0.078125,115,"18-25","yes",0
"bad",40,"owner",36,62,"married","yes","freelance",45,157,13500,0,1000,1300,"no",0.769230769230769,27.7777777777778,0.176928520877565,112,"56+","yes",1
"good",1,"priv",12,34,"married","yes","fixed",90,65,3000,0,425,1245,"no",0.34136546184739,35.4166666666667,0.544871794871795,-25,"26-35","yes",0
"good",15,"owner",60,41,"married","no","freelance",90,142,9000,0,1500,1923,"yes",0.78003120124805,25,0.176056338028169,52,"36-45","yes",0
"good",2,"parents",36,21,"single","no","partime",35,105,0,0,300,495,"no",0.606060606060606,8.33333333333333,0.0793650793650794,70,"18-25","no",0
"good",5,"rent",36,27,"married","no","fixed",57,120,0,0,560,1163,"no",0.481513327601032,15.5555555555556,0.12962962962963,63,"26-35","no",0
"good",10,"priv",36,61,"married","no","fixed",75,130,25000,0,350,400,"no",0.875,9.72222222222222,0.0747863247863248,55,"56+","yes",0
"good",5,"parents",36,50,"married","no","others",90,154,0,0,1000,1279,"no",0.781860828772479,27.7777777777778,0.18037518037518,64,"46-55","no",0
"good",3,"rent",48,51,"married","no","freelance",90,142,0,0,1200,1240,"yes",0.967741935483871,25,0.176056338028169,52,"46-55","no",0
"good",2,"parents",48,39,"separated","no","fixed",35,160,0,0,550,2340,"no",0.235042735042735,11.4583333333333,0.0716145833333333,125,"36-45","no",0
"bad",0,"other",60,31,"single","no","partime",35,128,0,0,900,982,"no",0.916496945010183,15,0.1171875,93,"26-35","no",1
"good",5,"owner",60,48,"married","no","fixed",60,187,3000,0,1300,1400,"no",0.928571428571429,21.6666666666667,0.115864527629234,127,"46-55","yes",0
"good",11,"owner",36,46,"married","no","fixed",45,120,5000,0,1075,1631,"no",0.6591048436542,29.8611111111111,0.248842592592593,75,"46-55","yes",0
"good",0,"owner",60,31,"widow","no","freelance",35,200,4000,0,943,1018,"no",0.926326129666012,15.7166666666667,0.0785833333333333,165,"26-35","yes",0
"good",5,"owner",18,29,"married","no","fixed",45,142,6000,3000,450,1678,"no",0.268176400476758,25,0.176056338028169,97,"26-35","yes",0
"good",8,"owner",48,63,"married","no","fixed",45,107,8000,0,600,790,"no",0.759493670886076,12.5,0.116822429906542,62,"56+","yes",0
"bad",1,"other",48,35,"separated","yes","fixed",35,126,0,0,1300,1696,"no",0.766509433962264,27.0833333333333,0.21494708994709,91,"26-35","no",1
"good",11,"rent",60,28,"married","no","fixed",59,144,0,0,1225,1360,"no",0.900735294117647,20.4166666666667,0.141782407407407,85,"26-35","no",0
"bad",6,"rent",60,28,"married","no","fixed",54,90,0,0,1700,1700,"no",1,28.3333333333333,0.314814814814815,36,"26-35","no",1
"bad",0,"other",60,22,"single","no","partime",35,55,0,0,1350,1400,"no",0.964285714285714,22.5,0.409090909090909,20,"18-25","no",1
"good",20,"owner",12,52,"married","no","freelance",60,208,8500,0,400,1202,"no",0.332778702163062,33.3333333333333,0.16025641025641,148,"46-55","yes",0
"good",2,"owner",60,31,"married","no","fixed",60,121,4500,800,1450,1600,"no",0.90625,24.1666666666667,0.199724517906336,61,"26-35","yes",0
"good",7,"priv",60,29,"married","no","fixed",60,51,3500,500,1000,1290,"no",0.775193798449612,16.6666666666667,0.326797385620915,-9,"26-35","yes",0
"bad",0,"parents",60,25,"married","yes","fixed",45,148,0,0,1400,1557,"no",0.899165061014772,23.3333333333333,0.157657657657658,103,"18-25","no",1
"good",22,"rent",60,51,"married","no","fixed",57,116,0,0,1300,1347,"no",0.965107646622123,21.6666666666667,0.186781609195402,59,"46-55","no",0
"good",15,"owner",36,47,"married","no","fixed",75,152,13000,0,2500,3559.49,"no",0.70234780825343,69.4444444444444,0.45687134502924,77,"46-55","yes",0
"good",1,"parents",36,19,"single","no","partime",35,118,0,0,1200,1426,"no",0.841514726507714,33.3333333333333,0.282485875706215,83,"18-25","no",0
"good",17,"owner",12,47,"married","no","fixed",75,80,2500,0,400,1454,"no",0.275103163686382,33.3333333333333,0.416666666666667,5,"46-55","yes",0
"bad",3,"parents",12,26,"single","no","fixed",35,120,3500,0,1000,1844,"no",0.542299349240781,83.3333333333333,0.694444444444444,85,"26-35","yes",1
"good",6,"owner",6,50,"married","yes","freelance",75,100,30000,0,600,1282,"no",0.46801872074883,100,1,25,"46-55","yes",0
"bad",12,"owner",60,51,"married","no","fixed",45,144,9000,0,1450,1490,"no",0.973154362416107,24.1666666666667,0.167824074074074,99,"46-55","yes",1
"good",6,"owner",48,53,"married","no","freelance",45,90,3500,0,900,1281,"no",0.702576112412178,18.75,0.208333333333333,45,"46-55","yes",0
"good",0,"owner",60,26,"married","no","fixed",45,150,3500,0,1310,1464,"no",0.894808743169399,21.8333333333333,0.145555555555556,105,"26-35","yes",0
"good",2,"parents",48,19,"single","no","partime",35,87,0,0,900,1045,"no",0.861244019138756,18.75,0.21551724137931,52,"18-25","no",0
"bad",3,"owner",24,60,"married","no","freelance",90,50,16000,0,2500,2971,"no",0.841467519353753,104.166666666667,2.08333333333333,-40,"56+","yes",1
"bad",0,"rent",60,34,"married","no","freelance",75,142,4000,1000,1275,1325,"yes",0.962264150943396,21.25,0.149647887323944,67,"26-35","yes",1
"bad",1,"rent",60,33,"married","no","partime",85,250,5000,0,1700,1878,"no",0.905218317358892,28.3333333333333,0.113333333333333,165,"26-35","yes",1
"bad",1,"rent",48,36,"married","no","partime",101,112,0,0,1550,1839,"no",0.842849374660141,32.2916666666667,0.288318452380952,11,"36-45","no",1
"good",2,"rent",60,29,"single","no","fixed",47,121,0,0,1100,1100,"no",1,18.3333333333333,0.151515151515151,74,"26-35","no",0
"good",0,"parents",24,21,"single","no","others",35,93,50000,0,1318,1318,"yes",1,54.9166666666667,0.590501792114695,58,"18-25","yes",0
"good",8,"parents",36,26,"single","no","freelance",35,142,9000,2500,450,680,"yes",0.661764705882353,12.5,0.0880281690140845,107,"26-35","yes",0
"good",4,"other",60,28,"married","no","fixed",60,143,0,0,1150,1630,"no",0.705521472392638,19.1666666666667,0.134032634032634,83,"26-35","no",0
"good",6,"other",24,31,"single","no","fixed",35,250,8000,0,1000,2436,"no",0.410509031198686,41.6666666666667,0.166666666666667,215,"26-35","yes",0
"good",1,"rent",18,33,"married","no","freelance",69,244,0,0,600,1150,"no",0.521739130434783,33.3333333333333,0.136612021857924,175,"26-35","no",0
"bad",0,"rent",60,35,"married","no","others",75,93,700,0,1800,2292,"yes",0.785340314136126,30,0.32258064516129,18,"26-35","yes",1
"good",0,"priv",48,45,"married","no","fixed",75,194,3000,100,1000,1429,"no",0.699790062981106,20.8333333333333,0.107388316151203,119,"36-45","yes",0
"good",25,"owner",36,50,"married","no","freelance",90,210,50000,0,900,1125,"no",0.8,25,0.119047619047619,120,"46-55","yes",0
"bad",5,"rent",60,37,"married","yes","fixed",131,257,0,0,2200,2538,"no",0.86682427107959,36.6666666666667,0.142671854734112,126,"36-45","no",1
"good",1,"rent",48,28,"married","no","freelance",75,142,0,0,400,1415,"yes",0.282685512367491,8.33333333333333,0.0586854460093897,67,"26-35","no",0
"good",14,"owner",24,50,"married","no","fixed",60,92,3000,0,1650,2261,"no",0.729765590446705,68.75,0.747282608695652,32,"46-55","yes",0
"good",28,"owner",42,50,"widow","no","fixed",35,175,6000,0,1150,1397,"no",0.82319255547602,27.3809523809524,0.156462585034014,140,"46-55","yes",0
"good",3,"owner",60,38,"married","no","partime",75,90,3000,0,930,1135,"no",0.819383259911894,15.5,0.172222222222222,15,"36-45","yes",0
"good",15,"owner",48,31,"married","no","fixed",60,171,7000,0,1200,1290,"no",0.930232558139535,25,0.146198830409357,111,"26-35","yes",0
"good",15,"owner",36,58,"married","no","freelance",60,159,9000,0,687,687,"no",1,19.0833333333333,0.120020964360587,99,"56+","yes",0
"good",20,"owner",18,52,"married","yes","fixed",75,166,50000,0,800,1017,"no",0.786627335299902,44.4444444444444,0.267737617135207,91,"46-55","yes",0
"good",10,"owner",36,26,"married","no","fixed",60,100,3000,1800,500,690,"no",0.72463768115942,13.8888888888889,0.138888888888889,40,"26-35","yes",0
"good",1,"priv",36,34,"married","no","fixed",45,100,1800,1500,700,1296,"no",0.540123456790123,19.4444444444444,0.194444444444444,55,"26-35","yes",0
"good",18,"other",60,43,"married","no","fixed",75,160,0,0,2000,2240,"no",0.892857142857143,33.3333333333333,0.208333333333333,85,"36-45","no",0
"good",0,"parents",36,24,"single","no","freelance",35,59,0,0,500,1400,"no",0.357142857142857,13.8888888888889,0.235404896421846,24,"18-25","no",0
"good",1,"parents",60,21,"single","no","fixed",35,142,3500,0,1650,2151,"no",0.767085076708508,27.5,0.193661971830986,107,"18-25","yes",0
"good",11,"owner",60,30,"single","no","fixed",35,53,875,325,750,850,"no",0.882352941176471,12.5,0.235849056603774,18,"26-35","yes",0
"good",13,"owner",24,32,"married","no","fixed",75,305,8000,0,1400,2060,"no",0.679611650485437,58.3333333333333,0.191256830601093,230,"26-35","yes",0
"good",5,"owner",60,35,"married","no","fixed",75,185,5000,1500,1350,1553,"no",0.869285254346426,22.5,0.121621621621622,110,"26-35","yes",0
"bad",2,"priv",60,32,"married","yes","fixed",75,142,4000,0,1300,1566,"no",0.830140485312899,21.6666666666667,0.152582159624413,67,"26-35","yes",1
"good",5,"owner",60,36,"married","no","fixed",75,107,12000,2000,600,1735,"no",0.345821325648415,10,0.0934579439252336,32,"36-45","yes",0
"good",11,"owner",60,38,"married","no","fixed",60,153,3000,0,1650,1816,"no",0.908590308370044,27.5,0.179738562091503,93,"36-45","yes",0
"bad",10,"parents",60,30,"separated","yes","fixed",35,66,0,0,280,855,"no",0.327485380116959,4.66666666666667,0.0707070707070707,31,"26-35","no",1
"bad",1,"rent",60,41,"married","no","fixed",52,65,0,0,850,882,"no",0.963718820861678,14.1666666666667,0.217948717948718,13,"36-45","no",1
"good",0,"owner",36,61,"married","no","others",45,111,6000,0,750,857,"no",0.875145857642941,20.8333333333333,0.187687687687688,66,"56+","yes",0
"bad",3,"owner",60,22,"single","no","freelance",35,100,10000,0,800,990,"no",0.808080808080808,13.3333333333333,0.133333333333333,65,"18-25","yes",1
"good",10,"owner",24,47,"married","no","fixed",60,131,6000,0,250,1400,"no",0.178571428571429,10.4166666666667,0.0795165394402036,71,"46-55","yes",0
"good",25,"priv",36,49,"married","no","fixed",60,125,5000,0,400,1062,"no",0.376647834274953,11.1111111111111,0.0888888888888889,65,"46-55","yes",0
"good",3,"parents",60,23,"single","no","freelance",35,110,8000,2000,1550,1750,"no",0.885714285714286,25.8333333333333,0.234848484848485,75,"18-25","yes",0
"good",18,"owner",24,52,"married","no","fixed",75,113,11000,0,370,1555,"no",0.237942122186495,15.4166666666667,0.136430678466077,38,"46-55","yes",0
"good",2,"other",36,25,"single","no","fixed",35,80,0,0,600,1104,"no",0.543478260869565,16.6666666666667,0.208333333333333,45,"18-25","no",0
"good",23,"owner",24,57,"married","no","fixed",45,93,2500,0,600,1118,"no",0.536672629695885,25,0.268817204301075,48,"56+","yes",0
"bad",28,"owner",60,57,"widow","yes","fixed",35,227,15000,0,1700,1875,"no",0.906666666666667,28.3333333333333,0.124816446402349,192,"56+","yes",1
"good",6,"parents",60,28,"separated","no","fixed",35,81,0,0,1500,1878,"no",0.798722044728435,25,0.308641975308642,46,"26-35","no",0
"bad",3,"rent",60,31,"married","no","fixed",101,110,0,0,1150,1152,"no",0.998263888888889,19.1666666666667,0.174242424242424,9,"26-35","no",1
"good",5,"other",36,49,"married","no","others",60,44,8000,0,400,428,"no",0.934579439252336,11.1111111111111,0.252525252525253,-16,"46-55","yes",0
"good",20,"owner",36,35,"married","no","fixed",75,175,12000,0,1500,1700,"no",0.882352941176471,41.6666666666667,0.238095238095238,100,"26-35","yes",0
"good",4,"parents",18,29,"married","no","freelance",75,142,0,0,200,375,"yes",0.533333333333333,11.1111111111111,0.0782472613458529,67,"26-35","no",0
"bad",1,"rent",24,31,"separated","no","partime",41,58,3000,0,200,375,"no",0.533333333333333,8.33333333333333,0.14367816091954,17,"26-35","yes",1
"bad",1,"rent",60,24,"married","no","fixed",57,124,0,0,1530,1586,"no",0.96469104665826,25.5,0.205645161290323,67,"18-25","no",1
"good",30,"owner",48,47,"married","no","fixed",60,140,8000,0,1100,1298,"no",0.847457627118644,22.9166666666667,0.163690476190476,80,"46-55","yes",0
"good",18,"owner",60,49,"widow","no","fixed",35,117,4000,0,1000,1057,"no",0.946073793755913,16.6666666666667,0.142450142450142,82,"46-55","yes",0
"good",15,"owner",48,32,"married","no","fixed",60,140,3500,0,795,1458,"no",0.545267489711934,16.5625,0.118303571428571,80,"26-35","yes",0
"good",0,"owner",36,29,"married","yes","fixed",45,157,8000,0,600,1314,"no",0.45662100456621,16.6666666666667,0.106157112526539,112,"26-35","yes",0
"good",22,"owner",36,50,"married","no","freelance",135,142,24000,0,500,800,"yes",0.625,13.8888888888889,0.0978090766823161,7,"46-55","yes",0
"good",8,"parents",60,24,"single","no","freelance",35,142,0,0,900,996,"yes",0.903614457831325,15,0.105633802816901,107,"18-25","no",0
"good",20,"owner",36,51,"married","yes","fixed",75,228,4000,0,1200,1620,"no",0.740740740740741,33.3333333333333,0.146198830409357,153,"46-55","yes",0
"good",3,"parents",48,22,"single","no","fixed",35,50,0,0,1100,1382,"no",0.795947901591896,22.9166666666667,0.458333333333333,15,"18-25","no",0
"good",5,"other",36,54,"married","no","fixed",45,300,0,0,800,1180,"no",0.677966101694915,22.2222222222222,0.0740740740740741,255,"46-55","no",0
"bad",3,"rent",48,33,"single","no","freelance",45,100,0,0,1350,1518,"no",0.889328063241107,28.125,0.28125,55,"26-35","no",1
"good",5,"owner",18,31,"married","no","fixed",75,153,5000,0,800,1615,"no",0.495356037151703,44.4444444444444,0.290486564996369,78,"26-35","yes",0
"good",15,"owner",48,43,"married","no","freelance",60,100,18000,0,2500,2976,"no",0.84005376344086,52.0833333333333,0.520833333333333,40,"36-45","yes",0
"good",0,"owner",36,28,"married","no","fixed",45,142,8000,4000,900,1888,"no",0.476694915254237,25,0.176056338028169,97,"26-35","yes",0
"good",2,"parents",60,22,"single","no","fixed",35,151,0,0,1100,1481,"no",0.742741390952059,18.3333333333333,0.121412803532009,116,"18-25","no",0
"good",6,"other",30,22,"single","no","fixed",35,73,0,0,1086,1086,"no",1,36.2,0.495890410958904,38,"18-25","no",0
"good",17,"owner",60,42,"married","no","fixed",75,134,3500,0,1000,1594,"no",0.627352572145546,16.6666666666667,0.124378109452736,59,"36-45","yes",0
"good",4,"owner",60,28,"married","no","freelance",60,125,10000,3500,1200,2100,"no",0.571428571428571,20,0.16,65,"26-35","yes",0
"good",1,"rent",48,27,"married","no","freelance",76,160,0,0,1700,1985,"no",0.856423173803526,35.4166666666667,0.221354166666667,84,"26-35","no",0
"good",30,"owner",60,49,"widow","no","fixed",35,120,4000,0,1100,1152,"no",0.954861111111111,18.3333333333333,0.152777777777778,85,"46-55","yes",0
"bad",1,"rent",60,29,"married","no","fixed",84,86,0,0,1350,1743,"no",0.774526678141136,22.5,0.261627906976744,2,"26-35","no",1
"bad",5,"owner",60,48,"married","yes","fixed",90,100,2000,792,1000,1034,"no",0.967117988394584,16.6666666666667,0.166666666666667,10,"46-55","yes",1
"good",0,"owner",36,35,"married","no","freelance",75,190,4000,0,1300,2125,"no",0.611764705882353,36.1111111111111,0.190058479532164,115,"26-35","yes",0
"good",17,"parents",60,32,"married","no","fixed",75,200,6000,0,1300,1682,"no",0.772889417360285,21.6666666666667,0.108333333333333,125,"26-35","yes",0
"bad",30,"owner",36,50,"married","yes","freelance",60,142,10000,0,1600,1800,"yes",0.888888888888889,44.4444444444444,0.312989045383412,82,"46-55","yes",1
"good",22,"parents",36,40,"married","no","fixed",75,126,0,0,1000,1688,"no",0.592417061611374,27.7777777777778,0.220458553791887,51,"36-45","no",0
"good",5,"parents",36,28,"single","no","freelance",35,142,0,0,875,950,"yes",0.921052631578947,24.3055555555556,0.171165884194053,107,"26-35","no",0
"good",1,"owner",60,35,"married","no","fixed",75,155,3000,0,1250,1391,"no",0.89863407620417,20.8333333333333,0.134408602150538,80,"26-35","yes",0
"bad",8,"other",36,29,"married","yes","fixed",60,170,0,0,800,1000,"no",0.8,22.2222222222222,0.130718954248366,110,"26-35","no",1
"good",8,"owner",24,46,"married","no","fixed",75,200,5000,0,740,2095,"no",0.353221957040573,30.8333333333333,0.154166666666667,125,"46-55","yes",0
"good",0,"owner",24,38,"married","no","fixed",75,87,3000,0,500,1214,"no",0.411861614497529,20.8333333333333,0.239463601532567,12,"36-45","yes",0
"good",3,"rent",48,36,"married","no","fixed",85,104,5000,0,1700,1797,"no",0.946021146355036,35.4166666666667,0.340544871794872,19,"36-45","yes",0
"bad",12,"priv",24,28,"married","no","fixed",45,102,3000,0,700,1229,"no",0.569568755085435,29.1666666666667,0.285947712418301,57,"26-35","yes",1
"good",1,"rent",48,27,"single","no","partime",45,101,4000,0,1600,2075,"no",0.771084337349398,33.3333333333333,0.33003300330033,56,"26-35","yes",0
"good",3,"owner",60,58,"married","yes","fixed",45,150,10000,0,1000,1000,"no",1,16.6666666666667,0.111111111111111,105,"56+","yes",0
"good",4,"owner",60,34,"single","no","others",45,75,2500,0,1150,1497,"no",0.768203072812291,19.1666666666667,0.255555555555556,30,"26-35","yes",0
"bad",0,"other",36,26,"single","yes","partime",35,95.5,0,0,550,600,"yes",0.916666666666667,15.2777777777778,0.159976730657359,60.5,"26-35","no",1
"bad",0,"other",60,33,"married","yes","partime",75,95.5,0,0,2000,3467,"yes",0.576867608883761,33.3333333333333,0.349040139616056,20.5,"26-35","no",1
"good",3,"owner",60,35,"married","no","fixed",60,104,5000,0,1000,1317,"no",0.759301442672741,16.6666666666667,0.16025641025641,44,"26-35","yes",0
"bad",5,"priv",36,50,"married","no","fixed",60,165,8000,0,750,875,"no",0.857142857142857,20.8333333333333,0.126262626262626,105,"46-55","yes",1
"good",2,"rent",60,45,"married","no","freelance",88,129,0,0,850,1044,"no",0.814176245210728,14.1666666666667,0.109819121447028,41,"36-45","no",0
"good",22,"rent",60,40,"married","no","freelance",91,160,7000,0,1600,1700,"no",0.941176470588235,26.6666666666667,0.166666666666667,69,"36-45","yes",0
"good",0,"rent",36,26,"married","no","fixed",95,198,0,0,575,650,"no",0.884615384615385,15.9722222222222,0.0806677890011223,103,"26-35","no",0
"bad",18,"owner",48,32,"married","no","fixed",75,71,4000,39,660,1461,"no",0.451745379876797,13.75,0.193661971830986,-4,"26-35","yes",1
"good",20,"rent",60,44,"married","no","fixed",91,162,3000,0,1500,1519,"no",0.987491770901909,25,0.154320987654321,71,"36-45","yes",0
"good",20,"owner",60,34,"married","no","fixed",75,61,1500,700,800,1177,"no",0.679694137638063,13.3333333333333,0.218579234972678,-14,"26-35","yes",0
"good",35,"other",60,54,"married","no","fixed",75,156,0,0,950,1164,"no",0.816151202749141,15.8333333333333,0.101495726495726,81,"46-55","no",0
"bad",27,"owner",18,47,"married","yes","freelance",75,142,3000,0,2500,3559.49,"yes",0.70234780825343,138.888888888889,0.978090766823161,67,"46-55","yes",1
"good",6,"rent",60,29,"single","no","fixed",45,95,2500,0,1250,1490,"no",0.838926174496644,20.8333333333333,0.219298245614035,50,"26-35","yes",0
"good",25,"owner",48,52,"married","no","fixed",45,200,3000,0,800,1300,"no",0.615384615384615,16.6666666666667,0.0833333333333333,155,"46-55","yes",0
"good",5,"owner",48,33,"married","no","fixed",75,158,4000,1100,1250,1550,"no",0.806451612903226,26.0416666666667,0.164820675105485,83,"26-35","yes",0
"good",8,"parents",60,24,"single","no","fixed",35,110,0,0,1250,1500,"no",0.833333333333333,20.8333333333333,0.189393939393939,75,"18-25","no",0
"bad",0,"rent",36,54,"married","yes","others",45,93,0,0,2100,2100,"yes",1,58.3333333333333,0.627240143369176,48,"46-55","no",1
"bad",11,"priv",36,44,"married","no","fixed",90,89,2000,100,250,450,"no",0.555555555555556,6.94444444444444,0.0780274656679151,-1,"36-45","yes",1
"bad",7,"rent",60,49,"married","yes","fixed",67,68,0,0,1300,1500,"no",0.866666666666667,21.6666666666667,0.318627450980392,1,"46-55","no",1
"bad",2,"parents",30,25,"married","no","freelance",35,37.51,0,0,250,550,"no",0.454545454545455,8.33333333333333,0.222162978761219,2.51,"18-25","no",1
"good",10,"other",60,31,"married","no","fixed",45,125,0,0,1200,1682,"no",0.713436385255648,20,0.16,80,"26-35","no",0
"bad",0,"other",36,24,"married","no","partime",60,95.5,0,0,800,1250,"yes",0.64,22.2222222222222,0.232693426410704,35.5,"18-25","no",1
"good",17,"owner",60,51,"single","no","fixed",35,155,3000,0,1250,1668,"no",0.749400479616307,20.8333333333333,0.134408602150538,120,"46-55","yes",0
"bad",2,"owner",60,24,"married","yes","fixed",60,110,6500,2000,1450,1450,"no",1,24.1666666666667,0.21969696969697,50,"18-25","yes",1
"bad",1,"parents",60,27,"single","no","partime",35,82,8000,0,1100,1300,"no",0.846153846153846,18.3333333333333,0.223577235772358,47,"26-35","yes",1
"good",20,"owner",12,43,"married","no","freelance",90,142,3000,0,500,1909,"yes",0.261917234154007,41.6666666666667,0.293427230046948,52,"36-45","yes",0
"bad",1,"parents",48,22,"single","no","freelance",35,70,3000,2000,1300,1491,"no",0.871898054996647,27.0833333333333,0.386904761904762,35,"18-25","yes",1
"bad",1,"rent",60,24,"married","no","fixed",57,124,0,0,1350,1427,"no",0.94604064470918,22.5,0.181451612903226,67,"18-25","no",1
"good",5,"owner",60,36,"married","no","fixed",90,223,4000,0,1660,1838,"no",0.903155603917301,27.6666666666667,0.12406576980568,133,"36-45","yes",0
"good",10,"owner",48,36,"married","no","partime",75,82,3000,0,1000,1400,"no",0.714285714285714,20.8333333333333,0.254065040650406,7,"36-45","yes",0
"good",7,"owner",36,51,"married","no","fixed",75,100,12000,0,1000,1300,"no",0.769230769230769,27.7777777777778,0.277777777777778,25,"46-55","yes",0
"good",15,"owner",18,39,"married","no","freelance",75,275,14000,0,700,2243,"no",0.312082032991529,38.8888888888889,0.141414141414141,200,"36-45","yes",0
"good",0,"other",18,22,"single","no","partime",35,150,0,0,200,475,"no",0.421052631578947,11.1111111111111,0.0740740740740741,115,"18-25","no",0
"good",6,"owner",36,23,"married","no","fixed",45,117,3000,50,600,940,"no",0.638297872340426,16.6666666666667,0.142450142450142,72,"18-25","yes",0
"good",15,"owner",12,46,"married","no","freelance",45,265,7000,0,400,1127,"no",0.354924578527063,33.3333333333333,0.125786163522013,220,"46-55","yes",0
"good",1,"rent",36,27,"married","no","fixed",55,100,0,0,1000,1300,"no",0.769230769230769,27.7777777777778,0.277777777777778,45,"26-35","no",0
"good",13,"owner",36,51,"married","yes","fixed",45,382,5000,1000,1400,2438,"no",0.574241181296144,38.8888888888889,0.101803374054683,337,"46-55","yes",0
"good",3,"parents",60,30,"single","no","fixed",35,86,0,0,750,829,"no",0.904704463208685,12.5,0.145348837209302,51,"26-35","no",0
"bad",1,"rent",48,23,"single","no","freelance",35,142,0,0,1200,1366,"yes",0.878477306002928,25,0.176056338028169,107,"18-25","no",1
"bad",10,"priv",60,44,"married","no","freelance",60,70,15000,2880,1150,1297,"no",0.886661526599846,19.1666666666667,0.273809523809524,10,"36-45","yes",1
"good",11,"owner",60,26,"married","no","fixed",45,120,5000,0,1350,1498,"no",0.901201602136182,22.5,0.1875,75,"26-35","yes",0
"good",35,"owner",48,50,"single","no","freelance",35,100,12000,0,800,1161,"no",0.689061154177433,16.6666666666667,0.166666666666667,65,"46-55","yes",0
"good",10,"owner",60,47,"married","no","freelance",60,85,15000,0,1500,1813,"no",0.827357970215113,25,0.294117647058824,25,"46-55","yes",0
"good",10,"owner",60,40,"married","no","fixed",105,125,6500,0,1500,1800,"no",0.833333333333333,25,0.2,20,"36-45","yes",0
"bad",0,"rent",48,32,"single","no","fixed",41,60,0,0,800,1566,"no",0.510855683269476,16.6666666666667,0.277777777777778,19,"26-35","no",1
"bad",3,"owner",60,39,"married","no","fixed",90,150,5000,0,850,996,"no",0.853413654618474,14.1666666666667,0.0944444444444444,60,"36-45","yes",1
"good",28,"owner",24,53,"married","no","fixed",75,110,3500,0,500,788,"no",0.634517766497462,20.8333333333333,0.189393939393939,35,"46-55","yes",0
"good",2,"owner",36,40,"married","no","freelance",105,144,6000,0,2000,2532,"no",0.789889415481833,55.5555555555556,0.385802469135802,39,"36-45","yes",0
"good",1,"owner",60,33,"married","no","freelance",75,122,3500,2900,1400,1803,"no",0.776483638380477,23.3333333333333,0.191256830601093,47,"26-35","yes",0
"good",1,"owner",48,36,"married","no","fixed",60,75,5500,0,1085,1736,"no",0.625,22.6041666666667,0.301388888888889,15,"36-45","yes",0
"good",2,"rent",12,66,"married","no","others",51,60,20000,0,500,1504,"no",0.332446808510638,41.6666666666667,0.694444444444444,9,"56+","yes",0
"good",1,"owner",12,22,"single","no","fixed",45,80,3500,0,200,1156,"no",0.173010380622837,16.6666666666667,0.208333333333333,35,"18-25","yes",0
"bad",0,"owner",60,28,"married","no","fixed",35,78,9500,0,1400,1850,"no",0.756756756756757,23.3333333333333,0.299145299145299,43,"26-35","yes",1
"good",3,"owner",48,25,"single","no","fixed",35,125,4000,0,1000,1301,"no",0.768639508070715,20.8333333333333,0.166666666666667,90,"18-25","yes",0
"good",30,"owner",24,51,"married","yes","freelance",45,142,20000,0,1000,1588,"yes",0.629722921914358,41.6666666666667,0.293427230046948,97,"46-55","yes",0
"good",2,"other",48,29,"single","no","fixed",35,60,0,0,700,1100,"no",0.636363636363636,14.5833333333333,0.243055555555556,25,"26-35","no",0
"good",3,"owner",54,33,"married","no","fixed",75,366,7000,0,500,1116,"no",0.448028673835125,9.25925925925926,0.0252985225662821,291,"26-35","yes",0
"good",6,"owner",36,37,"married","no","fixed",60,230,15000,4500,1740,2340,"no",0.743589743589744,48.3333333333333,0.210144927536232,170,"36-45","yes",0
"good",6,"rent",60,46,"married","no","fixed",82,217,0,0,1245,1503,"no",0.828343313373254,20.75,0.0956221198156682,135,"46-55","no",0
"bad",11,"parents",48,50,"married","no","fixed",105,60,0,0,1500,1637,"no",0.916310323762981,31.25,0.520833333333333,-45,"46-55","no",1
"good",7,"rent",36,44,"married","no","fixed",85,101,6000,0,400,400,"no",1,11.1111111111111,0.11001100110011,16,"36-45","yes",0
"good",15,"rent",6,41,"married","no","freelance",93,175,20000,1000,500,1825,"no",0.273972602739726,83.3333333333333,0.476190476190476,82,"36-45","yes",0
"good",6,"owner",36,38,"married","no","freelance",90,130,7000,300,800,960,"no",0.833333333333333,22.2222222222222,0.170940170940171,40,"36-45","yes",0
"good",4,"owner",60,26,"single","no","fixed",35,130,3000,0,700,1504,"no",0.465425531914894,11.6666666666667,0.0897435897435897,95,"26-35","yes",0
"bad",1,"parents",48,25,"single","no","freelance",35,142,0,0,1800,1809,"yes",0.995024875621891,37.5,0.264084507042254,107,"18-25","no",1
"bad",6,"rent",60,41,"divorced","yes","fixed",55,97,7000,4774.49999999999,1900,2260,"no",0.84070796460177,31.6666666666667,0.326460481099656,42,"36-45","yes",1
"bad",4,"other",12,30,"single","no","freelance",35,142,0,0,350,999,"yes",0.35035035035035,29.1666666666667,0.205399061032864,107,"26-35","no",1
"good",0,"owner",36,40,"married","no","fixed",75,126,8000,0,2000,2261,"no",0.884564352056612,55.5555555555556,0.440917107583774,51,"36-45","yes",0
"good",1,"parents",36,23,"single","no","partime",35,56,0,0,500,550,"no",0.909090909090909,13.8888888888889,0.248015873015873,21,"18-25","no",0
"good",12,"owner",18,31,"married","yes","fixed",60,153,4500,400,600,1850,"no",0.324324324324324,33.3333333333333,0.217864923747277,93,"26-35","yes",0
"good",2,"other",36,44,"married","yes","freelance",120,150,0,0,800,800,"no",1,22.2222222222222,0.148148148148148,30,"36-45","no",0
"good",30,"rent",6,49,"married","yes","freelance",81,208,2000,0,800,1804,"no",0.443458980044346,133.333333333333,0.641025641025641,127,"46-55","yes",0
"good",23,"owner",60,45,"married","yes","fixed",60,248,10000,0,1400,2099,"no",0.666984278227727,23.3333333333333,0.0940860215053763,188,"36-45","yes",0
"good",10,"owner",36,30,"married","no","fixed",60,123,8000,2100,800,2200,"no",0.363636363636364,22.2222222222222,0.1806684733514,63,"26-35","yes",0
"good",18,"owner",36,33,"married","no","freelance",75,68,9000,3000,850,1340,"no",0.634328358208955,23.6111111111111,0.347222222222222,-7,"26-35","yes",0
"good",6,"rent",12,33,"married","no","fixed",85,250,0,0,500,1500,"no",0.333333333333333,41.6666666666667,0.166666666666667,165,"26-35","no",0
"good",10,"owner",12,48,"married","no","fixed",75,165,4000,0,300,850,"no",0.352941176470588,25,0.151515151515152,90,"46-55","yes",0
"bad",3,"rent",60,31,"married","yes","partime",58,130,0,0,1500,1537,"no",0.975927130774236,25,0.192307692307692,72,"26-35","no",1
"bad",0,"owner",24,54,"married","yes","freelance",45,185,50000,0,1400,1640,"no",0.853658536585366,58.3333333333333,0.315315315315315,140,"46-55","yes",1
"bad",6,"parents",36,28,"married","no","fixed",75,83,7000,0,675,775,"no",0.870967741935484,18.75,0.225903614457831,8,"26-35","yes",1
"bad",0,"rent",48,44,"married","no","freelance",90,142,0,0,600,700,"yes",0.857142857142857,12.5,0.0880281690140845,52,"36-45","no",1
"good",20,"owner",24,55,"married","no","freelance",75,142,11600,0,750,1705,"yes",0.439882697947214,31.25,0.220070422535211,67,"46-55","yes",0
"good",7,"owner",36,34,"married","no","fixed",60,190,5000,0,600,848,"no",0.707547169811321,16.6666666666667,0.087719298245614,130,"26-35","yes",0
"bad",0,"other",60,40,"married","no","freelance",75,142,0,0,1200,1380,"yes",0.869565217391304,20,0.140845070422535,67,"36-45","no",1
"good",3,"owner",48,37,"widow","no","others",45,110,10000,0,1700,2481,"no",0.685207577589682,35.4166666666667,0.321969696969697,65,"36-45","yes",0
"bad",9,"rent",60,30,"single","no","fixed",48,126,0,0,600,1054,"no",0.569259962049336,10,0.0793650793650794,78,"26-35","no",1
"good",1,"rent",36,43,"married","no","fixed",92,173,0,0,550,590,"no",0.932203389830508,15.2777777777778,0.088310854206808,81,"36-45","no",0
"good",0,"owner",12,21,"single","no","fixed",35,147,1500,0,350,375,"no",0.933333333333333,29.1666666666667,0.198412698412698,112,"18-25","yes",0
"bad",15,"owner",48,45,"married","no","freelance",150,142,8000,0,1250,1757,"yes",0.711439954467843,26.0416666666667,0.183392018779343,-8,"36-45","yes",1
"good",2,"rent",60,34,"married","no","fixed",91,160,0,0,1100,1378,"no",0.798258345428157,18.3333333333333,0.114583333333333,69,"26-35","no",0
"good",0,"parents",36,24,"single","no","freelance",45,142,50000,0,700,1214,"yes",0.57660626029654,19.4444444444444,0.136932707355243,97,"18-25","yes",0
"good",7,"other",36,33,"married","yes","fixed",75,300,30000,0,800,1151,"no",0.695047784535187,22.2222222222222,0.0740740740740741,225,"26-35","yes",0
"bad",0,"owner",24,58,"married","yes","fixed",45,150,4000,0,600,1607,"no",0.373366521468575,25,0.166666666666667,105,"56+","yes",1
"good",10,"owner",24,47,"married","no","freelance",135,150,4500,0,350,1097,"no",0.319051959890611,14.5833333333333,0.0972222222222222,15,"46-55","yes",0
"bad",2,"parents",60,54,"single","no","freelance",35,120,0,0,600,847,"no",0.708382526564345,10,0.0833333333333333,85,"46-55","no",1
"bad",0,"other",60,43,"married","no","fixed",120,126,0,0,1200,1285,"yes",0.933852140077821,20,0.158730158730159,6,"36-45","no",1
"good",20,"parents",60,46,"single","no","fixed",35,108,8000,0,550,1106,"no",0.497287522603978,9.16666666666667,0.0848765432098765,73,"46-55","yes",0
"bad",4,"parents",36,24,"single","no","freelance",35,142,0,0,1500,3559.49,"yes",0.421408684952058,41.6666666666667,0.293427230046948,107,"18-25","no",1
"bad",0,"other",48,26,"married","no","others",45,93,3500,0,1400,1463,"yes",0.956937799043062,29.1666666666667,0.313620071684588,48,"26-35","yes",1
"good",4,"owner",60,26,"single","yes","fixed",35,155,4000,0,1350,1610,"no",0.838509316770186,22.5,0.145161290322581,120,"26-35","yes",0
"good",8,"owner",48,53,"married","no","fixed",45,147,8000,700,750,797,"no",0.941028858218319,15.625,0.106292517006803,102,"46-55","yes",0
"bad",0,"parents",60,23,"single","no","others",35,46,0,0,1340,1340,"no",1,22.3333333333333,0.485507246376812,11,"18-25","no",1
"good",17,"owner",48,48,"married","no","freelance",45,142,11500,200,2000,2284,"yes",0.875656742556918,41.6666666666667,0.293427230046948,97,"46-55","yes",0
"good",7,"owner",60,52,"widow","no","fixed",35,112,4500,0,1350,1445,"no",0.934256055363322,22.5,0.200892857142857,77,"46-55","yes",0
"good",7,"owner",60,55,"married","no","fixed",45,89,5000,0,1250,1455,"no",0.859106529209622,20.8333333333333,0.234082397003745,44,"46-55","yes",0
"good",0,"owner",48,44,"married","no","partime",75,120,4000,0,900,1204,"no",0.747508305647841,18.75,0.15625,45,"36-45","yes",0
"good",5,"owner",60,37,"married","no","others",75,145,3000,672,1300,1510,"no",0.860927152317881,21.6666666666667,0.149425287356322,70,"36-45","yes",0
"good",5,"parents",60,29,"single","no","freelance",35,115,12000,0,1200,1553,"no",0.77269800386349,20,0.173913043478261,80,"26-35","yes",0
"good",10,"rent",60,31,"married","no","fixed",59,138,0,0,1600,1796,"no",0.89086859688196,26.6666666666667,0.193236714975845,79,"26-35","no",0
"good",1,"other",60,27,"single","no","fixed",35,125,4000,1200,1500,1558,"no",0.962772785622593,25,0.2,90,"26-35","yes",0
"good",2,"owner",48,24,"single","no","fixed",35,157,6000,0,1000,1347,"no",0.742390497401633,20.8333333333333,0.132696390658174,122,"18-25","yes",0
"bad",1,"owner",36,35,"married","no","freelance",75,43,3000,280,800,950,"no",0.842105263157895,22.2222222222222,0.516795865633075,-32,"26-35","yes",1
"good",28,"rent",48,51,"married","no","fixed",112,373,15000,0,1300,2093,"no",0.62111801242236,27.0833333333333,0.072609472743521,261,"46-55","yes",0
"bad",0,"other",36,37,"married","no","others",75,75,0,0,500,800,"no",0.625,13.8888888888889,0.185185185185185,0,"36-45","no",1
"good",1,"priv",36,28,"married","no","fixed",60,110,4500,0,350,450,"no",0.777777777777778,9.72222222222222,0.0883838383838384,50,"26-35","yes",0
"good",1,"owner",42,38,"married","no","fixed",75,174,8000,0,1300,1683,"no",0.77243018419489,30.952380952381,0.177887246852764,99,"36-45","yes",0
"bad",0,"rent",48,21,"single","no","partime",50,148,0,0,1500,1575,"no",0.952380952380952,31.25,0.211148648648649,98,"18-25","no",1
"good",3,"parents",60,28,"single","no","fixed",35,187,0,0,700,873,"no",0.801832760595647,11.6666666666667,0.0623885918003565,152,"26-35","no",0
"good",1,"owner",48,27,"married","no","fixed",45,90,5000,0,350,1680,"no",0.208333333333333,7.29166666666667,0.0810185185185185,45,"26-35","yes",0
"good",2,"rent",36,32,"married","no","fixed",67,224,0,0,750,900,"no",0.833333333333333,20.8333333333333,0.0930059523809524,157,"26-35","no",0
"good",5,"rent",60,39,"married","no","fixed",93,178,0,0,1100,1338,"no",0.822122571001495,18.3333333333333,0.102996254681648,85,"36-45","no",0
"good",3,"owner",36,26,"married","no","fixed",45,133,26000,0,1000,1300,"no",0.769230769230769,27.7777777777778,0.208855472013367,88,"26-35","yes",0
"good",4,"rent",48,34,"married","no","fixed",79,185,0,0,750,1431,"no",0.524109014675052,15.625,0.0844594594594595,106,"26-35","no",0
"good",2,"owner",36,47,"married","no","fixed",60,70,5000,0,1200,1397,"no",0.85898353614889,33.3333333333333,0.476190476190476,10,"46-55","yes",0
"bad",0,"other",36,49,"married","yes","freelance",60,142,0,0,1000,1800,"yes",0.555555555555556,27.7777777777778,0.195618153364632,82,"46-55","no",1
"good",15,"owner",36,51,"married","yes","freelance",45,160,15000,0,2000,3318,"no",0.602772754671489,55.5555555555556,0.347222222222222,115,"46-55","yes",0
"good",0,"parents",12,27,"single","no","freelance",45,428.98,35000,0,1000,2000,"no",0.5,83.3333333333333,0.194259250625515,383.98,"26-35","yes",0
"good",3,"rent",60,42,"married","no","fixed",105,150,25000,0,1000,1338,"no",0.747384155455904,16.6666666666667,0.111111111111111,45,"36-45","yes",0
"bad",5,"rent",60,47,"single","yes","fixed",46,106,8500,0,2500,2664,"no",0.938438438438438,41.6666666666667,0.393081761006289,60,"46-55","yes",1
"bad",0,"parents",48,26,"single","no","fixed",35,120,0,0,1100,1100,"no",1,22.9166666666667,0.190972222222222,85,"26-35","no",1
"good",16,"owner",60,42,"married","no","fixed",75,100,2000,0,1050,1490,"no",0.704697986577181,17.5,0.175,25,"36-45","yes",0
"good",14,"rent",36,32,"married","no","fixed",87,120,0,0,550,750,"no",0.733333333333333,15.2777777777778,0.127314814814815,33,"26-35","no",0
"good",5,"owner",48,40,"married","no","freelance",75,61,11000,770,1200,1483,"no",0.809170600134862,25,0.409836065573771,-14,"36-45","yes",0
"good",2,"owner",60,25,"married","no","fixed",45,79,6000,2700,1300,1681,"no",0.773349196906603,21.6666666666667,0.274261603375527,34,"18-25","yes",0
"good",1,"owner",36,30,"married","no","freelance",75,142,6000,0,700,850,"yes",0.823529411764706,19.4444444444444,0.136932707355243,67,"26-35","yes",0
"good",14,"rent",48,28,"married","no","fixed",60,146,0,0,1450,1474,"no",0.983717774762551,30.2083333333333,0.206906392694064,86,"26-35","no",0
"good",8,"parents",60,32,"separated","no","fixed",75,118,3500,0,1350,1729,"no",0.780798149219202,22.5,0.190677966101695,43,"26-35","yes",0
"good",2,"parents",36,24,"single","no","fixed",35,69,3000,0,600,1604,"no",0.374064837905237,16.6666666666667,0.241545893719807,34,"18-25","yes",0
"bad",15,"owner",60,52,"married","yes","fixed",60,130,4000,0,1300,1450,"no",0.896551724137931,21.6666666666667,0.166666666666667,70,"46-55","yes",1
"bad",0,"owner",60,36,"married","no","partime",90,113,4000,198,400,790,"no",0.506329113924051,6.66666666666667,0.0589970501474926,23,"36-45","yes",1
"good",0,"parents",36,27,"married","no","freelance",60,142,0,0,600,900,"yes",0.666666666666667,16.6666666666667,0.117370892018779,82,"26-35","no",0
"good",3,"owner",6,27,"married","no","fixed",60,150,4000,1500,400,1300,"no",0.307692307692308,66.6666666666667,0.444444444444444,90,"26-35","yes",0
"good",0,"owner",24,63,"widow","no","others",35,92,40000,0,1150,2244,"no",0.512477718360071,47.9166666666667,0.520833333333333,57,"56+","yes",0
"good",0,"owner",48,47,"single","no","fixed",60,126,20000,0,1600,1856,"yes",0.862068965517241,33.3333333333333,0.264550264550265,66,"46-55","yes",0
"bad",4,"priv",60,23,"married","yes","fixed",75,100,8000,1000,800,949,"no",0.842992623814542,13.3333333333333,0.133333333333333,25,"18-25","yes",1
"bad",1,"rent",60,21,"single","no","partime",41,60,0,0,850,930,"no",0.913978494623656,14.1666666666667,0.236111111111111,19,"18-25","no",1
"bad",1,"parents",36,25,"single","no","partime",35,53,0,0,600,1415,"no",0.424028268551237,16.6666666666667,0.314465408805031,18,"18-25","no",1
"good",12,"parents",36,30,"single","no","fixed",35,59,0,0,600,1206,"no",0.497512437810945,16.6666666666667,0.282485875706215,24,"26-35","no",0
"good",2,"owner",60,45,"married","no","fixed",75,165,3000,0,900,1500,"no",0.6,15,0.0909090909090909,90,"36-45","yes",0
"good",1,"parents",30,22,"single","no","fixed",35,111,0,0,775,1100,"no",0.704545454545455,25.8333333333333,0.232732732732733,76,"18-25","no",0
"good",16,"owner",60,32,"married","no","fixed",60,93,4000,1100,800,1246,"no",0.642054574638844,13.3333333333333,0.14336917562724,33,"26-35","yes",0
"good",3,"priv",36,20,"married","no","fixed",45,50,1500,100,1000,1387,"no",0.720980533525595,27.7777777777778,0.555555555555556,5,"18-25","yes",0
"good",1,"owner",60,29,"married","yes","fixed",60,111,4000,2000,750,856,"no",0.876168224299065,12.5,0.112612612612613,51,"26-35","yes",0
"good",7,"owner",12,23,"married","no","fixed",45,60,3500,0,500,1595,"no",0.313479623824451,41.6666666666667,0.694444444444444,15,"18-25","yes",0
"good",12,"rent",18,27,"married","no","fixed",67,68,0,0,200,675,"no",0.296296296296296,11.1111111111111,0.163398692810458,1,"26-35","no",0
"bad",14,"owner",60,37,"married","yes","fixed",75,60,2500,0,1500,1648,"no",0.910194174757282,25,0.416666666666667,-15,"36-45","yes",1
"bad",10,"owner",24,53,"married","yes","fixed",60,60,3000,0,1750,2038,"no",0.858684985279686,72.9166666666667,1.21527777777778,0,"46-55","yes",1
"good",20,"rent",24,40,"married","no","fixed",87,117,0,0,350,375,"no",0.933333333333333,14.5833333333333,0.124643874643875,30,"36-45","no",0
"good",15,"owner",36,38,"married","yes","freelance",45,110,7000,0,450,550,"no",0.818181818181818,12.5,0.113636363636364,65,"36-45","yes",0
"good",8,"owner",36,52,"married","no","fixed",60,65,5000,0,625,725,"no",0.862068965517241,17.3611111111111,0.267094017094017,5,"46-55","yes",0
"bad",2,"rent",60,54,"married","no","fixed",75,126,0,0,1700,1700,"yes",1,28.3333333333333,0.224867724867725,51,"46-55","no",1
"bad",2,"rent",36,29,"single","yes","freelance",35,142,0,0,1000,1600,"yes",0.625,27.7777777777778,0.195618153364632,107,"26-35","no",1
"good",4,"owner",60,31,"married","no","fixed",60,177,3000,0,1300,1409,"no",0.92264017033357,21.6666666666667,0.12241054613936,117,"26-35","yes",0
"good",13,"owner",60,50,"married","no","fixed",45,90,3000,0,800,1268,"no",0.630914826498423,13.3333333333333,0.148148148148148,45,"46-55","yes",0
"good",4,"parents",60,32,"single","no","fixed",35,150,0,0,700,2061,"no",0.339640950994663,11.6666666666667,0.0777777777777778,115,"26-35","no",0
"good",5,"parents",48,28,"married","no","fixed",45,120,0,0,1100,1537,"no",0.715679895901106,22.9166666666667,0.190972222222222,75,"26-35","no",0
"good",0,"owner",60,22,"single","no","partime",45,150,4000,0,1550,1657,"no",0.935425467712734,25.8333333333333,0.172222222222222,105,"18-25","yes",0
"good",7,"owner",36,31,"married","no","fixed",45,180,9000,1600,700,1400,"no",0.5,19.4444444444444,0.108024691358025,135,"26-35","yes",0
"good",7,"rent",24,32,"single","no","freelance",67,320,0,0,2000,3400,"no",0.588235294117647,83.3333333333333,0.260416666666667,253,"26-35","no",0
"good",6,"owner",60,50,"married","no","fixed",60,260,6000,0,1650,1800,"no",0.916666666666667,27.5,0.105769230769231,200,"46-55","yes",0
"good",0,"priv",36,60,"married","no","fixed",60,140,3000,0,1000,2050,"no",0.48780487804878,27.7777777777778,0.198412698412698,80,"56+","yes",0
"good",11,"owner",36,55,"divorced","no","fixed",35,182,2000,0,500,1135,"no",0.440528634361233,13.8888888888889,0.0763125763125763,147,"46-55","yes",0
"good",3,"owner",60,33,"married","no","fixed",60,129,3436,2686,800,880,"no",0.909090909090909,13.3333333333333,0.103359173126615,69,"26-35","yes",0
"good",2,"owner",60,38,"married","no","fixed",60,88,3500,500,1100,1263,"no",0.870942201108472,18.3333333333333,0.208333333333333,28,"36-45","yes",0
"good",16,"owner",36,43,"married","no","fixed",90,350,11000,0,600,2467,"no",0.243210376976084,16.6666666666667,0.0476190476190476,260,"36-45","yes",0
"good",7,"owner",60,44,"married","no","freelance",90,190,10000,0,1350,1527,"no",0.884086444007859,22.5,0.118421052631579,100,"36-45","yes",0
"good",2,"rent",60,30,"married","yes","fixed",52,70,0,0,950,1175,"no",0.808510638297872,15.8333333333333,0.226190476190476,18,"26-35","no",0
"good",14,"owner",36,50,"married","no","fixed",45,80,2500,0,600,1180,"no",0.508474576271186,16.6666666666667,0.208333333333333,35,"46-55","yes",0
"bad",2,"rent",60,39,"married","yes","fixed",89,140,0,0,1500,1967,"no",0.762582613116421,25,0.178571428571429,51,"36-45","no",1
"good",13,"owner",60,27,"married","no","fixed",60,112,3000,1485,800,1200,"no",0.666666666666667,13.3333333333333,0.119047619047619,52,"26-35","yes",0
"bad",15,"rent",60,39,"married","no","fixed",90,150,0,0,1450,1450,"no",1,24.1666666666667,0.161111111111111,60,"36-45","no",1
"good",8,"rent",36,30,"married","no","fixed",71,112,8000,0,1000,1175,"no",0.851063829787234,27.7777777777778,0.248015873015873,41,"26-35","yes",0
"bad",0,"rent",60,33,"married","no","freelance",85,100,0,0,1150,1760,"no",0.653409090909091,19.1666666666667,0.191666666666667,15,"26-35","no",1
"good",4,"rent",60,34,"married","no","partime",84,85,0,0,800,1293,"no",0.618716163959783,13.3333333333333,0.156862745098039,1,"26-35","no",0
"good",17,"owner",48,34,"married","no","fixed",60,162,3500,0,1250,1650,"no",0.757575757575758,26.0416666666667,0.160751028806584,102,"26-35","yes",0
"bad",0,"parents",60,25,"single","yes","fixed",35,95,8000,0,1250,1742,"no",0.717566016073479,20.8333333333333,0.219298245614035,60,"18-25","yes",1
"good",20,"owner",12,47,"married","no","freelance",90,400,15000,1000,800,2335,"no",0.342612419700214,66.6666666666667,0.166666666666667,310,"46-55","yes",0
"good",6,"other",12,60,"married","no","freelance",90,428.98,28000,0,1350,1612,"no",0.837468982630273,112.5,0.262249988344445,338.98,"56+","yes",0
"bad",4,"priv",48,30,"married","no","fixed",105,72,2500,750,1200,1410,"no",0.851063829787234,25,0.347222222222222,-33,"26-35","yes",1
"good",5,"owner",48,39,"married","yes","freelance",45,100,30000,0,1550,2294,"no",0.675675675675676,32.2916666666667,0.322916666666667,55,"36-45","yes",0
"good",12,"other",36,41,"single","no","fixed",35,100,0,0,500,1600,"no",0.3125,13.8888888888889,0.138888888888889,65,"36-45","no",0
"good",5,"owner",60,31,"separated","yes","fixed",35,64,5000,0,400,824,"no",0.485436893203884,6.66666666666667,0.104166666666667,29,"26-35","yes",0
"good",1,"priv",36,27,"married","no","fixed",45,124,3000,0,1300,1636,"no",0.794621026894866,36.1111111111111,0.291218637992832,79,"26-35","yes",0
"good",40,"owner",24,60,"married","no","freelance",45,80,7500,0,325,1365,"no",0.238095238095238,13.5416666666667,0.169270833333333,35,"56+","yes",0
"bad",8,"rent",24,30,"married","yes","freelance",60,142,0,0,450,600,"yes",0.75,18.75,0.132042253521127,82,"26-35","no",1
"good",4,"owner",60,37,"married","no","fixed",75,126,5000,900,500,1205,"yes",0.4149377593361,8.33333333333333,0.0661375661375661,51,"36-45","yes",0
"good",0,"owner",36,21,"single","no","fixed",45,206,4000,0,1500,1600,"no",0.9375,41.6666666666667,0.202265372168285,161,"18-25","yes",0
"bad",20,"owner",48,51,"married","yes","fixed",45,213,5000,1000,1100,1376,"no",0.799418604651163,22.9166666666667,0.107589984350548,168,"46-55","yes",1
"good",6,"rent",48,34,"married","no","fixed",87,120,0,0,1150,1400,"no",0.821428571428571,23.9583333333333,0.199652777777778,33,"26-35","no",0
"good",2,"rent",60,26,"married","no","partime",85,97,6000,0,1070,1172,"no",0.912969283276451,17.8333333333333,0.183848797250859,12,"26-35","yes",0
"good",2,"owner",48,30,"married","no","fixed",75,180,4000,0,1500,2065,"no",0.726392251815981,31.25,0.173611111111111,105,"26-35","yes",0
"bad",3,"priv",30,22,"single","no","freelance",60,142,5000,0,1200,1426,"yes",0.841514726507714,40,0.28169014084507,82,"18-25","yes",1
"bad",1,"parents",60,24,"single","no","fixed",35,70,0,0,1750,1750,"no",1,29.1666666666667,0.416666666666667,35,"18-25","no",1
"good",14,"owner",60,49,"married","no","freelance",60,103,36000,0,1300,1648,"no",0.788834951456311,21.6666666666667,0.210355987055016,43,"46-55","yes",0
"bad",1,"rent",60,55,"married","yes","fixed",91,157,0,0,2500,2860,"no",0.874125874125874,41.6666666666667,0.265392781316348,66,"46-55","no",1
"bad",21,"priv",60,36,"married","no","fixed",45,179,3500,0,2000,2220,"no",0.900900900900901,33.3333333333333,0.186219739292365,134,"36-45","yes",1
"bad",1,"other",48,32,"married","no","fixed",60,69,0,0,2000,2580,"no",0.775193798449612,41.6666666666667,0.603864734299517,9,"26-35","no",1
"good",40,"owner",24,63,"married","no","fixed",45,250,50000,0,1000,1751,"no",0.571102227298686,41.6666666666667,0.166666666666667,205,"56+","yes",0
"good",4,"priv",60,27,"married","no","fixed",45,53,2500,300,780,861,"no",0.905923344947735,13,0.245283018867925,8,"26-35","yes",0
"good",2,"parents",36,22,"single","no","fixed",35,52,0,0,800,1762,"no",0.454029511918275,22.2222222222222,0.427350427350427,17,"18-25","no",0
"good",6,"owner",60,38,"married","no","fixed",90,145,3000,0,1800,2218,"no",0.811541929666366,30,0.206896551724138,55,"36-45","yes",0
"good",1,"owner",12,27,"married","no","fixed",45,70,6000,4774.49999999999,600,1628,"no",0.368550368550369,50,0.714285714285714,25,"26-35","yes",0
"bad",6,"rent",60,31,"married","yes","fixed",86,113,0,0,1150,1736,"no",0.662442396313364,19.1666666666667,0.169616519174041,27,"26-35","no",1
"good",20,"owner",36,48,"married","no","fixed",75,303,8000,0,1000,1831,"no",0.546149645002731,27.7777777777778,0.0916758342500917,228,"46-55","yes",0
"good",3,"rent",48,33,"married","no","freelance",89,291,0,0,900,1041,"no",0.864553314121037,18.75,0.0644329896907216,202,"26-35","no",0
"good",0,"owner",18,20,"single","no","partime",35,180,4000,0,700,960,"no",0.729166666666667,38.8888888888889,0.216049382716049,145,"18-25","yes",0
"bad",2,"parents",48,20,"single","no","fixed",35,136,0,0,900,1022,"no",0.880626223091976,18.75,0.137867647058824,101,"18-25","no",1
"bad",4,"other",48,41,"married","yes","freelance",45,140,0,0,1000,1250,"no",0.8,20.8333333333333,0.148809523809524,95,"36-45","no",1
"good",3,"rent",48,36,"married","no","fixed",71,105,0,0,350,1526,"no",0.229357798165138,7.29166666666667,0.0694444444444444,34,"36-45","no",0
"good",4,"owner",36,27,"married","no","fixed",60,94,12000,0,1000,1888,"no",0.529661016949153,27.7777777777778,0.295508274231678,34,"26-35","yes",0
"good",8,"owner",60,36,"married","no","fixed",75,219,8500,800,1600,1852,"no",0.863930885529158,26.6666666666667,0.121765601217656,144,"36-45","yes",0
"good",1,"parents",36,29,"single","no","fixed",35,66,0,0,700,1018,"no",0.68762278978389,19.4444444444444,0.294612794612795,31,"26-35","no",0
"good",1,"rent",60,23,"married","no","fixed",54,92,0,0,1000,1300,"no",0.769230769230769,16.6666666666667,0.181159420289855,38,"18-25","no",0
"good",2,"other",36,29,"single","no","fixed",35,70,0,0,300,850,"no",0.352941176470588,8.33333333333333,0.119047619047619,35,"26-35","no",0
"good",7,"owner",60,39,"married","no","fixed",90,142,6000,0,1300,1534,"no",0.847457627118644,21.6666666666667,0.152582159624413,52,"36-45","yes",0
"good",18,"owner",60,38,"married","no","fixed",75,138,6000,0,1000,2018,"no",0.495540138751239,16.6666666666667,0.120772946859903,63,"36-45","yes",0
"good",15,"owner",36,47,"married","no","fixed",75,230,13000,1400,1400,1568,"no",0.892857142857143,38.8888888888889,0.169082125603865,155,"46-55","yes",0
"good",9,"owner",36,43,"married","no","freelance",90,142,24000,0,2500,2700,"no",0.925925925925926,69.4444444444444,0.489045383411581,52,"36-45","yes",0
"good",30,"owner",24,58,"married","no","freelance",60,216,11000,0,983,1200,"no",0.819166666666667,40.9583333333333,0.189621913580247,156,"56+","yes",0
"good",15,"parents",18,30,"married","no","fixed",45,260,8000,1500,500,2071,"no",0.241429261226461,27.7777777777778,0.106837606837607,215,"26-35","yes",0
"good",1,"parents",36,24,"single","no","fixed",35,60,0,0,1000,1602,"no",0.624219725343321,27.7777777777778,0.462962962962963,25,"18-25","no",0
"bad",7,"rent",60,25,"married","no","fixed",51,63,0,0,1100,1297,"no",0.848111025443331,18.3333333333333,0.291005291005291,12,"18-25","no",1
"good",12,"rent",36,51,"married","no","fixed",74,139,0,0,600,690,"no",0.869565217391304,16.6666666666667,0.119904076738609,65,"46-55","no",0
"bad",12,"rent",48,47,"married","no","freelance",75,300,0,0,2000,2196,"no",0.910746812386157,41.6666666666667,0.138888888888889,225,"46-55","no",1
"bad",14,"owner",60,53,"married","no","freelance",45,65,3500,0,1800,1979,"no",0.90955027791814,30,0.461538461538462,20,"46-55","yes",1
"good",2,"parents",48,32,"married","no","fixed",60,167,2000,0,1450,1698,"no",0.85394581861013,30.2083333333333,0.180888223552894,107,"26-35","yes",0
"bad",2,"rent",36,35,"single","no","fixed",47,120,0,0,900,1200,"no",0.75,25,0.208333333333333,73,"26-35","no",1
"good",13,"parents",48,31,"married","no","fixed",75,80,0,0,1000,1575,"no",0.634920634920635,20.8333333333333,0.260416666666667,5,"26-35","no",0
"good",3,"owner",60,38,"married","no","freelance",60,100,18000,0,1500,2360,"no",0.635593220338983,25,0.25,40,"36-45","yes",0
"bad",15,"owner",60,44,"married","no","fixed",75,240,10000,4774.49999999999,1000,1026,"no",0.974658869395711,16.6666666666667,0.0694444444444444,165,"36-45","yes",1
"good",8,"priv",60,47,"married","no","freelance",75,178,2500,0,1600,1661,"no",0.963275135460566,26.6666666666667,0.149812734082397,103,"46-55","yes",0
"good",14,"owner",36,33,"married","no","fixed",60,92,7000,0,800,1115,"no",0.717488789237668,22.2222222222222,0.241545893719807,32,"26-35","yes",0
"good",7,"parents",30,29,"single","no","fixed",35,250,3500,0,500,1634,"no",0.305997552019584,16.6666666666667,0.0666666666666667,215,"26-35","yes",0
"good",0,"owner",60,29,"married","no","partime",75,70,4500,0,1150,1683,"no",0.683303624480095,19.1666666666667,0.273809523809524,-5,"26-35","yes",0
"good",14,"owner",60,30,"married","no","fixed",45,120,6500,3000,760,895,"no",0.849162011173184,12.6666666666667,0.105555555555556,75,"26-35","yes",0
"good",6,"owner",36,28,"married","no","fixed",45,89,5000,0,800,1054,"no",0.759013282732448,22.2222222222222,0.249687890137328,44,"26-35","yes",0
"good",5,"owner",48,55,"married","no","freelance",90,41,30000,0,850,1344,"no",0.632440476190476,17.7083333333333,0.431910569105691,-49,"46-55","yes",0
"good",29,"owner",60,52,"married","no","fixed",60,212,2200,0,1250,1301,"no",0.960799385088394,20.8333333333333,0.0982704402515723,152,"46-55","yes",0
"good",2,"rent",36,24,"married","no","fixed",71,113,0,0,700,1338,"no",0.523168908819133,19.4444444444444,0.172074729596853,42,"18-25","no",0
"good",32,"rent",36,52,"married","no","fixed",63,180,0,0,1100,1489,"no",0.73875083948959,30.5555555555556,0.169753086419753,117,"46-55","no",0
"good",12,"owner",60,34,"married","no","fixed",75,172,10000,3900,1000,1568,"no",0.637755102040816,16.6666666666667,0.0968992248062016,97,"26-35","yes",0
"bad",2,"owner",60,27,"single","no","fixed",60,46,3000,0,700,1130,"no",0.619469026548673,11.6666666666667,0.253623188405797,-14,"26-35","yes",1
"good",5,"parents",48,53,"married","no","fixed",60,50,0,0,650,869,"no",0.747986191024166,13.5416666666667,0.270833333333333,-10,"46-55","no",0
"bad",1,"priv",48,41,"married","no","partime",75,80,4000,30,1100,1409,"no",0.78069552874379,22.9166666666667,0.286458333333333,5,"36-45","yes",1
"bad",3,"owner",60,32,"married","no","fixed",90,254,14000,4774.49999999999,1650,2200,"no",0.75,27.5,0.108267716535433,164,"26-35","yes",1
"good",9,"parents",60,32,"married","no","freelance",75,160,2000,0,1200,1541,"no",0.778715120051914,20,0.125,85,"26-35","yes",0
"good",4,"owner",60,22,"single","no","others",35,130,4000,0,750,997,"no",0.752256770310933,12.5,0.0961538461538462,95,"18-25","yes",0
"good",25,"owner",36,55,"married","no","freelance",60,100,50000,0,1400,1705,"no",0.821114369501466,38.8888888888889,0.388888888888889,40,"46-55","yes",0
"good",1,"priv",24,55,"married","no","fixed",60,184,15000,0,1600,3559.49,"no",0.449502597282195,66.6666666666667,0.36231884057971,124,"46-55","yes",0
"bad",1,"rent",60,56,"married","no","partime",88,133,0,0,750,784,"no",0.956632653061224,12.5,0.093984962406015,45,"56+","no",1
"good",11,"rent",48,31,"married","no","fixed",67,66,6200,0,1000,1541,"no",0.648929266709929,20.8333333333333,0.315656565656566,-1,"26-35","yes",0
"bad",0,"owner",36,35,"married","yes","fixed",75,120,4000,0,900,975,"no",0.923076923076923,25,0.208333333333333,45,"26-35","yes",1
"good",4,"owner",36,45,"married","yes","fixed",60,98,2500,0,450,575,"no",0.782608695652174,12.5,0.127551020408163,38,"36-45","yes",0
"bad",1,"parents",60,22,"single","no","fixed",35,45,0,0,1350,1520,"no",0.888157894736842,22.5,0.5,10,"18-25","no",1
"good",1,"owner",60,25,"married","no","fixed",45,171,15000,0,550,2055,"no",0.267639902676399,9.16666666666667,0.0536062378167641,126,"18-25","yes",0
"good",9,"parents",60,35,"married","no","fixed",60,118,0,0,1000,1656,"no",0.603864734299517,16.6666666666667,0.141242937853107,58,"26-35","no",0
"good",12,"owner",36,56,"married","no","fixed",75,205,5500,1950,275,375,"no",0.733333333333333,7.63888888888889,0.0372628726287263,130,"56+","yes",0
"good",4,"owner",60,38,"married","no","fixed",75,145,4500,0,1450,1657,"no",0.875075437537719,24.1666666666667,0.166666666666667,70,"36-45","yes",0
"bad",2,"priv",36,34,"married","yes","fixed",105,135,1200,0,400,425,"no",0.941176470588235,11.1111111111111,0.0823045267489712,30,"26-35","yes",1
"bad",0,"priv",48,46,"married","no","partime",75,125,8500,0,1575,1702,"no",0.925381903642773,32.8125,0.2625,50,"46-55","yes",1
"good",12,"owner",48,31,"divorced","no","fixed",35,117,4000,0,660,933,"no",0.707395498392283,13.75,0.117521367521368,82,"26-35","yes",0
"good",27,"owner",36,46,"married","yes","fixed",60,260,15000,4774.49999999999,690,1242,"no",0.555555555555556,19.1666666666667,0.0737179487179487,200,"46-55","yes",0
"good",1,"parents",60,41,"married","yes","fixed",75,251,0,0,1450,2009,"no",0.721752115480338,24.1666666666667,0.0962815405046481,176,"36-45","no",0
"good",2,"rent",36,29,"married","no","fixed",88,130,0,0,500,600,"no",0.833333333333333,13.8888888888889,0.106837606837607,42,"26-35","no",0
"bad",0,"other",60,42,"married","no","freelance",45,142,0,0,2500,3559.49,"yes",0.70234780825343,41.6666666666667,0.293427230046948,97,"36-45","no",1
"bad",0,"rent",30,30,"married","no","freelance",75,142,0,0,600,830,"yes",0.72289156626506,20,0.140845070422535,67,"26-35","no",1
"bad",2,"owner",36,50,"married","yes","fixed",45,185,4000,0,950,950,"no",1,26.3888888888889,0.142642642642643,140,"46-55","yes",1
"good",2,"rent",48,37,"separated","no","fixed",50,148,0,0,700,1805,"no",0.38781163434903,14.5833333333333,0.098536036036036,98,"36-45","no",0
"bad",3,"priv",60,32,"married","yes","fixed",60,200,4500,2000,1600,1759,"no",0.909607731665719,26.6666666666667,0.133333333333333,140,"26-35","yes",1
"good",1,"rent",48,46,"married","no","fixed",95,200,0,0,1420,1595,"no",0.890282131661442,29.5833333333333,0.147916666666667,105,"46-55","no",0
"good",3,"owner",48,28,"married","no","partime",75,61,4000,50,1250,1484,"no",0.842318059299191,26.0416666666667,0.426912568306011,-14,"26-35","yes",0
"good",3,"owner",60,58,"married","no","fixed",75,150,5000,0,1100,2035,"no",0.540540540540541,18.3333333333333,0.122222222222222,75,"56+","yes",0
"good",19,"owner",36,37,"married","no","fixed",75,170,2500,0,950,1339,"no",0.709484690067214,26.3888888888889,0.155228758169935,95,"36-45","yes",0
"good",1,"priv",60,24,"married","no","fixed",45,115,14500,0,1400,1675,"no",0.835820895522388,23.3333333333333,0.202898550724638,70,"18-25","yes",0
"good",25,"owner",24,54,"married","no","freelance",75,215,15000,0,1500,2070,"no",0.72463768115942,62.5,0.290697674418605,140,"46-55","yes",0
"good",8,"rent",60,34,"married","no","partime",81,60,0,0,600,1400,"no",0.428571428571429,10,0.166666666666667,-21,"26-35","no",0
"good",30,"owner",36,56,"married","no","fixed",60,150,2000,0,400,450,"no",0.888888888888889,11.1111111111111,0.0740740740740741,90,"56+","yes",0
"good",15,"owner",60,33,"married","no","fixed",90,144,3000,200,960,960,"no",1,16,0.111111111111111,54,"26-35","yes",0
"good",18,"owner",18,50,"married","no","fixed",60,75,3000,0,280,434,"no",0.645161290322581,15.5555555555556,0.207407407407407,15,"46-55","yes",0
"good",4,"rent",12,21,"single","no","fixed",52,70,0,0,400,700,"no",0.571428571428571,33.3333333333333,0.476190476190476,18,"18-25","no",0
"good",13,"owner",36,61,"married","no","freelance",60,120,2500,0,600,980,"no",0.612244897959184,16.6666666666667,0.138888888888889,60,"56+","yes",0
"good",13,"rent",60,53,"separated","no","fixed",57,222,4600,0,1000,2300,"no",0.434782608695652,16.6666666666667,0.0750750750750751,165,"46-55","yes",0
"good",4,"rent",60,21,"single","no","fixed",47,120,8000,0,2100,2100,"no",1,35,0.291666666666667,73,"18-25","yes",0
"good",1,"rent",60,24,"married","no","fixed",77,165,0,0,1500,1736,"no",0.86405529953917,25,0.151515151515152,88,"18-25","no",0
"good",25,"owner",48,44,"married","no","freelance",75,250,20000,0,700,1100,"no",0.636363636363636,14.5833333333333,0.0583333333333333,175,"36-45","yes",0
"bad",10,"other",12,31,"married","no","others",90,65,0,0,225,375,"no",0.6,18.75,0.288461538461538,-25,"26-35","no",1
"good",6,"parents",60,31,"married","yes","fixed",45,94,0,0,500,1418,"no",0.352609308885755,8.33333333333333,0.0886524822695035,49,"26-35","no",0
"bad",0,"rent",36,42,"single","no","partime",49,141,0,0,800,1165,"no",0.686695278969957,22.2222222222222,0.157604412923562,92,"36-45","no",1
"good",20,"priv",36,46,"married","no","fixed",60,150,2000,0,910,1128,"no",0.806737588652482,25.2777777777778,0.168518518518519,90,"46-55","yes",0
"bad",0,"parents",36,23,"single","yes","partime",35,66,0,0,1000,1200,"no",0.833333333333333,27.7777777777778,0.420875420875421,31,"18-25","no",1
"good",4,"owner",60,64,"married","no","others",45,82,8000,0,1000,1590,"no",0.628930817610063,16.6666666666667,0.203252032520325,37,"56+","yes",0
"bad",0,"owner",48,45,"married","no","fixed",90,156,5000,0,1350,1357,"no",0.994841562269713,28.125,0.180288461538462,66,"36-45","yes",1
"good",12,"owner",60,40,"married","no","fixed",75,114,6000,192,1330,1935,"no",0.68733850129199,22.1666666666667,0.194444444444444,39,"36-45","yes",0
"good",2,"owner",36,42,"married","no","partime",75,92,3000,0,550,850,"no",0.647058823529412,15.2777777777778,0.166062801932367,17,"36-45","yes",0
"good",3,"parents",60,31,"single","no","partime",35,95.5,2000,0,1200,1661,"yes",0.722456351595424,20,0.209424083769634,60.5,"26-35","yes",0
"bad",2,"owner",30,32,"married","no","fixed",90,74,1500,0,500,650,"no",0.769230769230769,16.6666666666667,0.225225225225225,-16,"26-35","yes",1
"good",0,"owner",48,31,"married","no","fixed",75,178,5000,0,1100,1487,"no",0.739744451916611,22.9166666666667,0.12874531835206,103,"26-35","yes",0
"good",3,"owner",12,57,"married","no","fixed",45,150,19000,1408,550,800,"no",0.6875,45.8333333333333,0.305555555555556,105,"56+","yes",0
"bad",2,"parents",36,36,"married","no","freelance",90,59,0,0,500,715,"no",0.699300699300699,13.8888888888889,0.235404896421846,-31,"36-45","no",1
"good",4,"parents",60,26,"single","no","freelance",35,60,0,0,600,710,"no",0.845070422535211,10,0.166666666666667,25,"26-35","no",0
"good",5,"owner",48,32,"married","no","freelance",75,110,9500,0,1195,1244,"no",0.960610932475884,24.8958333333333,0.226325757575758,35,"26-35","yes",0
"good",20,"rent",60,38,"married","no","fixed",75,150,0,0,1150,1450,"no",0.793103448275862,19.1666666666667,0.127777777777778,75,"36-45","no",0
"good",12,"parents",48,38,"separated","no","fixed",35,154,0,0,1300,2094,"no",0.620821394460363,27.0833333333333,0.175865800865801,119,"36-45","no",0
"good",6,"owner",60,29,"married","no","fixed",60,220,15000,4500,1200,1256,"no",0.955414012738854,20,0.0909090909090909,160,"26-35","yes",0
"good",5,"parents",24,27,"single","no","freelance",35,115,10000,0,325,425,"no",0.764705882352941,13.5416666666667,0.117753623188406,80,"26-35","yes",0
"bad",7,"rent",60,38,"married","no","freelance",90,142,0,0,1370,1397,"yes",0.98067287043665,22.8333333333333,0.160798122065728,52,"36-45","no",1
"good",1,"parents",60,30,"single","no","fixed",35,113,0,0,930,955,"no",0.973821989528796,15.5,0.13716814159292,78,"26-35","no",0
"bad",1,"owner",48,33,"married","no","freelance",60,198,3000,0,1800,2196,"no",0.819672131147541,37.5,0.189393939393939,138,"26-35","yes",1
"bad",0,"other",48,37,"married","no","fixed",60,80,18000,0,900,975,"no",0.923076923076923,18.75,0.234375,20,"36-45","yes",1
"good",7,"rent",60,60,"married","no","fixed",68,77,4000,0,800,1054,"no",0.759013282732448,13.3333333333333,0.173160173160173,9,"56+","yes",0
"good",8,"rent",48,26,"married","no","freelance",82,219,0,0,1400,1635,"no",0.856269113149847,29.1666666666667,0.133181126331811,137,"26-35","no",0
"good",1,"owner",48,42,"separated","no","freelance",75,310,3500,0,1300,1700,"no",0.764705882352941,27.0833333333333,0.0873655913978495,235,"36-45","yes",0
"good",20,"rent",60,45,"married","yes","freelance",93,175,1500,0,1500,1645,"no",0.911854103343465,25,0.142857142857143,82,"36-45","yes",0
"bad",5,"owner",60,28,"married","yes","freelance",75,142,21500,0,2000,2700,"yes",0.740740740740741,33.3333333333333,0.234741784037559,67,"26-35","yes",1
"good",18,"owner",60,35,"married","no","fixed",75,179,7000,3200,1000,1455,"no",0.687285223367698,16.6666666666667,0.0931098696461825,104,"26-35","yes",0
"good",4,"parents",60,28,"divorced","no","fixed",35,185,0,0,1500,1797,"no",0.834724540901502,25,0.135135135135135,150,"26-35","no",0
"good",14,"owner",60,29,"married","no","fixed",60,210,8000,2500,1100,2050,"no",0.536585365853659,18.3333333333333,0.0873015873015873,150,"26-35","yes",0
"good",0,"rent",60,25,"married","no","fixed",53,77,0,0,870,920,"no",0.945652173913043,14.5,0.188311688311688,24,"18-25","no",0
"good",30,"owner",36,52,"married","no","freelance",45,37.51,3000,0,600,1011,"no",0.593471810089021,16.6666666666667,0.444325957522439,-7.49,"46-55","yes",0
"bad",0,"rent",36,36,"married","no","partime",82,70,3500,0,500,1350,"no",0.37037037037037,13.8888888888889,0.198412698412698,-12,"36-45","yes",1
"bad",1,"parents",60,23,"married","no","partime",45,83,0,0,1140,1461,"no",0.780287474332649,19,0.228915662650602,38,"18-25","no",1
"bad",10,"owner",36,40,"married","no","freelance",90,37.51,9000,0,450,550,"no",0.818181818181818,12.5,0.333244468141829,-52.49,"36-45","yes",1
"good",2,"owner",24,20,"single","no","fixed",45,176,5000,0,700,1299,"no",0.538876058506544,29.1666666666667,0.165719696969697,131,"18-25","yes",0
"good",1,"parents",48,23,"single","no","fixed",35,65,0,0,400,1195,"no",0.334728033472803,8.33333333333333,0.128205128205128,30,"18-25","no",0
"good",1,"rent",60,35,"married","no","partime",83,76,10000,0,1000,1350,"no",0.740740740740741,16.6666666666667,0.219298245614035,-7,"26-35","yes",0
"good",19,"other",36,43,"married","no","fixed",75,110,2000,300,700,1553,"no",0.450740502253702,19.4444444444444,0.176767676767677,35,"36-45","yes",0
"bad",8,"rent",60,58,"married","yes","fixed",60,126,0,0,1400,1996,"yes",0.701402805611222,23.3333333333333,0.185185185185185,66,"56+","no",1
"good",0,"owner",24,33,"separated","no","fixed",35,170,3000,0,600,1589,"no",0.377595972309629,25,0.147058823529412,135,"26-35","yes",0
"bad",5,"other",60,42,"married","no","fixed",75,95,0,0,1000,1067,"no",0.937207122774133,16.6666666666667,0.175438596491228,20,"36-45","no",1
"bad",2,"owner",48,43,"married","no","partime",60,95,4000,1300,700,975,"no",0.717948717948718,14.5833333333333,0.153508771929825,35,"36-45","yes",1
"bad",0,"rent",18,24,"single","no","partime",39,40,0,0,300,460,"no",0.652173913043478,16.6666666666667,0.416666666666667,1,"18-25","no",1
"good",12,"owner",60,34,"married","yes","fixed",75,165,5000,1500,1600,1682,"no",0.951248513674197,26.6666666666667,0.161616161616162,90,"26-35","yes",0
"bad",1,"owner",60,46,"married","no","fixed",75,50,2000,0,750,1302,"no",0.576036866359447,12.5,0.25,-25,"46-55","yes",1
"good",14,"owner",60,45,"married","yes","fixed",60,164,4000,0,1050,1383,"no",0.759219088937093,17.5,0.106707317073171,104,"36-45","yes",0
"good",2,"parents",48,25,"married","no","freelance",60,150,0,0,1000,1300,"no",0.769230769230769,20.8333333333333,0.138888888888889,90,"18-25","no",0
"bad",1,"parents",12,26,"single","no","partime",35,95.5,0,0,200,693,"yes",0.288600288600289,16.6666666666667,0.174520069808028,60.5,"26-35","no",1
"bad",1,"other",30,20,"single","no","fixed",35,90,0,0,450,500,"no",0.9,15,0.166666666666667,55,"18-25","no",1
"good",3,"owner",60,30,"married","no","fixed",45,200,10000,2969,1650,1750,"no",0.942857142857143,27.5,0.1375,155,"26-35","yes",0
"good",1,"rent",60,35,"widow","no","fixed",45,100,0,0,1250,1400,"no",0.892857142857143,20.8333333333333,0.208333333333333,55,"26-35","no",0
"good",22,"parents",36,38,"married","no","fixed",75,110,2000,0,780,1785,"no",0.436974789915966,21.6666666666667,0.196969696969697,35,"36-45","yes",0
"good",30,"owner",48,59,"married","no","fixed",45,150,4000,0,660,933,"no",0.707395498392283,13.75,0.0916666666666667,105,"56+","yes",0
"bad",2,"other",24,37,"married","yes","freelance",60,142,0,0,1000,1795,"yes",0.557103064066852,41.6666666666667,0.293427230046948,82,"36-45","no",1
"good",1,"parents",48,40,"married","no","fixed",75,121,0,0,1320,1600,"no",0.825,27.5,0.227272727272727,46,"36-45","no",0
"good",5,"rent",48,34,"divorced","no","freelance",57,120,9000,0,950,1290,"no",0.736434108527132,19.7916666666667,0.164930555555556,63,"26-35","yes",0
"good",17,"owner",60,57,"married","no","fixed",60,106,4000,0,870,979,"no",0.888661899897855,14.5,0.136792452830189,46,"56+","yes",0
"good",14,"other",48,46,"married","no","fixed",60,100,3000,0,800,1651,"no",0.484554815263477,16.6666666666667,0.166666666666667,40,"46-55","yes",0
"good",3,"rent",36,23,"married","no","partime",53,79,0,0,600,650,"no",0.923076923076923,16.6666666666667,0.210970464135021,26,"18-25","no",0
"good",1,"rent",48,34,"single","no","fixed",45,98,6000,800,900,980,"no",0.918367346938776,18.75,0.191326530612245,53,"26-35","yes",0
"good",17,"owner",36,38,"married","no","freelance",75,142,19000,800,700,795,"yes",0.880503144654088,19.4444444444444,0.136932707355243,67,"36-45","yes",0
"good",35,"owner",60,52,"married","no","freelance",45,90,14000,0,2500,3559.49,"no",0.70234780825343,41.6666666666667,0.462962962962963,45,"46-55","yes",0
"good",1,"parents",48,22,"single","no","fixed",35,210,0,0,1575,2082,"no",0.756484149855908,32.8125,0.15625,175,"18-25","no",0
"good",12,"owner",60,27,"married","no","fixed",60,160,2500,270,1400,1461,"no",0.958247775496235,23.3333333333333,0.145833333333333,100,"26-35","yes",0
"good",2,"owner",60,27,"married","no","fixed",45,120,5000,400,1000,1140,"no",0.87719298245614,16.6666666666667,0.138888888888889,75,"26-35","yes",0
"good",7,"other",60,26,"married","yes","fixed",45,211,0,0,1400,1531,"no",0.914435009797518,23.3333333333333,0.110584518167457,166,"26-35","no",0
"bad",17,"owner",60,46,"married","yes","fixed",75,80,3000,0,900,1286,"no",0.699844479004666,15,0.1875,5,"46-55","yes",1
"good",1,"other",60,23,"single","no","partime",35,70,0,0,1050,1190,"no",0.882352941176471,17.5,0.25,35,"18-25","no",0
"good",3,"owner",60,60,"married","yes","others",45,67,10000,0,1000,1683,"no",0.5941770647653,16.6666666666667,0.248756218905473,22,"56+","yes",0
"good",7,"parents",60,27,"married","no","freelance",45,71,0,0,1500,1800,"no",0.833333333333333,25,0.352112676056338,26,"26-35","no",0
"good",13,"rent",60,36,"married","no","fixed",84,92,0,0,1200,1271,"no",0.944138473642801,20,0.217391304347826,8,"36-45","no",0
"good",15,"parents",24,46,"married","no","fixed",60,158,0,0,1000,1923,"no",0.520020800832033,41.6666666666667,0.263713080168776,98,"46-55","no",0
"good",0,"owner",12,65,"married","no","others",60,115,3500,0,200,431,"no",0.464037122969838,16.6666666666667,0.144927536231884,55,"56+","yes",0
"bad",0,"rent",24,30,"married","no","partime",83,80,0,0,500,650,"no",0.769230769230769,20.8333333333333,0.260416666666667,-3,"26-35","no",1
"good",5,"rent",60,37,"married","no","fixed",93,176,0,0,1800,2450,"no",0.73469387755102,30,0.170454545454545,83,"36-45","no",0
"good",10,"owner",36,56,"married","yes","freelance",90,321,26000,0,975,1576,"no",0.618654822335025,27.0833333333333,0.0843717549325026,231,"56+","yes",0
"good",7,"owner",36,24,"married","no","fixed",60,112,3500,0,1100,1460,"no",0.753424657534247,30.5555555555556,0.27281746031746,52,"18-25","yes",0
"good",2,"parents",36,20,"single","no","freelance",45,142,0,0,1000,1310,"yes",0.763358778625954,27.7777777777778,0.195618153364632,97,"18-25","no",0
"bad",0,"rent",60,28,"married","no","fixed",53,75,0,0,1100,1168,"no",0.941780821917808,18.3333333333333,0.244444444444444,22,"26-35","no",1
"good",10,"owner",24,50,"married","no","freelance",60,100,4000,0,700,1461,"no",0.479123887748118,29.1666666666667,0.291666666666667,40,"46-55","yes",0
"good",2,"rent",48,31,"single","no","fixed",43,75,0,0,800,900,"no",0.888888888888889,16.6666666666667,0.222222222222222,32,"26-35","no",0
"good",12,"owner",48,51,"married","no","fixed",60,80,10000,0,1600,1661,"no",0.963275135460566,33.3333333333333,0.416666666666667,20,"46-55","yes",0
"good",2,"rent",60,30,"married","no","fixed",92,170,0,0,1300,1525,"no",0.852459016393443,21.6666666666667,0.127450980392157,78,"26-35","no",0
"good",20,"other",60,62,"married","no","others",75,140,0,0,1300,1371,"no",0.948212983223924,21.6666666666667,0.154761904761905,65,"56+","no",0
"bad",0,"owner",60,38,"married","yes","partime",75,120,3500,0,1500,1702,"no",0.881316098707403,25,0.208333333333333,45,"36-45","yes",1
"good",12,"owner",60,50,"married","no","fixed",60,100,8000,0,1050,1657,"no",0.633675316837658,17.5,0.175,40,"46-55","yes",0
"good",15,"owner",48,44,"married","no","fixed",60,200,3500,200,800,1218,"no",0.656814449917898,16.6666666666667,0.0833333333333333,140,"36-45","yes",0
"bad",0,"rent",60,41,"married","yes","fixed",95,50,7000,4000,1600,1601,"no",0.999375390381012,26.6666666666667,0.533333333333333,-45,"36-45","yes",1
"bad",20,"priv",60,40,"married","no","fixed",75,83,3000,0,1300,1435,"no",0.905923344947735,21.6666666666667,0.261044176706827,8,"36-45","yes",1
"good",5,"owner",60,37,"married","yes","freelance",75,75,12000,0,900,1014,"no",0.887573964497041,15,0.2,0,"36-45","yes",0
"good",18,"other",48,50,"married","no","freelance",75,62,5000,0,1700,2437,"no",0.697578990562167,35.4166666666667,0.571236559139785,-13,"46-55","yes",0
"good",6,"parents",60,24,"separated","no","fixed",45,220,3000,0,1600,1700,"no",0.941176470588235,26.6666666666667,0.121212121212121,175,"18-25","yes",0
"good",5,"owner",36,46,"married","no","freelance",60,100,4000,0,1100,1897,"no",0.579862941486558,30.5555555555556,0.305555555555556,40,"46-55","yes",0
"good",11,"rent",24,26,"single","no","fixed",59,137,2500,0,350,1158,"no",0.302245250431779,14.5833333333333,0.106447688564477,78,"26-35","yes",0
"good",1,"rent",48,27,"single","no","fixed",45,97,0,0,850,1000,"no",0.85,17.7083333333333,0.182560137457045,52,"26-35","no",0
"good",22,"owner",24,46,"married","no","fixed",60,100,10500,0,900,1635,"no",0.55045871559633,37.5,0.375,40,"46-55","yes",0
"good",2,"priv",48,34,"married","no","fixed",90,170,6000,0,1280,1879,"no",0.681213411389037,26.6666666666667,0.156862745098039,80,"26-35","yes",0
"bad",6,"owner",36,42,"married","no","fixed",105,151,48000,0,1635,1635,"no",1,45.4166666666667,0.300772626931567,46,"36-45","yes",1
"bad",0,"owner",36,21,"single","yes","partime",35,115,2000,0,700,900,"no",0.777777777777778,19.4444444444444,0.169082125603865,80,"18-25","yes",1
"good",15,"other",48,60,"married","no","fixed",60,153,0,0,450,1188,"no",0.378787878787879,9.375,0.0612745098039216,93,"56+","no",0
"bad",0,"other",60,42,"married","yes","fixed",165,126,0,0,1300,1750,"yes",0.742857142857143,21.6666666666667,0.171957671957672,-39,"36-45","no",1
"good",14,"rent",60,46,"married","no","freelance",67,67,0,0,1500,2250,"no",0.666666666666667,25,0.373134328358209,0,"46-55","no",0
"bad",6,"other",24,23,"single","yes","fixed",35,135,0,0,250,375,"no",0.666666666666667,10.4166666666667,0.0771604938271605,100,"18-25","no",1
"good",5,"rent",48,29,"married","no","fixed",78,177,4000,0,700,960,"no",0.729166666666667,14.5833333333333,0.082391713747646,99,"26-35","yes",0
"bad",2,"parents",48,28,"separated","no","freelance",35,140,0,0,1000,1100,"no",0.909090909090909,20.8333333333333,0.148809523809524,105,"26-35","no",1
"good",14,"rent",48,43,"married","no","fixed",54,85,2000,0,500,800,"no",0.625,10.4166666666667,0.122549019607843,31,"36-45","yes",0
"good",26,"owner",48,42,"married","no","fixed",60,95,6500,0,1180,1442,"no",0.818307905686546,24.5833333333333,0.258771929824561,35,"36-45","yes",0
"good",0,"parents",36,32,"single","no","fixed",35,119,3000,0,1000,1345,"no",0.743494423791822,27.7777777777778,0.233426704014939,84,"26-35","yes",0
"good",29,"owner",12,53,"married","no","fixed",45,145,27000,0,500,1230,"no",0.40650406504065,41.6666666666667,0.28735632183908,100,"46-55","yes",0
"good",4,"rent",48,28,"single","no","fixed",45,100,0,0,750,954,"no",0.786163522012579,15.625,0.15625,55,"26-35","no",0
"good",4,"owner",24,55,"married","no","freelance",90,200,4500,0,800,1230,"no",0.650406504065041,33.3333333333333,0.166666666666667,110,"46-55","yes",0
"good",20,"owner",6,59,"married","no","freelance",60,142,3000,0,500,1402,"yes",0.356633380884451,83.3333333333333,0.586854460093897,82,"56+","yes",0
"bad",8,"owner",60,40,"married","yes","fixed",75,96,4000,1700,2050,2050,"no",1,34.1666666666667,0.355902777777778,21,"36-45","yes",1
"good",1,"other",60,20,"single","no","fixed",35,85,0,0,850,1618,"no",0.525339925834363,14.1666666666667,0.166666666666667,50,"18-25","no",0
"bad",20,"owner",60,44,"married","yes","freelance",75,60,3000,0,1500,1912,"no",0.784518828451883,25,0.416666666666667,-15,"36-45","yes",1
"bad",5,"owner",60,39,"married","yes","freelance",90,152,6000,0,1250,1600,"no",0.78125,20.8333333333333,0.137061403508772,62,"36-45","yes",1
"good",15,"owner",36,55,"married","no","freelance",75,70,14000,600,600,850,"no",0.705882352941177,16.6666666666667,0.238095238095238,-5,"46-55","yes",0
"good",2,"rent",36,31,"single","no","others",35,93,0,0,525,800,"yes",0.65625,14.5833333333333,0.156810035842294,58,"26-35","no",0
"good",7,"owner",60,33,"married","no","freelance",75,138,4000,0,1400,2035,"no",0.687960687960688,23.3333333333333,0.169082125603865,63,"26-35","yes",0
"good",10,"owner",60,41,"married","no","fixed",75,187,2500,0,1150,1250,"no",0.92,19.1666666666667,0.102495543672014,112,"36-45","yes",0
"good",21,"other",60,45,"widow","no","fixed",45,110,0,0,650,1584,"no",0.410353535353535,10.8333333333333,0.0984848484848485,65,"36-45","no",0
"bad",2,"rent",18,38,"married","no","partime",90,148,0,0,300,400,"no",0.75,16.6666666666667,0.112612612612613,58,"36-45","no",1
"good",0,"owner",36,41,"married","no","fixed",75,89,5500,0,1000,1670,"no",0.598802395209581,27.7777777777778,0.31210986267166,14,"36-45","yes",0
"good",12,"rent",60,36,"married","no","fixed",56,106,0,0,1200,1823,"no",0.65825562260011,20,0.188679245283019,50,"36-45","no",0
"bad",3,"parents",48,26,"married","no","freelance",35,142,3500,0,200,816,"yes",0.245098039215686,4.16666666666667,0.0293427230046948,107,"26-35","yes",1
"bad",11,"owner",48,34,"married","yes","fixed",90,198,4500,0,1650,2165,"no",0.762124711316397,34.375,0.173611111111111,108,"26-35","yes",1
"bad",2,"owner",60,53,"married","no","others",60,40,5000,0,850,884,"no",0.961538461538462,14.1666666666667,0.354166666666667,-20,"46-55","yes",1
"good",22,"owner",12,45,"married","no","fixed",60,100,3000,0,400,1531,"no",0.261267145656434,33.3333333333333,0.333333333333333,40,"36-45","yes",0
"good",7,"owner",48,37,"married","no","fixed",75,145,6000,0,1250,1650,"no",0.757575757575758,26.0416666666667,0.179597701149425,70,"36-45","yes",0
"bad",2,"owner",60,29,"married","yes","fixed",60,80,4000,0,1000,1248,"no",0.801282051282051,16.6666666666667,0.208333333333333,20,"26-35","yes",1
"good",20,"owner",48,45,"married","no","freelance",90,142,30000,0,1100,2500,"yes",0.44,22.9166666666667,0.161384976525822,52,"36-45","yes",0
"good",7,"owner",36,33,"married","no","fixed",45,208,4000,0,500,1288,"no",0.388198757763975,13.8888888888889,0.0667735042735043,163,"26-35","yes",0
"bad",14,"rent",36,43,"married","yes","fixed",96,212,0,0,600,750,"no",0.8,16.6666666666667,0.0786163522012579,116,"36-45","no",1
"good",7,"owner",18,40,"married","yes","fixed",75,169,4000,400,400,1717,"no",0.23296447291788,22.2222222222222,0.131492439184747,94,"36-45","yes",0
"good",8,"priv",48,22,"married","no","fixed",45,120,2500,1200,880,882,"no",0.997732426303855,18.3333333333333,0.152777777777778,75,"18-25","yes",0
"good",21,"rent",36,42,"separated","yes","fixed",53,180,0,0,850,950,"no",0.894736842105263,23.6111111111111,0.131172839506173,127,"36-45","no",0
"bad",1,"rent",48,41,"married","no","partime",89,136,0,0,1070,1378,"no",0.776487663280116,22.2916666666667,0.16390931372549,47,"36-45","no",1
"good",1,"owner",12,28,"married","no","partime",45,130,18000,2500,400,2575,"no",0.155339805825243,33.3333333333333,0.256410256410256,85,"26-35","yes",0
"good",14,"owner",60,35,"married","no","fixed",75,205,5000,0,1350,1442,"no",0.93619972260749,22.5,0.109756097560976,130,"26-35","yes",0
"good",2,"other",36,26,"married","no","fixed",35,148,4000,0,700,1300,"no",0.538461538461538,19.4444444444444,0.131381381381381,113,"26-35","yes",0
"good",3,"parents",60,25,"single","no","fixed",35,174,0,0,1000,1252,"no",0.798722044728435,16.6666666666667,0.0957854406130268,139,"18-25","no",0
"good",14,"owner",60,54,"married","no","fixed",60,90,5000,0,800,1517,"no",0.5273566249176,13.3333333333333,0.148148148148148,30,"46-55","yes",0
"good",3,"priv",36,26,"married","no","freelance",60,68,5000,90,900,1501,"no",0.599600266489007,25,0.367647058823529,8,"26-35","yes",0
"bad",0,"other",36,22,"single","no","fixed",35,126,0,0,800,800,"yes",1,22.2222222222222,0.17636684303351,91,"18-25","no",1
"good",10,"rent",48,26,"single","no","fixed",52,169,2000,0,1000,1242,"no",0.805152979066023,20.8333333333333,0.1232741617357,117,"26-35","yes",0
"bad",2,"parents",60,34,"single","yes","partime",35,103,0,0,1250,1293,"no",0.966744006187162,20.8333333333333,0.202265372168285,68,"26-35","no",1
"good",3,"rent",48,32,"married","no","fixed",57,121,0,0,1200,1952,"no",0.614754098360656,25,0.206611570247934,64,"26-35","no",0
"bad",10,"rent",36,40,"married","no","fixed",115,100,0,0,375,375,"no",1,10.4166666666667,0.104166666666667,-15,"36-45","no",1
"good",1,"owner",42,35,"married","no","fixed",75,54,6000,0,1000,1900,"no",0.526315789473684,23.8095238095238,0.440917107583774,-21,"26-35","yes",0
"good",22,"rent",60,47,"married","no","fixed",56,114,0,0,1000,1163,"no",0.859845227858985,16.6666666666667,0.146198830409357,58,"46-55","no",0
"good",11,"owner",60,26,"married","no","fixed",45,81,4000,1800,1000,1206,"no",0.829187396351575,16.6666666666667,0.205761316872428,36,"26-35","yes",0
"bad",1,"owner",24,51,"married","yes","freelance",180,142,50000,0,1500,1753,"yes",0.855675984027382,62.5,0.440140845070423,-38,"46-55","yes",1
"good",0,"parents",48,31,"single","no","partime",35,65,2500,0,1000,1560,"no",0.641025641025641,20.8333333333333,0.32051282051282,30,"26-35","yes",0
"good",17,"owner",36,43,"married","no","fixed",60,250,9000,0,1000,1204,"no",0.830564784053156,27.7777777777778,0.111111111111111,190,"36-45","yes",0
"good",12,"owner",36,45,"married","no","fixed",90,90,30000,0,750,1374,"no",0.54585152838428,20.8333333333333,0.231481481481481,0,"36-45","yes",0
"good",10,"rent",48,33,"married","no","fixed",100,103,0,0,950,1541,"no",0.616482803374432,19.7916666666667,0.192152103559871,3,"26-35","no",0
"good",10,"rent",36,31,"married","no","fixed",61,164,5000,0,1000,1440,"no",0.694444444444444,27.7777777777778,0.169376693766938,103,"26-35","yes",0
"good",0,"parents",24,29,"single","no","others",35,93,0,0,600,1243,"yes",0.482703137570394,25,0.268817204301075,58,"26-35","no",0
"bad",1,"other",48,28,"married","yes","fixed",60,129,0,0,1300,1608,"no",0.808457711442786,27.0833333333333,0.209948320413437,69,"26-35","no",1
"good",4,"rent",60,25,"single","no","fixed",50,150,0,0,1500,2600,"no",0.576923076923077,25,0.166666666666667,100,"18-25","no",0
"good",1,"parents",30,22,"single","no","fixed",35,80,4000,0,600,850,"no",0.705882352941177,20,0.25,45,"18-25","yes",0
"good",11,"owner",60,33,"widow","no","fixed",45,90,8000,0,850,1105,"no",0.769230769230769,14.1666666666667,0.157407407407407,45,"26-35","yes",0
"good",5,"other",60,31,"married","no","fixed",75,95,2000,0,1100,1388,"no",0.792507204610951,18.3333333333333,0.192982456140351,20,"26-35","yes",0
"bad",7,"parents",60,24,"single","no","fixed",35,92,0,0,1618,1618,"no",1,26.9666666666667,0.293115942028985,57,"18-25","no",1
"good",0,"owner",18,39,"married","no","fixed",75,47,3500,0,350,1236,"no",0.283171521035599,19.4444444444444,0.41371158392435,-28,"36-45","yes",0
"good",17,"owner",36,42,"married","no","fixed",45,115,4000,0,700,1631,"no",0.429184549356223,19.4444444444444,0.169082125603865,70,"36-45","yes",0
"good",1,"owner",60,49,"married","no","partime",60,115,4000,0,1870,2622,"no",0.713196033562166,31.1666666666667,0.271014492753623,55,"46-55","yes",0
"good",20,"owner",60,49,"married","no","fixed",60,130,4000,0,1100,1738,"no",0.632911392405063,18.3333333333333,0.141025641025641,70,"46-55","yes",0
"good",22,"priv",60,36,"married","no","fixed",75,190,3500,0,1300,1579,"no",0.823305889803673,21.6666666666667,0.114035087719298,115,"36-45","yes",0
"good",6,"owner",48,34,"married","no","freelance",90,142,4500,0,1100,1192,"yes",0.922818791946309,22.9166666666667,0.161384976525822,52,"26-35","yes",0
"bad",4,"parents",36,22,"single","no","fixed",35,58,1000,0,400,525,"no",0.761904761904762,11.1111111111111,0.191570881226054,23,"18-25","yes",1
"good",0,"owner",36,65,"married","no","others",45,75,5000,0,400,935,"no",0.427807486631016,11.1111111111111,0.148148148148148,30,"56+","yes",0
"good",7,"owner",24,39,"married","no","fixed",75,260,10000,0,400,1100,"no",0.363636363636364,16.6666666666667,0.0641025641025641,185,"36-45","yes",0
"good",24,"owner",24,47,"married","no","fixed",75,136,4000,0,435,935,"no",0.46524064171123,18.125,0.133272058823529,61,"46-55","yes",0
"good",18,"parents",60,32,"married","no","fixed",75,152,5000,0,1400,1640,"no",0.853658536585366,23.3333333333333,0.153508771929825,77,"26-35","yes",0
"good",0,"parents",60,25,"married","no","others",45,209,2000,0,900,1436,"no",0.626740947075209,15,0.0717703349282297,164,"18-25","yes",0
"good",20,"owner",60,41,"married","no","fixed",75,186,8000,50,900,1700,"no",0.529411764705882,15,0.0806451612903226,111,"36-45","yes",0
"bad",3,"parents",60,41,"single","yes","fixed",35,90,0,0,949,949,"no",1,15.8166666666667,0.175740740740741,55,"36-45","no",1
"bad",0,"owner",60,23,"married","no","fixed",45,120,4000,1000,1200,1476,"no",0.813008130081301,20,0.166666666666667,75,"18-25","yes",1
"good",2,"owner",60,29,"married","no","fixed",60,110,2000,0,1020,1648,"no",0.618932038834951,17,0.154545454545455,50,"26-35","yes",0
"bad",0,"owner",60,39,"married","yes","freelance",45,80,6000,0,1100,1131,"no",0.972590627763042,18.3333333333333,0.229166666666667,35,"36-45","yes",1
"good",7,"owner",48,42,"married","no","fixed",60,132,8000,720,1000,1350,"no",0.740740740740741,20.8333333333333,0.157828282828283,72,"36-45","yes",0
"good",3,"owner",24,27,"married","no","fixed",45,245,14000,0,500,2070,"no",0.241545893719807,20.8333333333333,0.0850340136054422,200,"26-35","yes",0
"good",10,"owner",48,34,"married","no","freelance",75,200,19000,0,750,1590,"no",0.471698113207547,15.625,0.078125,125,"26-35","yes",0
"good",3,"parents",24,29,"single","no","fixed",35,66,0,0,300,525,"no",0.571428571428571,12.5,0.189393939393939,31,"26-35","no",0
"bad",9,"owner",36,43,"married","yes","freelance",75,142,12000,0,1700,1730,"yes",0.982658959537572,47.2222222222222,0.332550860719875,67,"36-45","yes",1
"good",30,"owner",48,60,"married","no","freelance",60,37.51,16000,0,1200,1636,"no",0.733496332518337,25,0.666488936283658,-22.49,"56+","yes",0
"good",3,"owner",18,24,"married","no","partime",45,185,3500,0,600,925,"no",0.648648648648649,33.3333333333333,0.18018018018018,140,"18-25","yes",0
"good",30,"other",60,46,"married","no","fixed",60,144,3000,0,1350,1478,"no",0.91339648173207,22.5,0.15625,84,"46-55","yes",0
"bad",15,"owner",48,50,"married","no","fixed",60,126,5000,0,1800,2417,"yes",0.744724865535788,37.5,0.297619047619048,66,"46-55","yes",1
"good",10,"rent",48,28,"married","no","fixed",56,108,0,0,1100,1684,"no",0.653206650831354,22.9166666666667,0.212191358024691,52,"26-35","no",0
"good",1,"rent",24,24,"married","no","partime",50,50,0,0,350,400,"no",0.875,14.5833333333333,0.291666666666667,0,"18-25","no",0
"good",4,"parents",60,23,"single","no","fixed",35,80,10000,0,1000,1559,"no",0.64143681847338,16.6666666666667,0.208333333333333,45,"18-25","yes",0
"good",7,"owner",12,51,"married","no","freelance",75,120,5000,0,250,375,"no",0.666666666666667,20.8333333333333,0.173611111111111,45,"46-55","yes",0
"good",6,"parents",36,29,"married","no","fixed",105,168,14000,0,650,679,"no",0.957290132547865,18.0555555555556,0.107473544973545,63,"26-35","yes",0
"good",14,"owner",60,41,"married","no","fixed",75,183,4000,1100,1500,2730,"no",0.549450549450549,25,0.136612021857924,108,"36-45","yes",0
"good",1,"parents",60,24,"single","no","fixed",35,90,0,0,800,994,"no",0.804828973843058,13.3333333333333,0.148148148148148,55,"18-25","no",0
"good",25,"owner",48,51,"married","no","fixed",75,156,3000,0,700,1172,"no",0.597269624573379,14.5833333333333,0.093482905982906,81,"46-55","yes",0
"good",8,"owner",36,31,"separated","no","fixed",35,102,3000,0,1000,1364,"no",0.733137829912023,27.7777777777778,0.272331154684096,67,"26-35","yes",0
"bad",5,"owner",60,26,"single","yes","freelance",35,142,5500,3800,950,977,"no",0.972364380757421,15.8333333333333,0.11150234741784,107,"26-35","yes",1
"good",8,"owner",54,31,"married","no","fixed",75,280,14000,4774.49999999999,850,1050,"no",0.80952380952381,15.7407407407407,0.0562169312169312,205,"26-35","yes",0
"good",20,"owner",60,54,"married","no","fixed",60,195,15000,0,900,1430,"no",0.629370629370629,15,0.0769230769230769,135,"46-55","yes",0
"bad",2,"rent",36,23,"single","no","fixed",43,79,0,0,900,1000,"no",0.9,25,0.316455696202532,36,"18-25","no",1
"good",18,"priv",36,45,"married","no","fixed",45,220,20000,0,800,1600,"no",0.5,22.2222222222222,0.101010101010101,175,"36-45","yes",0
"good",10,"owner",36,39,"married","no","fixed",90,122,3000,0,500,1472,"no",0.339673913043478,13.8888888888889,0.11384335154827,32,"36-45","yes",0
"bad",2,"parents",36,39,"married","yes","fixed",60,87,0,0,2000,2300,"no",0.869565217391304,55.5555555555556,0.638569604086845,27,"36-45","no",1
"good",20,"parents",48,37,"single","no","fixed",35,114,0,0,1200,2472,"no",0.485436893203884,25,0.219298245614035,79,"36-45","no",0
"bad",20,"rent",48,45,"single","no","freelance",35,142,0,0,900,1300,"yes",0.692307692307692,18.75,0.132042253521127,107,"36-45","no",1
"good",7,"priv",60,24,"single","no","fixed",35,187,4000,2400,1400,1480,"no",0.945945945945946,23.3333333333333,0.124777183600713,152,"18-25","yes",0
"bad",0,"owner",48,23,"married","no","partime",45,37.51,3000,0,1350,1562,"no",0.864276568501921,28.125,0.749800053319115,-7.49,"18-25","yes",1
"bad",3,"owner",60,39,"married","no","freelance",75,428.98,50000,0,2500,3559.49,"no",0.70234780825343,41.6666666666667,0.0971296253127575,353.98,"36-45","yes",1
"good",22,"owner",36,45,"married","no","fixed",75,250,10000,0,500,1026,"no",0.487329434697856,13.8888888888889,0.0555555555555556,175,"36-45","yes",0
"good",10,"rent",60,38,"married","yes","fixed",110,204,0,0,1500,1531,"no",0.979751796211626,25,0.122549019607843,94,"36-45","no",0
"good",20,"rent",24,40,"married","no","fixed",77,165,0,0,500,1532,"no",0.326370757180157,20.8333333333333,0.126262626262626,88,"36-45","no",0
"good",20,"owner",36,36,"married","yes","fixed",75,130,3500,0,1500,2000,"no",0.75,41.6666666666667,0.32051282051282,55,"36-45","yes",0
"good",2,"parents",24,26,"single","no","fixed",35,79,0,0,590,894,"no",0.659955257270693,24.5833333333333,0.311181434599156,44,"26-35","no",0
"good",22,"rent",36,51,"single","yes","freelance",35,142,0,0,350,950,"yes",0.368421052631579,9.72222222222222,0.0684663536776213,107,"46-55","no",0
"good",7,"owner",60,34,"separated","no","fixed",35,96,8000,0,850,1213,"no",0.700741962077494,14.1666666666667,0.147569444444444,61,"26-35","yes",0
"good",5,"owner",60,39,"married","no","freelance",75,85,4000,0,1200,1463,"no",0.820232399179768,20,0.235294117647059,10,"36-45","yes",0
"bad",2,"rent",48,37,"separated","yes","freelance",35,142,0,0,2000,3559.49,"yes",0.561878246602744,41.6666666666667,0.293427230046948,107,"36-45","no",1
"bad",13,"rent",60,50,"single","no","fixed",42,66,0,0,800,865,"no",0.92485549132948,13.3333333333333,0.202020202020202,24,"46-55","no",1
"good",17,"other",60,46,"married","no","fixed",75,155,0,0,2000,2086,"no",0.958772770853308,33.3333333333333,0.21505376344086,80,"46-55","no",0
"good",8,"owner",24,46,"married","no","freelance",75,142,15000,0,1000,1603,"yes",0.623830318153462,41.6666666666667,0.293427230046948,67,"46-55","yes",0
"good",0,"owner",12,22,"married","no","others",75,100,50000,4774.49999999999,900,2327,"no",0.386764073914912,75,0.75,25,"18-25","yes",0
"bad",0,"parents",36,35,"married","no","freelance",75,142,0,0,1450,1500,"yes",0.966666666666667,40.2777777777778,0.283646322378717,67,"26-35","no",1
"good",6,"rent",36,31,"separated","no","fixed",49,140,0,0,550,999,"no",0.550550550550551,15.2777777777778,0.109126984126984,91,"26-35","no",0
"good",4,"owner",24,32,"married","no","partime",45,158,5500,0,500,1839,"no",0.271886895051659,20.8333333333333,0.131856540084388,113,"26-35","yes",0
"good",20,"priv",48,40,"married","no","fixed",75,144,7000,0,500,980,"no",0.510204081632653,10.4166666666667,0.072337962962963,69,"36-45","yes",0
"good",38,"rent",12,66,"married","no","fixed",79,340,0,0,700,1568,"no",0.446428571428571,58.3333333333333,0.17156862745098,261,"56+","no",0
"good",26,"rent",60,50,"married","no","fixed",85,250,0,0,1000,1297,"no",0.771010023130301,16.6666666666667,0.0666666666666667,165,"46-55","no",0
"good",3,"owner",12,30,"married","no","fixed",60,296,4500,2000,200,1338,"no",0.149476831091181,16.6666666666667,0.0563063063063063,236,"26-35","yes",0
"bad",5,"parents",48,24,"single","no","partime",35,139,2000,0,1000,1492,"no",0.670241286863271,20.8333333333333,0.149880095923261,104,"18-25","yes",1
"good",12,"owner",60,28,"married","yes","fixed",75,110,3500,1394,900,1082,"no",0.831792975970425,15,0.136363636363636,35,"26-35","yes",0
"bad",1,"parents",24,23,"single","no","partime",35,70,0,0,500,640,"no",0.78125,20.8333333333333,0.297619047619048,35,"18-25","no",1
"good",4,"owner",60,41,"married","no","fixed",45,87,6500,0,1100,1670,"no",0.658682634730539,18.3333333333333,0.210727969348659,42,"36-45","yes",0
"bad",13,"priv",60,38,"married","no","fixed",90,108,1500,30,1400,1410,"no",0.99290780141844,23.3333333333333,0.216049382716049,18,"36-45","yes",1
"good",1,"parents",36,21,"married","no","fixed",45,90,2000,0,1200,1350,"no",0.888888888888889,33.3333333333333,0.37037037037037,45,"18-25","yes",0
"good",5,"parents",60,21,"single","no","fixed",45,56,0,0,1400,2067,"no",0.677310111272375,23.3333333333333,0.416666666666667,11,"18-25","no",0
"good",10,"rent",36,46,"married","no","fixed",114,235,0,0,500,1531,"no",0.326583932070542,13.8888888888889,0.0591016548463357,121,"46-55","no",0
"bad",1,"parents",60,36,"married","no","partime",60,60,0,0,1400,1612,"no",0.86848635235732,23.3333333333333,0.388888888888889,0,"36-45","no",1
"good",3,"rent",36,20,"single","no","partime",58,225,0,0,1500,2050,"no",0.731707317073171,41.6666666666667,0.185185185185185,167,"18-25","no",0
"bad",5,"rent",60,40,"married","yes","freelance",54,89,0,0,1200,1457,"no",0.823610157858614,20,0.224719101123595,35,"36-45","no",1
"bad",2,"priv",36,32,"married","no","fixed",75,80,2500,0,1300,1813,"no",0.717043574186431,36.1111111111111,0.451388888888889,5,"26-35","yes",1
"bad",19,"rent",60,37,"separated","yes","fixed",41,63,0,0,2500,2957,"no",0.84545147108556,41.6666666666667,0.661375661375661,22,"36-45","no",1
"good",1,"owner",60,52,"married","no","fixed",60,250,3000,0,1550,1850,"no",0.837837837837838,25.8333333333333,0.103333333333333,190,"46-55","yes",0
"good",5,"priv",24,32,"separated","no","freelance",35,143,8000,0,600,1350,"no",0.444444444444444,25,0.174825174825175,108,"26-35","yes",0
"good",7,"rent",60,30,"married","no","fixed",42,73,0,0,950,1169,"no",0.812660393498717,15.8333333333333,0.21689497716895,31,"26-35","no",0
"good",25,"rent",60,48,"married","no","fixed",103,126,3500,0,1450,1575,"no",0.920634920634921,24.1666666666667,0.191798941798942,23,"46-55","yes",0
"good",11,"owner",36,32,"married","no","fixed",60,101,12000,2400,965,1265,"no",0.762845849802372,26.8055555555556,0.265401540154015,41,"26-35","yes",0
"bad",27,"owner",60,58,"married","no","freelance",60,60,15000,0,1450,1657,"no",0.875075437537719,24.1666666666667,0.402777777777778,0,"56+","yes",1
"good",19,"owner",60,56,"married","no","fixed",45,169,7000,0,1400,1714,"no",0.816802800466744,23.3333333333333,0.138067061143984,124,"56+","yes",0
"bad",2,"rent",48,48,"married","yes","others",109,193,0,0,1140,1143,"no",0.99737532808399,23.75,0.123056994818653,84,"46-55","no",1
"good",5,"rent",24,41,"separated","no","fixed",44,90,0,0,550,1319,"no",0.416982562547384,22.9166666666667,0.25462962962963,46,"36-45","no",0
"good",10,"parents",24,40,"married","no","partime",60,116,2000,0,480,620,"no",0.774193548387097,20,0.172413793103448,56,"36-45","yes",0
"bad",1,"parents",48,21,"single","no","partime",35,60,0,0,1350,1601,"no",0.843222985633979,28.125,0.46875,25,"18-25","no",1
"good",6,"parents",48,24,"single","no","fixed",35,107,6500,1172,1000,1200,"no",0.833333333333333,20.8333333333333,0.194704049844237,72,"18-25","yes",0
"good",22,"owner",18,57,"married","yes","fixed",45,150,6000,0,500,1727,"no",0.289519397799653,27.7777777777778,0.185185185185185,105,"56+","yes",0
"bad",0,"rent",48,54,"married","no","freelance",135,142,0,0,2000,2476,"yes",0.807754442649435,41.6666666666667,0.293427230046948,7,"46-55","no",1
"bad",6,"parents",36,31,"single","yes","freelance",35,319,0,0,1200,1730,"no",0.69364161849711,33.3333333333333,0.104493207941484,284,"26-35","no",1
"good",3,"other",36,40,"married","no","fixed",60,90,3000,0,400,1661,"no",0.240818783865141,11.1111111111111,0.123456790123457,30,"36-45","yes",0
"good",2,"owner",12,32,"married","no","freelance",45,122,5000,500,350,625,"no",0.56,29.1666666666667,0.239071038251366,77,"26-35","yes",0
"good",1,"parents",60,30,"married","no","freelance",60,93,0,0,1600,1647,"no",0.971463266545234,26.6666666666667,0.28673835125448,33,"26-35","no",0
"good",18,"owner",36,42,"married","no","fixed",75,121,2000,150,900,1633,"no",0.551132884262094,25,0.206611570247934,46,"36-45","yes",0
"good",2,"parents",24,23,"single","no","partime",35,93,2500,0,230,670,"no",0.343283582089552,9.58333333333333,0.103046594982079,58,"18-25","yes",0
"good",17,"rent",48,36,"married","no","fixed",61,162,0,0,1000,1641,"no",0.60938452163315,20.8333333333333,0.128600823045267,101,"36-45","no",0
"bad",0,"rent",48,42,"married","no","partime",75,95.5,0,0,1300,1400,"yes",0.928571428571429,27.0833333333333,0.283595113438045,20.5,"36-45","no",1
"good",2,"parents",36,24,"married","yes","freelance",45,142,0,0,1000,2223,"yes",0.449842555105713,27.7777777777778,0.195618153364632,97,"18-25","no",0
"good",9,"owner",60,53,"married","no","freelance",60,51,8000,3000,1450,1970,"no",0.736040609137056,24.1666666666667,0.473856209150327,-9,"46-55","yes",0
"good",11,"rent",60,29,"married","no","fixed",74,135,0,0,1000,1097,"no",0.911577028258888,16.6666666666667,0.123456790123457,61,"26-35","no",0
"bad",3,"owner",48,53,"married","no","others",75,60,3000,0,1500,1637,"no",0.916310323762981,31.25,0.520833333333333,-15,"46-55","yes",1
"good",2,"parents",60,23,"single","no","fixed",35,106,0,0,820,1097,"no",0.747493163172288,13.6666666666667,0.128930817610063,71,"18-25","no",0
"good",32,"parents",42,53,"married","no","freelance",60,160,0,0,200,829,"no",0.241254523522316,4.76190476190476,0.0297619047619048,100,"46-55","no",0
"bad",8,"parents",60,28,"single","yes","fixed",35,76,0,0,1300,1550,"no",0.838709677419355,21.6666666666667,0.285087719298246,41,"26-35","no",1
"bad",1,"owner",60,40,"married","no","fixed",45,126,3000,180,1700,1777,"yes",0.956668542487338,28.3333333333333,0.224867724867725,81,"36-45","yes",1
"good",24,"other",60,40,"married","no","fixed",45,115,0,0,1250,1461,"no",0.855578370978782,20.8333333333333,0.181159420289855,70,"36-45","no",0
"bad",1,"parents",30,23,"single","no","freelance",35,60,0,0,800,1452,"no",0.550964187327824,26.6666666666667,0.444444444444444,25,"18-25","no",1
"good",15,"rent",48,55,"widow","no","fixed",62,173,0,0,1100,1467,"no",0.749829584185412,22.9166666666667,0.132466281310212,111,"46-55","no",0
"good",24,"owner",48,48,"married","no","fixed",75,90,3000,0,400,975,"no",0.41025641025641,8.33333333333333,0.0925925925925926,15,"46-55","yes",0
"bad",5,"rent",36,48,"married","no","freelance",97,365,0,0,1300,1736,"no",0.748847926267281,36.1111111111111,0.0989345509893455,268,"46-55","no",1
"bad",1,"other",36,44,"married","yes","fixed",60,154,2500,0,2000,2500,"no",0.8,55.5555555555556,0.360750360750361,94,"36-45","yes",1
"bad",0,"parents",36,29,"separated","no","freelance",35,142,0,0,650,975,"yes",0.666666666666667,18.0555555555556,0.127151799687011,107,"26-35","no",1
"bad",4,"rent",60,46,"married","no","freelance",70,100,0,0,2400,2500,"no",0.96,40,0.4,30,"46-55","no",1
"good",0,"parents",36,23,"single","no","fixed",35,70,0,0,900,1210,"no",0.743801652892562,25,0.357142857142857,35,"18-25","no",0
"good",2,"other",48,29,"single","no","fixed",35,75,0,0,650,824,"no",0.788834951456311,13.5416666666667,0.180555555555556,40,"26-35","no",0
"good",25,"owner",60,63,"married","yes","freelance",60,60,47500,3360,1000,1162,"no",0.860585197934596,16.6666666666667,0.277777777777778,0,"56+","yes",0
"good",17,"rent",24,40,"married","yes","fixed",58,128,0,0,700,982,"no",0.712830957230143,29.1666666666667,0.227864583333333,70,"36-45","no",0
"good",14,"parents",48,37,"married","yes","fixed",60,120,0,0,1000,1189,"no",0.841042893187553,20.8333333333333,0.173611111111111,60,"36-45","no",0
"bad",0,"other",60,23,"single","no","fixed",35,126,0,0,700,969,"yes",0.722394220846233,11.6666666666667,0.0925925925925926,91,"18-25","no",1
"good",15,"owner",36,49,"married","no","fixed",75,113,8000,0,1050,1055,"no",0.995260663507109,29.1666666666667,0.25811209439528,38,"46-55","yes",0
"bad",16,"rent",60,40,"married","no","freelance",82,71,0,0,2000,2250,"no",0.888888888888889,33.3333333333333,0.469483568075117,-11,"36-45","no",1
"good",16,"owner",36,40,"married","yes","fixed",90,120,6000,0,900,1150,"no",0.782608695652174,25,0.208333333333333,30,"36-45","yes",0
"good",1,"parents",36,23,"single","no","fixed",35,55,5000,0,775,925,"no",0.837837837837838,21.5277777777778,0.391414141414141,20,"18-25","yes",0
"good",15,"owner",36,42,"single","no","fixed",35,90,5000,3000,1000,1243,"no",0.80450522928399,27.7777777777778,0.308641975308642,55,"36-45","yes",0
"good",5,"owner",60,35,"married","no","freelance",45,142,3000,0,700,768,"yes",0.911458333333333,11.6666666666667,0.0821596244131455,97,"26-35","yes",0
"good",5,"rent",48,28,"married","yes","fixed",60,154,3000,0,825,1661,"no",0.496688741721854,17.1875,0.111607142857143,94,"26-35","yes",0
"bad",0,"owner",48,39,"married","no","freelance",60,37.51,3000,0,850,1053,"no",0.807217473884141,17.7083333333333,0.472096329867591,-22.49,"36-45","yes",1
"good",1,"owner",36,36,"married","no","freelance",75,416,8000,0,2500,3559.49,"no",0.70234780825343,69.4444444444444,0.166933760683761,341,"36-45","yes",0
"good",13,"parents",48,28,"married","no","fixed",90,105,0,0,1200,1590,"no",0.754716981132076,25,0.238095238095238,15,"26-35","no",0
"good",10,"rent",36,38,"married","no","fixed",66,210,0,0,500,1171,"no",0.426985482493595,13.8888888888889,0.0661375661375661,144,"36-45","no",0
"good",2,"owner",60,33,"married","no","fixed",35,146,8000,2000,1000,1844,"no",0.542299349240781,16.6666666666667,0.114155251141553,111,"26-35","yes",0
"good",2,"parents",60,30,"separated","no","freelance",35,150,0,0,1500,1671,"no",0.897666068222621,25,0.166666666666667,115,"26-35","no",0
"bad",0,"owner",36,36,"married","no","others",45,105,5000,3000,1000,1620,"no",0.617283950617284,27.7777777777778,0.264550264550265,60,"36-45","yes",1
"good",13,"owner",60,28,"married","no","fixed",45,148,3500,144,1350,1496,"no",0.9024064171123,22.5,0.152027027027027,103,"26-35","yes",0
"good",0,"priv",48,56,"married","no","others",35,84,4500,50,700,940,"no",0.74468085106383,14.5833333333333,0.173611111111111,49,"56+","yes",0
"good",8,"rent",48,39,"married","no","freelance",66,60,0,0,700,1580,"no",0.443037974683544,14.5833333333333,0.243055555555556,-6,"36-45","no",0
"good",4,"owner",36,54,"married","no","freelance",35,80,25000,0,1400,1490,"no",0.939597315436242,38.8888888888889,0.486111111111111,45,"46-55","yes",0
"good",15,"parents",60,35,"single","no","fixed",45,226,6000,2200,1350,1609,"no",0.839030453697949,22.5,0.0995575221238938,181,"26-35","yes",0
"good",1,"owner",48,29,"married","no","fixed",45,130,4000,0,1000,1777,"no",0.56274620146314,20.8333333333333,0.16025641025641,85,"26-35","yes",0
"bad",20,"rent",60,47,"married","no","fixed",85,100,8000,0,1250,1250,"no",1,20.8333333333333,0.208333333333333,15,"46-55","yes",1
"good",2,"owner",60,35,"married","no","others",60,175,2500,0,1250,1412,"no",0.885269121813031,20.8333333333333,0.119047619047619,115,"26-35","yes",0
"bad",0,"other",60,32,"single","no","partime",35,95.5,0,0,600,1690,"yes",0.355029585798817,10,0.104712041884817,60.5,"26-35","no",1
"good",0,"rent",60,35,"single","no","fixed",51,163,0,0,1000,1353,"no",0.73909830007391,16.6666666666667,0.102249488752556,112,"26-35","no",0
"good",15,"other",36,30,"married","no","fixed",45,131,0,0,250,1341,"no",0.186428038777032,6.94444444444444,0.053011026293469,86,"26-35","no",0
"good",24,"owner",48,39,"married","no","fixed",75,125,6000,200,1000,1409,"no",0.7097232079489,20.8333333333333,0.166666666666667,50,"36-45","yes",0
"good",15,"owner",48,57,"married","no","freelance",35,212,50000,0,1300,1852,"no",0.701943844492441,27.0833333333333,0.127751572327044,177,"56+","yes",0
"bad",1,"rent",24,32,"single","no","freelance",35,142,0,0,290,490,"yes",0.591836734693878,12.0833333333333,0.085093896713615,107,"26-35","no",1
"good",17,"rent",30,45,"married","no","fixed",55,104,0,0,550,575,"no",0.956521739130435,18.3333333333333,0.176282051282051,49,"36-45","no",0
"bad",1,"rent",24,24,"single","no","partime",42,65,0,0,750,1192,"no",0.629194630872483,31.25,0.480769230769231,23,"18-25","no",1
"bad",2,"parents",60,23,"single","yes","partime",35,75,0,0,1100,1139,"no",0.9657594381036,18.3333333333333,0.244444444444444,40,"18-25","no",1
"good",0,"parents",60,24,"single","no","fixed",35,126,1500,0,900,1092,"no",0.824175824175824,15,0.119047619047619,91,"18-25","yes",0
"good",0,"parents",18,20,"married","no","fixed",35,91,0,0,600,750,"no",0.8,33.3333333333333,0.366300366300366,56,"18-25","no",0
"good",14,"rent",36,49,"married","no","fixed",70,103,0,0,500,1017,"no",0.491642084562439,13.8888888888889,0.134843581445523,33,"46-55","no",0
"good",2,"parents",60,24,"single","no","fixed",35,100,0,0,1600,1601,"no",0.999375390381012,26.6666666666667,0.266666666666667,65,"18-25","no",0
"good",7,"rent",60,40,"married","yes","freelance",76,164,3000,0,800,1032,"no",0.775193798449612,13.3333333333333,0.0813008130081301,88,"36-45","yes",0
"good",6,"owner",60,31,"married","no","fixed",45,131,4000,1600,600,1661,"no",0.361228175797712,10,0.0763358778625954,86,"26-35","yes",0
"good",2,"other",18,25,"married","yes","freelance",60,142,0,0,850,1400,"yes",0.607142857142857,47.2222222222222,0.332550860719875,82,"18-25","no",0
"good",0,"other",48,39,"married","no","fixed",60,85,0,0,1450,1594,"no",0.909661229611041,30.2083333333333,0.355392156862745,25,"36-45","no",0
"bad",2,"priv",60,22,"married","no","partime",35,60,2800,0,1300,1422,"no",0.914205344585091,21.6666666666667,0.361111111111111,25,"18-25","yes",1
"bad",0,"owner",36,30,"separated","no","freelance",60,48,7000,0,300,375,"no",0.8,8.33333333333333,0.173611111111111,-12,"26-35","yes",1
"good",0,"parents",60,21,"single","no","partime",45,312,10000,0,1033,1175,"no",0.879148936170213,17.2166666666667,0.0551816239316239,267,"18-25","yes",0
"good",0,"parents",24,22,"single","no","partime",35,80,0,0,650,1356,"no",0.479351032448378,27.0833333333333,0.338541666666667,45,"18-25","no",0
"bad",0,"rent",18,28,"married","yes","fixed",68,83,0,0,200,375,"no",0.533333333333333,11.1111111111111,0.133868808567604,15,"26-35","no",1
"good",8,"owner",24,32,"married","no","fixed",60,77,4000,0,350,865,"no",0.404624277456647,14.5833333333333,0.189393939393939,17,"26-35","yes",0
"good",2,"parents",24,23,"single","no","freelance",35,63,20000,0,600,2143,"no",0.279981334577695,25,0.396825396825397,28,"18-25","yes",0
"good",0,"parents",24,36,"married","no","others",90,37.51,0,0,625,725,"no",0.862068965517241,26.0416666666667,0.69425930862881,-52.49,"36-45","no",0
"bad",2,"rent",60,20,"single","no","fixed",46,108,0,0,1200,1300,"no",0.923076923076923,20,0.185185185185185,62,"18-25","no",1
"good",4,"owner",60,25,"married","no","fixed",45,68,4500,1379,725,1460,"no",0.496575342465753,12.0833333333333,0.177696078431373,23,"18-25","yes",0
"good",5,"parents",30,24,"married","no","fixed",35,120,0,0,700,1804,"no",0.388026607538803,23.3333333333333,0.194444444444444,85,"18-25","no",0
"good",8,"owner",36,35,"married","yes","fixed",45,213,6000,0,1700,2450,"no",0.693877551020408,47.2222222222222,0.22170057381325,168,"26-35","yes",0
"good",10,"parents",48,58,"married","no","others",35,428.98,2500,0,1200,1505,"no",0.79734219269103,25,0.0582777751876545,393.98,"56+","yes",0
"good",5,"owner",60,32,"married","no","fixed",45,145,13000,0,1500,1850,"no",0.810810810810811,25,0.172413793103448,100,"26-35","yes",0
"bad",15,"owner",36,56,"married","yes","freelance",35,90,16000,0,800,1300,"no",0.615384615384615,22.2222222222222,0.246913580246914,55,"56+","yes",1
"good",2,"rent",60,53,"widow","no","fixed",46,114,0,0,1050,1348,"no",0.77893175074184,17.5,0.153508771929825,68,"46-55","no",0
"good",2,"parents",60,26,"single","no","fixed",35,104,10000,0,1400,1490,"no",0.939597315436242,23.3333333333333,0.224358974358974,69,"26-35","yes",0
"good",20,"owner",60,40,"married","no","fixed",45,240,8000,0,900,950,"no",0.947368421052632,15,0.0625,195,"36-45","yes",0
"good",1,"owner",36,48,"married","no","others",45,45,32000,0,1500,2700,"no",0.555555555555556,41.6666666666667,0.925925925925926,0,"46-55","yes",0
"good",10,"parents",60,28,"single","no","fixed",35,70,3500,0,1300,1743,"no",0.745840504876649,21.6666666666667,0.30952380952381,35,"26-35","yes",0
"good",0,"owner",60,34,"married","no","fixed",60,85,4000,0,1100,1628,"no",0.675675675675676,18.3333333333333,0.215686274509804,25,"26-35","yes",0
"good",11,"owner",60,28,"married","no","fixed",35,82,1500,0,1090,1491,"no",0.731052984574111,18.1666666666667,0.221544715447154,47,"26-35","yes",0
"bad",2,"rent",24,30,"married","no","partime",53,80,0,0,500,975,"no",0.512820512820513,20.8333333333333,0.260416666666667,27,"26-35","no",1
"bad",20,"owner",48,47,"married","no","freelance",45,66,3000,0,1200,1668,"no",0.719424460431655,25,0.378787878787879,21,"46-55","yes",1
"bad",0,"priv",60,43,"married","no","partime",90,82,4000,0,600,790,"no",0.759493670886076,10,0.121951219512195,-8,"36-45","yes",1
"good",3,"owner",60,41,"married","no","fixed",75,99,16000,500,1000,3300,"no",0.303030303030303,16.6666666666667,0.168350168350168,24,"36-45","yes",0
"good",28,"owner",48,54,"married","no","freelance",75,46,15000,0,900,1300,"no",0.692307692307692,18.75,0.407608695652174,-29,"46-55","yes",0
"good",23,"other",54,38,"separated","no","fixed",60,178,0,0,740,989,"no",0.748230535894843,13.7037037037037,0.0769870994590096,118,"36-45","no",0
"good",4,"rent",60,30,"married","no","fixed",60,147,5500,2000,1700,1719,"no",0.988947062245492,28.3333333333333,0.192743764172336,87,"26-35","yes",0
"good",11,"owner",48,41,"married","yes","freelance",45,280,4000,1300,1000,1350,"no",0.740740740740741,20.8333333333333,0.0744047619047619,235,"36-45","yes",0
"good",12,"owner",60,45,"married","no","freelance",35,75,4000,0,1000,1100,"no",0.909090909090909,16.6666666666667,0.222222222222222,40,"36-45","yes",0
"good",6,"owner",6,29,"married","no","fixed",45,190,5000,0,200,2179,"no",0.0917852225791648,33.3333333333333,0.175438596491228,145,"26-35","yes",0
"bad",0,"owner",6,33,"single","yes","partime",45,240,4500,0,675,1146,"no",0.589005235602094,112.5,0.46875,195,"26-35","yes",1
"good",1,"parents",48,25,"single","no","freelance",35,280,6000,0,1100,1650,"no",0.666666666666667,22.9166666666667,0.0818452380952381,245,"18-25","yes",0
"bad",8,"other",60,41,"married","no","freelance",45,62,0,0,1800,2101,"no",0.856734888148501,30,0.483870967741935,17,"36-45","no",1
"good",12,"owner",48,35,"married","no","fixed",60,90,4500,0,900,1097,"no",0.820419325432999,18.75,0.208333333333333,30,"26-35","yes",0
"good",17,"parents",36,33,"separated","yes","fixed",35,96,0,0,475,475,"no",1,13.1944444444444,0.13744212962963,61,"26-35","no",0
"good",17,"rent",60,44,"married","no","fixed",51,159,0,0,1100,1668,"no",0.65947242206235,18.3333333333333,0.115303983228512,108,"36-45","no",0
"good",1,"owner",48,42,"married","no","fixed",75,155,8000,0,600,1680,"no",0.357142857142857,12.5,0.0806451612903226,80,"36-45","yes",0
"good",19,"rent",60,42,"single","no","fixed",43,78,0,0,730,1070,"no",0.682242990654206,12.1666666666667,0.155982905982906,35,"36-45","no",0
"bad",0,"rent",24,42,"married","yes","fixed",103,283,0,0,1897,2517,"no",0.753675009932459,79.0416666666667,0.279299175500589,180,"36-45","no",1
"good",10,"owner",54,41,"married","no","fixed",45,130,4500,0,1700,1957,"no",0.868676545733265,31.4814814814815,0.242165242165242,85,"36-45","yes",0
"good",16,"other",42,49,"married","yes","fixed",45,80,0,0,700,950,"no",0.736842105263158,16.6666666666667,0.208333333333333,35,"46-55","no",0
"good",0,"rent",36,42,"single","yes","partime",48,129,0,0,525,525,"no",1,14.5833333333333,0.113049095607235,81,"36-45","no",0
"good",5,"owner",60,49,"married","no","fixed",35,122,5000,0,1500,1740,"no",0.862068965517241,25,0.204918032786885,87,"46-55","yes",0
"good",10,"owner",30,32,"married","no","freelance",60,65,3000,0,600,1200,"no",0.5,20,0.307692307692308,5,"26-35","yes",0
"good",7,"parents",36,24,"single","no","fixed",35,127,0,0,300,2612,"no",0.114854517611026,8.33333333333333,0.0656167979002625,92,"18-25","no",0
"good",3,"other",48,28,"married","no","fixed",35,125,1500,0,1500,1689,"no",0.88809946714032,31.25,0.25,90,"26-35","yes",0
"good",0,"owner",36,42,"married","no","freelance",60,260,3000,250,1100,1288,"no",0.854037267080745,30.5555555555556,0.117521367521368,200,"36-45","yes",0
"good",10,"rent",60,42,"married","no","fixed",76,158,5000,0,1000,1000,"no",1,16.6666666666667,0.105485232067511,82,"36-45","yes",0
"good",32,"owner",36,49,"married","no","fixed",75,163,4000,0,400,700,"no",0.571428571428571,11.1111111111111,0.0681663258350375,88,"46-55","yes",0
"bad",14,"owner",48,29,"married","no","fixed",75,131,4000,0,980,2981,"no",0.328748742032875,20.4166666666667,0.155852417302799,56,"26-35","yes",1
"good",20,"rent",60,38,"married","no","fixed",74,140,0,0,1500,1600,"no",0.9375,25,0.178571428571429,66,"36-45","no",0
"good",26,"owner",60,41,"married","no","fixed",45,132,0,0,1100,1472,"no",0.747282608695652,18.3333333333333,0.138888888888889,87,"36-45","no",0
"good",10,"priv",60,46,"married","no","fixed",75,66,5500,1700,1250,1525,"no",0.819672131147541,20.8333333333333,0.315656565656566,-9,"46-55","yes",0
"good",6,"owner",60,33,"married","no","partime",60,140,6000,0,1150,1715,"no",0.670553935860058,19.1666666666667,0.136904761904762,80,"26-35","yes",0
"good",2,"owner",60,23,"single","no","fixed",35,150,3000,0,2000,3559.49,"no",0.561878246602744,33.3333333333333,0.222222222222222,115,"18-25","yes",0
"good",24,"owner",48,39,"married","no","fixed",75,110,3000,0,1150,1379,"no",0.833937635968093,23.9583333333333,0.21780303030303,35,"36-45","yes",0
"bad",2,"priv",48,27,"married","no","others",75,59,2500,2200,1200,1530,"no",0.784313725490196,25,0.423728813559322,-16,"26-35","yes",1
"good",3,"priv",36,37,"married","no","freelance",45,142,4500,0,900,1596,"yes",0.56390977443609,25,0.176056338028169,97,"36-45","yes",0
"good",1,"parents",48,23,"single","no","fixed",35,139,0,0,650,650,"no",1,13.5416666666667,0.0974220623501199,104,"18-25","no",0
"good",2,"parents",36,22,"single","no","partime",35,100,25000,0,1400,1850,"no",0.756756756756757,38.8888888888889,0.388888888888889,65,"18-25","yes",0
"good",16,"rent",60,35,"single","no","fixed",49,135,0,0,1300,1310,"no",0.99236641221374,21.6666666666667,0.160493827160494,86,"26-35","no",0
"good",5,"owner",48,46,"married","no","fixed",90,137,2000,0,1100,1487,"no",0.739744451916611,22.9166666666667,0.167274939172749,47,"46-55","yes",0
"good",1,"rent",60,40,"married","no","fixed",57,120,0,0,1500,1737,"no",0.863557858376511,25,0.208333333333333,63,"36-45","no",0
"good",0,"rent",48,52,"married","no","freelance",35,142,5000,0,800,1794,"yes",0.445930880713489,16.6666666666667,0.117370892018779,107,"46-55","yes",0
"good",7,"owner",36,41,"married","no","fixed",75,87,4500,0,2000,2104,"no",0.950570342205323,55.5555555555556,0.638569604086845,12,"36-45","yes",0
"good",23,"rent",48,57,"single","yes","fixed",49,142,0,0,1300,1450,"no",0.896551724137931,27.0833333333333,0.190727699530516,93,"56+","no",0
"good",2,"parents",60,35,"single","no","others",35,65,0,0,1100,1324,"no",0.830815709969788,18.3333333333333,0.282051282051282,30,"26-35","no",0
"good",10,"owner",6,46,"married","no","freelance",45,428.98,10000,0,1100,2235,"no",0.492170022371365,183.333333333333,0.427370351376133,383.98,"46-55","yes",0
"bad",5,"rent",60,42,"married","yes","freelance",113,83,0,0,1530,1530,"no",1,25.5,0.307228915662651,-30,"36-45","no",1
"bad",0,"other",60,38,"married","yes","fixed",45,126,0,0,1500,1700,"yes",0.882352941176471,25,0.198412698412698,81,"36-45","no",1
"good",0,"owner",48,25,"single","no","fixed",35,126,2800,0,1170,1372,"no",0.852769679300292,24.375,0.193452380952381,91,"18-25","yes",0
"bad",0,"parents",24,20,"single","no","partime",35,66,0,0,550,550,"no",1,22.9166666666667,0.347222222222222,31,"18-25","no",1
"good",2,"rent",48,24,"single","no","fixed",44,90,0,0,1200,1450,"no",0.827586206896552,25,0.277777777777778,46,"18-25","no",0
"good",10,"other",60,57,"married","no","fixed",60,84,9000,0,1400,1423,"no",0.983836964160225,23.3333333333333,0.277777777777778,24,"56+","yes",0
"good",4,"other",60,37,"married","yes","freelance",60,61,0,0,1420,1450,"no",0.979310344827586,23.6666666666667,0.387978142076503,1,"36-45","no",0
"good",4,"parents",60,27,"married","no","freelance",35,142,0,0,1050,1214,"yes",0.864909390444811,17.5,0.123239436619718,107,"26-35","no",0
"bad",2,"owner",60,31,"married","no","fixed",45,55,4000,800,700,1250,"no",0.56,11.6666666666667,0.212121212121212,10,"26-35","yes",1
"good",43,"other",24,60,"married","no","fixed",60,185,0,0,319,1669,"no",0.191132414619533,13.2916666666667,0.0718468468468468,125,"56+","no",0
"good",8,"parents",48,34,"single","no","fixed",35,85,0,0,1000,1383,"no",0.723065798987708,20.8333333333333,0.245098039215686,50,"26-35","no",0
"good",9,"owner",48,26,"married","no","fixed",35,101,5000,0,500,1997,"no",0.250375563345018,10.4166666666667,0.103135313531353,66,"26-35","yes",0
"good",8,"priv",48,25,"single","no","fixed",45,180,1500,0,1100,1200,"no",0.916666666666667,22.9166666666667,0.127314814814815,135,"18-25","yes",0
"good",30,"other",48,50,"married","no","fixed",45,220,0,0,600,900,"no",0.666666666666667,12.5,0.0568181818181818,175,"46-55","no",0
"bad",2,"owner",48,41,"married","no","fixed",60,142,4000,0,2000,2465,"no",0.811359026369168,41.6666666666667,0.293427230046948,82,"36-45","yes",1
"good",5,"parents",24,32,"married","no","fixed",35,91,0,0,450,530,"no",0.849056603773585,18.75,0.206043956043956,56,"26-35","no",0
"bad",2,"rent",60,62,"married","yes","others",41,57,8000,0,1200,1500,"no",0.8,20,0.350877192982456,16,"56+","yes",1
"good",1,"owner",48,27,"single","yes","fixed",45,62,5000,0,1500,1788,"no",0.838926174496644,31.25,0.504032258064516,17,"26-35","yes",0
"bad",10,"owner",48,54,"married","no","freelance",35,37.51,5000,0,1050,1054,"no",0.996204933586338,21.875,0.583177819248201,2.51,"46-55","yes",1
"bad",4,"other",36,54,"married","no","freelance",60,142,0,0,250,375,"yes",0.666666666666667,6.94444444444444,0.0489045383411581,82,"46-55","no",1
"good",22,"other",24,36,"married","no","fixed",45,176,0,0,700,1428,"no",0.490196078431373,29.1666666666667,0.165719696969697,131,"36-45","no",0
"good",7,"owner",60,55,"married","no","fixed",45,124,5000,0,800,982,"no",0.814663951120163,13.3333333333333,0.10752688172043,79,"46-55","yes",0
"bad",1,"parents",60,19,"single","no","fixed",45,128,9500,2800,1300,1540,"no",0.844155844155844,21.6666666666667,0.169270833333333,83,"18-25","yes",1
"bad",7,"owner",60,31,"married","no","fixed",60,92,3500,991,1050,1158,"no",0.906735751295337,17.5,0.190217391304348,32,"26-35","yes",1
"good",7,"other",48,55,"married","no","fixed",75,100,6000,0,1200,1700,"no",0.705882352941177,25,0.25,25,"46-55","yes",0
"good",21,"owner",36,37,"married","no","fixed",75,300,7000,3500,1100,1876,"no",0.5863539445629,30.5555555555556,0.101851851851852,225,"36-45","yes",0
"good",8,"owner",24,51,"married","no","fixed",45,167,8000,0,250,400,"no",0.625,10.4166666666667,0.062375249500998,122,"46-55","yes",0
"good",25,"owner",60,51,"married","no","fixed",60,222,7000,0,1300,1400,"no",0.928571428571429,21.6666666666667,0.0975975975975976,162,"46-55","yes",0
"bad",1,"parents",48,22,"single","no","freelance",35,142,10000,0,650,722,"yes",0.900277008310249,13.5416666666667,0.0953638497652582,107,"18-25","yes",1
"good",0,"rent",60,57,"married","no","others",43,80,0,0,1200,1515,"no",0.792079207920792,20,0.25,37,"56+","no",0
"bad",5,"rent",48,48,"married","yes","freelance",65,50,0,0,1200,1487,"no",0.806993947545393,25,0.5,-15,"46-55","no",1
"good",13,"parents",60,28,"married","no","fixed",35,138,0,0,1080,1192,"no",0.906040268456376,18,0.130434782608696,103,"26-35","no",0
"good",2,"rent",36,54,"married","no","fixed",54,187,0,0,1200,2050,"no",0.585365853658537,33.3333333333333,0.17825311942959,133,"46-55","no",0
"bad",1,"owner",60,53,"married","no","freelance",35,140,8000,0,1600,2222,"no",0.72007200720072,26.6666666666667,0.19047619047619,105,"46-55","yes",1
"good",7,"parents",60,25,"single","no","fixed",35,58,28000,0,1100,1338,"no",0.822122571001495,18.3333333333333,0.316091954022989,23,"18-25","yes",0
"good",18,"other",36,42,"single","no","fixed",35,83,0,0,700,1380,"no",0.507246376811594,19.4444444444444,0.234270414993307,48,"36-45","no",0
"bad",1,"rent",36,40,"separated","no","others",79,38,0,0,400,400,"no",1,11.1111111111111,0.292397660818713,-41,"36-45","no",1
"good",6,"owner",48,35,"married","no","freelance",60,142,3500,350,1300,1588,"yes",0.818639798488665,27.0833333333333,0.190727699530516,82,"26-35","yes",0
"bad",2,"owner",60,42,"widow","no","others",45,37.51,6000,0,650,865,"no",0.751445086705202,10.8333333333333,0.288811872389585,-7.49,"36-45","yes",1
"good",12,"owner",48,31,"married","no","fixed",60,84,5000,0,700,1702,"no",0.411280846063455,14.5833333333333,0.173611111111111,24,"26-35","yes",0
"good",7,"parents",60,30,"single","no","fixed",35,95,0,0,900,1158,"no",0.77720207253886,15,0.157894736842105,60,"26-35","no",0
"good",18,"owner",36,41,"married","no","fixed",45,104,12000,800,900,1607,"no",0.560049782202863,25,0.240384615384615,59,"36-45","yes",0
"good",6,"owner",36,58,"married","no","fixed",60,390,45000,0,1000,2318,"no",0.431406384814495,27.7777777777778,0.0712250712250712,330,"56+","yes",0
"good",10,"owner",60,50,"married","no","fixed",75,209,13500,0,1450,1786,"no",0.811870100783875,24.1666666666667,0.115629984051037,134,"46-55","yes",0
"good",7,"priv",48,27,"married","no","fixed",60,71,800,0,800,1505,"no",0.53156146179402,16.6666666666667,0.234741784037559,11,"26-35","yes",0
"good",1,"parents",36,33,"married","no","fixed",35,200,0,0,600,1580,"no",0.379746835443038,16.6666666666667,0.0833333333333333,165,"26-35","no",0
"bad",1,"owner",60,47,"separated","no","fixed",35,48,5000,0,1200,1445,"no",0.830449826989619,20,0.416666666666667,13,"46-55","yes",1
"bad",0,"parents",60,38,"separated","yes","freelance",45,142,0,0,700,1738,"yes",0.402761795166858,11.6666666666667,0.0821596244131455,97,"36-45","no",1
"good",7,"owner",24,41,"married","no","freelance",45,142,6000,0,1200,2676,"yes",0.448430493273543,50,0.352112676056338,97,"36-45","yes",0
"bad",16,"owner",36,30,"married","no","fixed",45,82,4500,0,800,975,"no",0.82051282051282,22.2222222222222,0.2710027100271,37,"26-35","yes",1
"good",10,"owner",36,49,"married","no","freelance",45,126,5000,0,800,1150,"no",0.695652173913043,22.2222222222222,0.17636684303351,81,"46-55","yes",0
"good",11,"owner",48,53,"married","no","fixed",45,111,5000,0,1300,1763,"no",0.737379466817924,27.0833333333333,0.243993993993994,66,"46-55","yes",0
"good",20,"owner",48,44,"married","no","fixed",45,87,3000,0,800,1694,"no",0.472255017709563,16.6666666666667,0.191570881226054,42,"36-45","yes",0
"good",1,"rent",6,34,"married","no","freelance",99,428.98,0,0,500,1196,"no",0.418060200668896,83.3333333333333,0.194259250625515,329.98,"26-35","no",0
"good",8,"rent",36,51,"married","yes","freelance",60,142,0,0,400,600,"yes",0.666666666666667,11.1111111111111,0.0782472613458529,82,"46-55","no",0
"bad",1,"owner",60,36,"married","yes","freelance",45,142,4000,2000,1500,1743,"yes",0.860585197934596,25,0.176056338028169,97,"36-45","yes",1
"good",13,"other",48,40,"married","yes","freelance",75,270,0,0,2300,2750,"no",0.836363636363636,47.9166666666667,0.177469135802469,195,"36-45","no",0
"bad",8,"parents",36,27,"single","no","partime",35,53,0,0,225,375,"no",0.6,6.25,0.117924528301887,18,"26-35","no",1
"bad",1,"owner",36,38,"married","no","freelance",90,49,7000,300,1200,1619,"no",0.741198270537369,33.3333333333333,0.680272108843538,-41,"36-45","yes",1
"good",13,"other",60,40,"married","no","fixed",60,140,0,0,700,1465,"no",0.477815699658703,11.6666666666667,0.0833333333333333,80,"36-45","no",0
"good",2,"parents",60,24,"single","no","fixed",35,67,0,0,316,1080,"no",0.292592592592593,5.26666666666667,0.0786069651741294,32,"18-25","no",0
"good",6,"owner",48,37,"married","no","freelance",45,189,15750,3000,2300,2936,"no",0.783378746594005,47.9166666666667,0.25352733686067,144,"36-45","yes",0
"good",0,"rent",60,30,"married","no","fixed",43,80,0,0,1000,1056,"no",0.946969696969697,16.6666666666667,0.208333333333333,37,"26-35","no",0
"good",8,"rent",48,44,"married","no","fixed",62,170,0,0,1000,1387,"no",0.720980533525595,20.8333333333333,0.122549019607843,108,"36-45","no",0
"good",8,"priv",36,31,"married","no","fixed",60,110,2000,360,400,450,"no",0.888888888888889,11.1111111111111,0.101010101010101,50,"26-35","yes",0
"good",4,"other",60,27,"married","no","fixed",35,98,5000,0,1200,1609,"no",0.74580484773151,20,0.204081632653061,63,"26-35","yes",0
"bad",7,"parents",24,31,"married","no","freelance",35,67,0,0,200,2000,"no",0.1,8.33333333333333,0.124378109452736,32,"26-35","no",1
"good",3,"owner",12,28,"married","no","fixed",35,120,8000,0,1000,2997,"no",0.333667000333667,83.3333333333333,0.694444444444444,85,"26-35","yes",0
"good",8,"owner",36,38,"married","no","fixed",45,150,23000,0,2500,3559.49,"no",0.70234780825343,69.4444444444444,0.462962962962963,105,"36-45","yes",0
"good",1,"parents",36,25,"single","no","fixed",35,62,0,0,750,1366,"no",0.54904831625183,20.8333333333333,0.336021505376344,27,"18-25","no",0
"good",17,"owner",48,51,"married","no","freelance",35,100,16000,0,1100,1358,"no",0.810014727540501,22.9166666666667,0.229166666666667,65,"46-55","yes",0
"good",3,"owner",60,36,"married","no","fixed",45,160,6500,0,1500,2038,"no",0.736015701668302,25,0.15625,115,"36-45","yes",0
"good",13,"owner",48,37,"married","no","fixed",60,205,5000,0,600,1243,"no",0.482703137570394,12.5,0.0609756097560976,145,"36-45","yes",0
"bad",9,"rent",60,37,"single","no","fixed",47,115,0,0,1600,1800,"no",0.888888888888889,26.6666666666667,0.231884057971014,68,"36-45","no",1
"bad",0,"other",48,45,"married","yes","fixed",45,126,0,0,1000,1135,"yes",0.881057268722467,20.8333333333333,0.165343915343915,81,"36-45","no",1
"bad",0,"other",60,51,"married","no","freelance",60,142,0,0,1300,1321,"yes",0.984102952308857,21.6666666666667,0.152582159624413,82,"46-55","no",1
"bad",15,"owner",24,34,"married","no","freelance",35,142,3000,0,1300,2099,"yes",0.619342544068604,54.1666666666667,0.381455399061033,107,"26-35","yes",1
"good",15,"owner",12,39,"married","no","freelance",60,110,4000,0,700,1100,"no",0.636363636363636,58.3333333333333,0.53030303030303,50,"36-45","yes",0
"good",1,"owner",60,49,"married","no","fixed",105,428.98,47000,0,1400,1601,"no",0.874453466583385,23.3333333333333,0.0543925901751442,323.98,"46-55","yes",0
"good",5,"priv",60,24,"single","no","fixed",35,145,4000,0,1000,1346,"no",0.742942050520059,16.6666666666667,0.114942528735632,110,"18-25","yes",0
"good",5,"rent",48,36,"married","yes","freelance",72,120,50000,0,775,950,"no",0.815789473684211,16.1458333333333,0.134548611111111,48,"36-45","yes",0
"good",0,"owner",24,33,"married","no","partime",35,100,8000,0,500,2700,"no",0.185185185185185,20.8333333333333,0.208333333333333,65,"26-35","yes",0
"good",12,"owner",60,39,"married","no","fixed",45,167,6000,0,1435,1875,"no",0.765333333333333,23.9166666666667,0.143213572854291,122,"36-45","yes",0
"good",14,"owner",12,41,"married","no","freelance",60,245,7000,0,500,1253,"no",0.399042298483639,41.6666666666667,0.170068027210884,185,"36-45","yes",0
"good",23,"owner",36,59,"married","no","fixed",35,100,7000,0,850,1334,"no",0.637181409295352,23.6111111111111,0.236111111111111,65,"56+","yes",0
"good",8,"owner",48,46,"married","no","freelance",75,190,7000,0,800,847,"no",0.944510035419126,16.6666666666667,0.087719298245614,115,"46-55","yes",0
"good",3,"owner",60,32,"married","no","fixed",35,125,9000,2300,1350,1550,"no",0.870967741935484,22.5,0.18,90,"26-35","yes",0
"good",15,"owner",60,33,"married","no","fixed",45,90,3000,0,1200,1323,"no",0.90702947845805,20,0.222222222222222,45,"26-35","yes",0
"good",4,"owner",60,34,"married","no","fixed",45,205,11000,3700,1300,2060,"no",0.631067961165049,21.6666666666667,0.105691056910569,160,"26-35","yes",0
"bad",3,"other",24,28,"single","no","fixed",35,51,0,0,800,1750,"no",0.457142857142857,33.3333333333333,0.65359477124183,16,"26-35","no",1
"good",31,"owner",48,56,"married","no","fixed",35,144,3000,0,850,928,"no",0.915948275862069,17.7083333333333,0.122974537037037,109,"56+","yes",0
"bad",5,"rent",36,40,"married","yes","freelance",35,142,0,0,1800,2800,"yes",0.642857142857143,50,0.352112676056338,107,"36-45","no",1
"bad",11,"owner",60,45,"married","yes","fixed",105,235,2000,670,1400,2079,"no",0.673400673400673,23.3333333333333,0.099290780141844,130,"36-45","yes",1
"good",8,"owner",36,46,"married","no","fixed",35,160,6000,600,600,1100,"no",0.545454545454545,16.6666666666667,0.104166666666667,125,"46-55","yes",0
"good",11,"rent",60,54,"married","no","fixed",54,90,0,0,1000,1303,"no",0.767459708365311,16.6666666666667,0.185185185185185,36,"46-55","no",0
"good",21,"other",60,43,"single","no","fixed",35,115,0,0,1000,1338,"no",0.747384155455904,16.6666666666667,0.144927536231884,80,"36-45","no",0
"good",1,"owner",48,53,"married","no","freelance",35,213,20000,0,1250,2040,"no",0.612745098039216,26.0416666666667,0.122261345852895,178,"46-55","yes",0
"bad",0,"owner",60,43,"married","yes","fixed",60,85,4000,0,1500,1813,"no",0.827357970215113,25,0.294117647058824,25,"36-45","yes",1
"good",4,"priv",36,51,"married","no","others",45,192,4000,108,575,1075,"no",0.534883720930233,15.9722222222222,0.0831886574074074,147,"46-55","yes",0
"bad",30,"owner",60,61,"married","yes","freelance",35,142,50000,0,950,1015,"yes",0.935960591133005,15.8333333333333,0.11150234741784,107,"56+","yes",1
"good",14,"owner",60,34,"single","no","fixed",35,90,5000,0,1000,1349,"no",0.741289844329133,16.6666666666667,0.185185185185185,55,"26-35","yes",0
"good",3,"parents",36,26,"married","no","freelance",35,61,18000,0,800,1000,"no",0.8,22.2222222222222,0.364298724954463,26,"26-35","yes",0
"good",3,"parents",18,21,"single","yes","fixed",35,75,0,0,500,1364,"no",0.366568914956012,27.7777777777778,0.37037037037037,40,"18-25","no",0
"good",2,"parents",60,41,"married","yes","fixed",35,80,0,0,1000,1500,"no",0.666666666666667,16.6666666666667,0.208333333333333,45,"36-45","no",0
"good",10,"owner",60,28,"married","no","freelance",45,142,4000,0,1200,1214,"yes",0.988467874794069,20,0.140845070422535,97,"26-35","yes",0
"bad",3,"rent",36,23,"married","no","fixed",53,178,0,0,1600,2000,"no",0.8,44.4444444444444,0.249687890137328,125,"18-25","no",1
"bad",0,"rent",6,37,"separated","yes","freelance",35,142,0,0,760,768,"yes",0.989583333333333,126.666666666667,0.892018779342723,107,"36-45","no",1
"good",10,"owner",60,27,"married","no","freelance",35,180,8000,3530,1700,1847,"no",0.92041147807255,28.3333333333333,0.157407407407407,145,"26-35","yes",0
"good",26,"owner",60,56,"married","no","fixed",35,120,3500,0,1400,1477,"no",0.947867298578199,23.3333333333333,0.194444444444444,85,"56+","yes",0
"bad",1,"owner",60,40,"married","no","freelance",35,349,6000,4000,1300,1511,"no",0.86035737921906,21.6666666666667,0.0620821394460363,314,"36-45","yes",1
"bad",12,"other",60,36,"married","yes","fixed",60,99,0,0,750,790,"no",0.949367088607595,12.5,0.126262626262626,39,"36-45","no",1
"good",15,"rent",48,46,"married","no","fixed",57,122,0,0,1350,1500,"no",0.9,28.125,0.230532786885246,65,"46-55","no",0
"good",17,"owner",6,42,"married","no","fixed",90,111,10000,0,1000,2626,"no",0.380807311500381,166.666666666667,1.5015015015015,21,"36-45","yes",0
"bad",5,"other",48,46,"married","no","freelance",75,91,6000,0,2500,3559.49,"no",0.70234780825343,52.0833333333333,0.572344322344322,16,"46-55","yes",1
"good",6,"parents",60,23,"single","no","fixed",35,109,0,0,1332,1332,"no",1,22.2,0.203669724770642,74,"18-25","no",0
"bad",0,"owner",36,54,"married","no","others",60,37.51,20000,0,1000,1613,"no",0.619962802231866,27.7777777777778,0.740543262537397,-22.49,"46-55","yes",1
"good",10,"owner",48,38,"married","no","fixed",60,371,10000,4350,1450,1670,"no",0.868263473053892,30.2083333333333,0.0814240790655885,311,"36-45","yes",0
"good",10,"other",42,26,"single","no","fixed",35,67,0,0,800,1400,"no",0.571428571428571,19.047619047619,0.284292821606254,32,"26-35","no",0
"good",6,"owner",60,33,"married","no","freelance",60,142,11000,450,1350,2006,"yes",0.672981056829511,22.5,0.158450704225352,82,"26-35","yes",0
"bad",1,"priv",48,40,"married","no","freelance",45,142,4000,0,750,1720,"yes",0.436046511627907,15.625,0.110035211267606,97,"36-45","yes",1
"good",2,"rent",48,33,"single","no","partime",41,57,0,0,1230,1515,"no",0.811881188118812,25.625,0.449561403508772,16,"26-35","no",0
"good",11,"owner",30,27,"married","no","fixed",45,70,3500,0,1200,1531,"no",0.783801436969301,40,0.571428571428571,25,"26-35","yes",0
"bad",1,"owner",48,25,"married","no","partime",35,63,3500,0,890,890,"no",1,18.5416666666667,0.294312169312169,28,"18-25","yes",1
"good",16,"owner",60,32,"married","yes","fixed",35,204,7000,0,1200,1503,"no",0.798403193612774,20,0.0980392156862745,169,"26-35","yes",0
"good",20,"owner",24,51,"married","no","fixed",45,185,10000,0,600,750,"no",0.8,25,0.135135135135135,140,"46-55","yes",0
"bad",5,"owner",48,40,"married","yes","fixed",75,115,20000,100,1200,1800,"no",0.666666666666667,25,0.217391304347826,40,"36-45","yes",1
"good",3,"owner",36,37,"married","no","freelance",35,141,5000,400,1000,1912,"no",0.523012552301255,27.7777777777778,0.197005516154452,106,"36-45","yes",0
"good",13,"priv",48,36,"married","no","fixed",75,81,4750,0,1200,1385,"no",0.866425992779783,25,0.308641975308642,6,"36-45","yes",0
"good",6,"rent",60,25,"married","no","fixed",55,100,0,0,1000,3559.49,"no",0.280939123301372,16.6666666666667,0.166666666666667,45,"18-25","no",0
"good",11,"parents",48,28,"single","yes","fixed",35,96,0,0,1100,1370,"no",0.802919708029197,22.9166666666667,0.238715277777778,61,"26-35","no",0
"good",3,"owner",60,34,"married","no","freelance",45,142,3000,0,1350,1423,"yes",0.948699929725931,22.5,0.158450704225352,97,"26-35","yes",0
"bad",2,"owner",60,20,"single","no","fixed",35,150,32000,2000,1500,1599,"no",0.938086303939963,25,0.166666666666667,115,"18-25","yes",1
"good",13,"rent",60,34,"married","no","fixed",65,199,0,0,1550,2100,"no",0.738095238095238,25.8333333333333,0.129815745393635,134,"26-35","no",0
"good",7,"parents",24,45,"single","no","fixed",35,96,0,0,300,600,"no",0.5,12.5,0.130208333333333,61,"36-45","no",0
"good",3,"rent",24,28,"married","no","fixed",80,198,0,0,200,560,"no",0.357142857142857,8.33333333333333,0.0420875420875421,118,"26-35","no",0
"good",3,"owner",60,27,"married","no","freelance",45,37.51,4000,0,1050,1064,"no",0.986842105263158,17.5,0.46654225539856,-7.49,"26-35","yes",0
"good",25,"owner",60,63,"married","no","freelance",60,70,10000,0,700,925,"no",0.756756756756757,11.6666666666667,0.166666666666667,10,"56+","yes",0
"bad",6,"parents",60,23,"single","no","fixed",35,50,0,0,1200,1830,"no",0.655737704918033,20,0.4,15,"18-25","no",1
"good",3,"owner",60,26,"married","no","freelance",35,121,8000,3055,1400,1581,"no",0.885515496521189,23.3333333333333,0.192837465564738,86,"26-35","yes",0
"bad",2,"rent",60,41,"separated","no","fixed",41,58,0,0,1000,1189,"no",0.841042893187553,16.6666666666667,0.28735632183908,17,"36-45","no",1
"bad",1,"parents",48,27,"single","no","fixed",35,93,6000,0,550,818,"no",0.672371638141809,11.4583333333333,0.12320788530466,58,"26-35","yes",1
"good",32,"owner",36,53,"married","no","fixed",35,100,4000,0,475,550,"no",0.863636363636364,13.1944444444444,0.131944444444444,65,"46-55","yes",0
"good",15,"parents",36,37,"married","no","fixed",75,130,0,0,800,1479,"no",0.540906017579446,22.2222222222222,0.170940170940171,55,"36-45","no",0
"good",4,"owner",48,50,"married","no","freelance",75,142,3000,0,900,1073,"yes",0.838769804287046,18.75,0.132042253521127,67,"46-55","yes",0
"bad",2,"other",36,30,"single","no","fixed",35,55,0,0,950,1316,"no",0.721884498480243,26.3888888888889,0.47979797979798,20,"26-35","no",1
"good",0,"owner",48,45,"married","no","partime",35,110,3000,0,1200,1642,"no",0.730816077953715,25,0.227272727272727,75,"36-45","yes",0
"bad",10,"rent",24,36,"married","no","freelance",60,142,0,0,240,375,"yes",0.64,10,0.0704225352112676,82,"36-45","no",1
"good",10,"owner",60,39,"married","no","freelance",45,95,3000,0,1000,1058,"no",0.945179584120983,16.6666666666667,0.175438596491228,50,"36-45","yes",0
"good",5,"rent",60,44,"married","yes","freelance",75,142,5000,0,1800,1888,"yes",0.953389830508475,30,0.211267605633803,67,"36-45","yes",0
"good",6,"owner",36,47,"married","no","freelance",60,37.51,10000,0,1200,1974,"no",0.60790273556231,33.3333333333333,0.888651915044877,-22.49,"46-55","yes",0
"good",20,"rent",48,55,"married","no","freelance",51,156,0,0,1000,1643,"no",0.608642726719416,20.8333333333333,0.133547008547009,105,"46-55","no",0
"bad",16,"parents",60,35,"separated","no","fixed",35,105,0,0,800,1084,"no",0.738007380073801,13.3333333333333,0.126984126984127,70,"26-35","no",1
"bad",2,"rent",36,32,"married","no","fixed",51,58,0,0,500,615,"no",0.813008130081301,13.8888888888889,0.239463601532567,7,"26-35","no",1
"good",9,"owner",24,40,"married","no","freelance",60,142,5000,0,500,1490,"yes",0.335570469798658,20.8333333333333,0.146713615023474,82,"36-45","yes",0
"bad",1,"other",48,23,"single","no","partime",35,147,0,0,1000,1843,"no",0.542593597395551,20.8333333333333,0.14172335600907,112,"18-25","no",1
"bad",2,"owner",60,38,"married","yes","fixed",75,77,13000,4774.49999999999,1805,1805,"no",1,30.0833333333333,0.390692640692641,2,"36-45","yes",1
"good",6,"owner",60,47,"married","no","fixed",60,66,5000,0,600,1625,"no",0.369230769230769,10,0.151515151515152,6,"46-55","yes",0
"good",8,"rent",48,33,"married","no","fixed",73,125,0,0,944,1054,"no",0.895635673624288,19.6666666666667,0.157333333333333,52,"26-35","no",0
"good",10,"owner",60,33,"married","no","freelance",45,150,13000,0,1500,2738,"no",0.547845142439737,25,0.166666666666667,105,"26-35","yes",0
"good",0,"parents",36,22,"single","no","partime",35,105,3000,0,750,1092,"no",0.686813186813187,20.8333333333333,0.198412698412698,70,"18-25","yes",0
"good",15,"owner",24,64,"married","yes","freelance",75,428.98,29500,3500,800,1081,"no",0.740055504162812,33.3333333333333,0.077703700250206,353.98,"56+","yes",0
"good",15,"parents",48,46,"divorced","no","fixed",35,125,0,0,1000,1284,"no",0.778816199376947,20.8333333333333,0.166666666666667,90,"46-55","no",0
"good",1,"parents",18,23,"single","no","partime",35,50,0,0,250,1139,"no",0.219490781387182,13.8888888888889,0.277777777777778,15,"18-25","no",0
"good",3,"owner",60,30,"married","no","fixed",45,95,3700,1250,1300,1665,"no",0.780780780780781,21.6666666666667,0.228070175438597,50,"26-35","yes",0
"good",17,"rent",48,37,"married","no","fixed",53,181,0,0,1050,1317,"no",0.797266514806378,21.875,0.12085635359116,128,"36-45","no",0
"good",15,"owner",60,45,"divorced","no","fixed",35,140,16000,0,1000,1200,"no",0.833333333333333,16.6666666666667,0.119047619047619,105,"36-45","yes",0
"good",0,"parents",48,26,"single","no","fixed",35,75,0,0,850,1400,"no",0.607142857142857,17.7083333333333,0.236111111111111,40,"26-35","no",0
"good",15,"parents",60,34,"married","no","fixed",75,182,3000,0,1500,1889,"no",0.794070937003706,25,0.137362637362637,107,"26-35","yes",0
"good",11,"parents",30,27,"single","no","fixed",35,117,0,0,600,1293,"no",0.464037122969838,20,0.170940170940171,82,"26-35","no",0
"good",9,"priv",60,26,"married","no","fixed",35,217,4000,0,750,1546,"no",0.485122897800776,12.5,0.0576036866359447,182,"26-35","yes",0
"good",1,"owner",12,61,"married","no","others",35,58,18000,0,500,1342,"no",0.3725782414307,41.6666666666667,0.718390804597701,23,"56+","yes",0
"good",11,"owner",36,34,"married","no","fixed",60,180,23000,0,400,1084,"no",0.3690036900369,11.1111111111111,0.0617283950617284,120,"26-35","yes",0
"good",8,"parents",24,23,"single","no","partime",45,110,0,0,900,931,"no",0.966702470461869,37.5,0.340909090909091,65,"18-25","no",0
"bad",5,"owner",48,40,"married","yes","fixed",35,87,5000,0,600,1258,"no",0.476947535771065,12.5,0.14367816091954,52,"36-45","yes",1
"good",0,"parents",42,21,"single","no","fixed",35,75,0,0,900,1141,"no",0.788781770376862,21.4285714285714,0.285714285714286,40,"18-25","no",0
"good",0,"other",60,37,"married","no","fixed",60,198,0,0,1000,1000,"no",1,16.6666666666667,0.0841750841750842,138,"36-45","no",0
"good",10,"owner",60,40,"married","yes","fixed",60,233,15000,2640,1400,2038,"no",0.686947988223749,23.3333333333333,0.100143061516452,173,"36-45","yes",0
"good",7,"owner",30,30,"married","yes","fixed",45,126,7000,0,500,1661,"no",0.301023479831427,16.6666666666667,0.132275132275132,81,"26-35","yes",0
"bad",8,"parents",60,49,"married","no","freelance",105,43,3000,0,1200,1451,"no",0.827015851137147,20,0.465116279069767,-62,"46-55","yes",1
"good",36,"owner",60,61,"married","no","fixed",45,154,4000,0,1350,1650,"no",0.818181818181818,22.5,0.146103896103896,109,"56+","yes",0
"good",4,"owner",48,29,"married","no","fixed",45,160,3500,0,1000,1226,"no",0.815660685154976,20.8333333333333,0.130208333333333,115,"26-35","yes",0
"good",0,"parents",24,21,"single","no","fixed",35,160,0,0,900,1681,"no",0.535395597858418,37.5,0.234375,125,"18-25","no",0
"bad",10,"owner",60,40,"married","no","fixed",45,70,7500,0,1388,1388,"no",1,23.1333333333333,0.33047619047619,25,"36-45","yes",1
"good",9,"rent",60,41,"married","no","fixed",72,120,6000,700,1600,1776,"no",0.900900900900901,26.6666666666667,0.222222222222222,48,"36-45","yes",0
"good",8,"owner",36,30,"married","no","freelance",45,80,7000,3000,1000,1734,"no",0.576701268742791,27.7777777777778,0.347222222222222,35,"26-35","yes",0
"good",9,"rent",36,39,"married","no","freelance",54,90,0,0,600,875,"no",0.685714285714286,16.6666666666667,0.185185185185185,36,"36-45","no",0
"bad",1,"parents",36,24,"single","yes","partime",35,120,0,0,250,750,"no",0.333333333333333,6.94444444444444,0.0578703703703704,85,"18-25","no",1
"good",19,"owner",60,46,"married","no","freelance",60,190,7000,0,1500,2755,"no",0.544464609800363,25,0.131578947368421,130,"46-55","yes",0
"good",18,"owner",36,34,"married","no","fixed",60,130,6000,0,650,1601,"no",0.405996252342286,18.0555555555556,0.138888888888889,70,"26-35","yes",0
"good",7,"owner",60,28,"married","no","fixed",35,111,3000,0,1600,1707,"no",0.937316930287053,26.6666666666667,0.24024024024024,76,"26-35","yes",0
"good",9,"rent",60,43,"married","no","fixed",88,280,0,0,850,863,"no",0.984936268829664,14.1666666666667,0.0505952380952381,192,"36-45","no",0
"good",8,"rent",60,31,"single","no","fixed",46,110,0,0,850,880,"no",0.965909090909091,14.1666666666667,0.128787878787879,64,"26-35","no",0
"bad",5,"rent",36,28,"married","no","freelance",60,142,0,0,900,1200,"yes",0.75,25,0.176056338028169,82,"26-35","no",1
"good",30,"owner",60,54,"married","no","fixed",60,150,15000,0,1000,1388,"no",0.720461095100865,16.6666666666667,0.111111111111111,90,"46-55","yes",0
"bad",10,"priv",48,37,"married","no","fixed",60,150,1000,0,1200,1350,"no",0.888888888888889,25,0.166666666666667,90,"36-45","yes",1
"good",0,"owner",36,47,"married","no","partime",35,85,3000,0,500,700,"no",0.714285714285714,13.8888888888889,0.163398692810458,50,"46-55","yes",0
"bad",10,"owner",36,36,"married","yes","freelance",60,200,7000,0,1100,1250,"no",0.88,30.5555555555556,0.152777777777778,140,"36-45","yes",1
"good",9,"other",48,24,"single","no","fixed",45,88,0,0,1200,1302,"no",0.921658986175115,25,0.284090909090909,43,"18-25","no",0
"bad",2,"other",60,22,"single","no","fixed",35,58,12000,0,1450,1600,"no",0.90625,24.1666666666667,0.416666666666667,23,"18-25","yes",1
"bad",13,"other",48,37,"married","no","fixed",60,98,0,0,950,1365,"no",0.695970695970696,19.7916666666667,0.201955782312925,38,"36-45","no",1
"good",24,"owner",60,45,"married","no","fixed",90,198,3500,0,900,1541,"no",0.584036340038936,15,0.0757575757575758,108,"36-45","yes",0
"good",10,"owner",60,39,"married","no","freelance",60,171,39000,0,2500,3559.49,"no",0.70234780825343,41.6666666666667,0.243664717348928,111,"36-45","yes",0
"good",10,"parents",36,37,"single","yes","fixed",35,150,0,0,1000,2484,"no",0.402576489533011,27.7777777777778,0.185185185185185,115,"36-45","no",0
"bad",0,"other",60,23,"single","no","partime",35,95.5,0,0,1000,1084,"yes",0.922509225092251,16.6666666666667,0.174520069808028,60.5,"18-25","no",1
"good",7,"owner",6,52,"married","yes","freelance",60,142,9000,0,550,2136,"yes",0.25749063670412,91.6666666666667,0.645539906103286,82,"46-55","yes",0
"good",8,"priv",48,31,"married","no","fixed",60,122,4000,0,1400,1732,"no",0.808314087759815,29.1666666666667,0.239071038251366,62,"26-35","yes",0
"good",2,"owner",60,31,"married","no","fixed",60,306,4000,0,1000,2095,"no",0.477326968973747,16.6666666666667,0.0544662309368192,246,"26-35","yes",0
"good",18,"priv",60,48,"widow","no","freelance",45,200,8500,500,1300,1309,"no",0.993124522536287,21.6666666666667,0.108333333333333,155,"46-55","yes",0
"good",14,"owner",60,28,"married","no","fixed",60,107,6000,2500,950,1610,"no",0.590062111801242,15.8333333333333,0.14797507788162,47,"26-35","yes",0
"good",1,"parents",24,29,"single","no","partime",35,147,0,0,650,1370,"no",0.474452554744526,27.0833333333333,0.184240362811791,112,"26-35","no",0
"bad",25,"owner",60,44,"single","yes","fixed",35,100,3500,360,1050,1606,"no",0.653798256537983,17.5,0.175,65,"36-45","yes",1
"good",5,"owner",60,31,"single","no","fixed",35,172,8000,0,850,1934,"no",0.439503619441572,14.1666666666667,0.0823643410852713,137,"26-35","yes",0
"good",4,"owner",6,30,"single","no","fixed",35,300,10000,0,750,1436,"no",0.522284122562674,125,0.416666666666667,265,"26-35","yes",0
"good",13,"owner",36,40,"widow","no","fixed",35,109,6000,3300,900,1073,"no",0.838769804287046,25,0.229357798165138,74,"36-45","yes",0
"good",11,"owner",48,28,"single","no","fixed",35,345,6000,0,830,1152,"no",0.720486111111111,17.2916666666667,0.0501207729468599,310,"26-35","yes",0
"bad",10,"owner",60,37,"single","no","fixed",35,92,3000,0,1500,1635,"no",0.917431192660551,25,0.271739130434783,57,"36-45","yes",1
"bad",3,"parents",60,35,"married","yes","fixed",35,410,0,0,2000,2228,"no",0.897666068222621,33.3333333333333,0.0813008130081301,375,"26-35","no",1
"good",5,"parents",60,21,"single","no","partime",35,70,0,0,1400,1550,"no",0.903225806451613,23.3333333333333,0.333333333333333,35,"18-25","no",0
"good",8,"parents",42,27,"single","no","fixed",35,107,0,0,400,1418,"no",0.282087447108604,9.52380952380952,0.0890075656430797,72,"26-35","no",0
"good",12,"owner",36,32,"married","no","fixed",45,115,3500,0,800,1280,"no",0.625,22.2222222222222,0.193236714975845,70,"26-35","yes",0
"good",2,"other",60,20,"single","no","fixed",35,165,2000,0,1000,1275,"no",0.784313725490196,16.6666666666667,0.101010101010101,130,"18-25","yes",0
"good",0,"parents",60,19,"single","no","others",75,200,3000,0,1800,2091,"no",0.860832137733142,30,0.15,125,"18-25","yes",0
"good",19,"owner",24,52,"married","no","fixed",35,180,2500,0,580,1380,"no",0.420289855072464,24.1666666666667,0.134259259259259,145,"46-55","yes",0
"bad",2,"owner",36,55,"married","no","fixed",35,87,10000,0,1150,2000,"no",0.575,31.9444444444444,0.367177522349936,52,"46-55","yes",1
"good",19,"other",60,34,"married","no","fixed",75,154,4500,0,1600,1778,"no",0.899887514060742,26.6666666666667,0.173160173160173,79,"26-35","yes",0
"good",0,"owner",36,53,"separated","no","freelance",35,142,10000,2000,600,787,"yes",0.762388818297332,16.6666666666667,0.117370892018779,107,"46-55","yes",0
"bad",1,"parents",24,21,"single","no","fixed",35,60,0,0,900,1486,"no",0.605652759084791,37.5,0.625,25,"18-25","no",1
"bad",1,"owner",24,32,"married","no","partime",45,182,4000,200,200,375,"no",0.533333333333333,8.33333333333333,0.0457875457875458,137,"26-35","yes",1
"bad",2,"owner",60,26,"single","no","freelance",35,142,10000,4774.49999999999,1600,1911,"yes",0.837257980115123,26.6666666666667,0.187793427230047,107,"26-35","yes",1
"good",10,"owner",60,50,"married","no","freelance",35,142,3500,0,700,985,"yes",0.710659898477157,11.6666666666667,0.0821596244131455,107,"46-55","yes",0
"good",1,"other",36,32,"single","no","freelance",35,142,0,0,1000,1172,"yes",0.853242320819113,27.7777777777778,0.195618153364632,107,"26-35","no",0
"good",0,"owner",18,26,"single","no","others",35,85,7500,2600,600,1290,"no",0.465116279069767,33.3333333333333,0.392156862745098,50,"26-35","yes",0
"good",7,"rent",36,33,"separated","yes","fixed",47,115,0,0,645,895,"no",0.720670391061452,17.9166666666667,0.155797101449275,68,"26-35","no",0
"good",1,"other",36,46,"married","no","freelance",60,142,0,0,660,1212,"yes",0.544554455445545,18.3333333333333,0.129107981220657,82,"46-55","no",0
"good",14,"owner",18,37,"married","no","fixed",60,215,7000,0,600,1661,"no",0.361228175797712,33.3333333333333,0.155038759689922,155,"36-45","yes",0
"good",16,"owner",60,48,"married","no","freelance",45,273,7000,0,2000,2529,"no",0.790826413602214,33.3333333333333,0.122100122100122,228,"46-55","yes",0
"good",8,"parents",36,26,"married","no","freelance",45,142,4000,0,1000,1500,"yes",0.666666666666667,27.7777777777778,0.195618153364632,97,"26-35","yes",0
"good",1,"parents",60,22,"single","no","fixed",35,110,2000,0,1500,2098,"no",0.714966634890372,25,0.227272727272727,75,"18-25","yes",0
"bad",0,"other",36,41,"married","yes","freelance",35,142,0,0,1000,1600,"yes",0.625,27.7777777777778,0.195618153364632,107,"36-45","no",1
"bad",3,"rent",36,61,"married","no","fixed",41,57,12000,0,2500,3559,"no",0.702444506883956,69.4444444444444,1.21832358674464,16,"56+","yes",1
"good",10,"parents",48,24,"single","no","fixed",35,163,0,0,1000,1260,"no",0.793650793650794,20.8333333333333,0.127811860940695,128,"18-25","no",0
"good",3,"parents",24,24,"married","no","fixed",35,120,10000,0,500,650,"no",0.769230769230769,20.8333333333333,0.173611111111111,85,"18-25","yes",0
"bad",4,"parents",60,26,"single","no","fixed",35,52,0,0,1050,1372,"no",0.76530612244898,17.5,0.336538461538462,17,"26-35","no",1
"good",1,"rent",36,22,"single","no","fixed",59,136,0,0,450,2050,"no",0.219512195121951,12.5,0.0919117647058824,77,"18-25","no",0
"bad",3,"owner",36,36,"married","no","freelance",90,82,4000,0,1300,1500,"no",0.866666666666667,36.1111111111111,0.440379403794038,-8,"36-45","yes",1
"good",2,"rent",48,45,"married","no","freelance",47,124,0,0,1600,1895,"no",0.844327176781003,33.3333333333333,0.268817204301075,77,"36-45","no",0
"good",5,"parents",12,43,"married","no","fixed",105,265,0,0,500,1114,"no",0.448833034111311,41.6666666666667,0.157232704402516,160,"36-45","no",0
"good",5,"parents",24,35,"married","yes","fixed",35,189,3000,0,800,1828,"no",0.437636761487965,33.3333333333333,0.17636684303351,154,"26-35","yes",0
"bad",4,"owner",60,35,"married","yes","freelance",45,142,15000,3000,2000,2477,"yes",0.80742834073476,33.3333333333333,0.234741784037559,97,"26-35","yes",1
"good",10,"parents",36,28,"married","no","freelance",45,230,0,0,1700,2300,"no",0.739130434782609,47.2222222222222,0.205314009661836,185,"26-35","no",0
"bad",2,"owner",60,32,"married","yes","fixed",60,260,2500,450,1800,2400,"no",0.75,30,0.115384615384615,200,"26-35","yes",1
"good",30,"priv",36,66,"single","no","fixed",35,111,3500,0,800,1251,"no",0.639488409272582,22.2222222222222,0.2002002002002,76,"56+","yes",0
"good",15,"other",48,33,"married","no","fixed",45,125,0,0,1000,1587,"no",0.630119722747322,20.8333333333333,0.166666666666667,80,"26-35","no",0
"good",0,"parents",36,25,"single","no","fixed",35,428.98,0,0,550,1546,"no",0.355756791720569,15.2777777777778,0.0356141959480111,393.98,"18-25","no",0
"bad",3,"owner",60,40,"married","yes","fixed",60,200,8000,0,1700,2000,"no",0.85,28.3333333333333,0.141666666666667,140,"36-45","yes",1
"good",4,"rent",48,42,"married","no","freelance",100,245,0,0,1450,1489,"no",0.973807924781733,30.2083333333333,0.123299319727891,145,"36-45","no",0
"bad",4,"owner",60,42,"married","no","others",105,88,3500,108,1000,1025,"no",0.975609756097561,16.6666666666667,0.189393939393939,-17,"36-45","yes",1
"bad",12,"owner",60,35,"married","no","fixed",60,92,3000,1600,875,875,"no",1,14.5833333333333,0.158514492753623,32,"26-35","yes",1
"bad",1,"rent",60,30,"married","no","partime",84,92,0,0,750,900,"no",0.833333333333333,12.5,0.135869565217391,8,"26-35","no",1
"good",18,"owner",60,39,"married","no","fixed",60,130,3500,0,1400,1471,"no",0.951733514615907,23.3333333333333,0.179487179487179,70,"36-45","yes",0
"good",12,"parents",60,27,"single","no","fixed",35,150,0,0,1350,1750,"no",0.771428571428571,22.5,0.15,115,"26-35","no",0
"good",7,"owner",60,44,"married","no","fixed",45,112,3500,0,1450,1625,"no",0.892307692307692,24.1666666666667,0.21577380952381,67,"36-45","yes",0
"good",5,"owner",60,40,"married","yes","fixed",60,134,3500,0,1200,1291,"no",0.929512006196747,20,0.149253731343284,74,"36-45","yes",0
"bad",2,"owner",60,32,"married","yes","fixed",60,101,7000,2500,1600,1850,"no",0.864864864864865,26.6666666666667,0.264026402640264,41,"26-35","yes",1
"good",14,"owner",60,29,"married","no","fixed",35,143,5000,0,1400,1668,"no",0.839328537170264,23.3333333333333,0.163170163170163,108,"26-35","yes",0
"bad",5,"priv",72,29,"married","no","fixed",45,92,1500,850,1450,1516,"no",0.95646437994723,20.1388888888889,0.218900966183575,47,"26-35","yes",1
"bad",1,"other",36,40,"married","yes","fixed",75,150,0,0,800,800,"no",1,22.2222222222222,0.148148148148148,75,"36-45","no",1
"good",2,"rent",48,41,"separated","no","fixed",61,162,0,0,900,1178,"no",0.764006791171477,18.75,0.115740740740741,101,"36-45","no",0
"bad",1,"owner",48,34,"married","no","others",60,45,2500,0,1000,1476,"no",0.677506775067751,20.8333333333333,0.462962962962963,-15,"26-35","yes",1
"good",13,"owner",24,37,"single","no","fixed",35,100,3000,0,800,1494,"no",0.535475234270415,33.3333333333333,0.333333333333333,65,"36-45","yes",0
"good",12,"owner",48,42,"married","no","fixed",60,118,5000,0,900,1350,"no",0.666666666666667,18.75,0.158898305084746,58,"36-45","yes",0
"good",0,"parents",36,22,"married","no","partime",35,72,0,0,650,950,"no",0.684210526315789,18.0555555555556,0.250771604938272,37,"18-25","no",0
"good",6,"parents",12,27,"single","no","freelance",35,129,0,0,400,1777,"no",0.225098480585256,33.3333333333333,0.258397932816538,94,"26-35","no",0
"good",3,"parents",36,29,"single","no","partime",35,110,0,0,800,1428,"no",0.560224089635854,22.2222222222222,0.202020202020202,75,"26-35","no",0
"good",5,"owner",36,58,"married","no","others",35,80,7000,0,750,1150,"no",0.652173913043478,20.8333333333333,0.260416666666667,45,"56+","yes",0
"good",12,"owner",36,34,"married","no","fixed",60,97,4500,96,600,1253,"no",0.478850758180367,16.6666666666667,0.171821305841924,37,"26-35","yes",0
"good",14,"owner",60,43,"married","no","fixed",45,103,4000,0,950,1206,"no",0.787728026533997,15.8333333333333,0.153721682847896,58,"36-45","yes",0
"bad",0,"owner",36,42,"married","no","fixed",75,126,7000,0,2500,3058,"yes",0.817527795945062,69.4444444444444,0.551146384479718,51,"36-45","yes",1
"bad",15,"owner",60,31,"married","yes","fixed",45,96,4000,0,960,1031,"no",0.931134820562561,16,0.166666666666667,51,"26-35","yes",1
"bad",1,"priv",48,55,"married","no","fixed",60,94,8000,840,900,1050,"no",0.857142857142857,18.75,0.199468085106383,34,"46-55","yes",1
"good",7,"parents",6,28,"single","no","fixed",35,93,3000,0,600,1827,"no",0.328407224958949,100,1.0752688172043,58,"26-35","yes",0
"good",0,"parents",60,24,"single","no","fixed",35,148,12000,0,1150,1275,"no",0.901960784313726,19.1666666666667,0.129504504504505,113,"18-25","yes",0
"good",2,"owner",60,44,"married","no","fixed",75,274,6000,0,1600,2070,"no",0.772946859903382,26.6666666666667,0.097323600973236,199,"36-45","yes",0
"good",5,"parents",60,59,"married","no","others",35,140,5000,0,650,730,"no",0.89041095890411,10.8333333333333,0.0773809523809524,105,"56+","yes",0
"good",20,"rent",48,44,"widow","yes","freelance",43,77,0,0,550,1499,"no",0.366911274182789,11.4583333333333,0.148809523809524,34,"36-45","no",0
"good",1,"parents",36,27,"single","no","fixed",35,91,0,0,1000,1866,"no",0.535905680600214,27.7777777777778,0.305250305250305,56,"26-35","no",0
"bad",0,"rent",36,34,"single","no","partime",44,85,0,0,325,375,"no",0.866666666666667,9.02777777777778,0.106209150326797,41,"26-35","no",1
"bad",29,"owner",60,50,"widow","no","fixed",35,175,6000,0,1143,1143,"no",1,19.05,0.108857142857143,140,"46-55","yes",1
"good",6,"other",24,37,"married","no","fixed",75,428.98,10000,800,1678,1678,"no",1,69.9166666666667,0.162983511274807,353.98,"36-45","yes",0
"good",3,"owner",48,42,"married","no","fixed",45,150,20000,3000,1500,2163,"no",0.693481276005548,31.25,0.208333333333333,105,"36-45","yes",0
"bad",1,"parents",48,22,"single","no","partime",35,52,0,0,1200,1442,"no",0.832177531206657,25,0.480769230769231,17,"18-25","no",1
"good",4,"rent",36,35,"married","no","partime",52,72,0,0,350,899,"no",0.389321468298109,9.72222222222222,0.135030864197531,20,"26-35","no",0
"good",0,"owner",36,37,"married","no","freelance",60,142,15000,0,400,750,"yes",0.533333333333333,11.1111111111111,0.0782472613458529,82,"36-45","yes",0
"good",13,"owner",36,50,"married","no","fixed",45,139,1800,0,715,1683,"no",0.42483660130719,19.8611111111111,0.142885691446843,94,"46-55","yes",0
"good",12,"parents",60,32,"married","no","fixed",35,105,0,0,1400,1780,"no",0.786516853932584,23.3333333333333,0.222222222222222,70,"26-35","no",0
"good",5,"owner",60,58,"married","no","freelance",45,93,45000,0,1500,2090,"no",0.717703349282297,25,0.268817204301075,48,"56+","yes",0
"good",22,"owner",48,48,"married","no","freelance",75,428.98,37000,0,1000,1484,"no",0.673854447439353,20.8333333333333,0.0485648126563787,353.98,"46-55","yes",0
"good",15,"owner",60,56,"married","yes","freelance",45,155,10500,0,1250,1392,"no",0.897988505747126,20.8333333333333,0.134408602150538,110,"56+","yes",0
"good",30,"owner",60,53,"married","no","fixed",35,120,4000,0,1250,1401,"no",0.892219842969308,20.8333333333333,0.173611111111111,85,"46-55","yes",0
"good",3,"rent",36,45,"married","no","freelance",61,155,10000,0,1000,1500,"no",0.666666666666667,27.7777777777778,0.17921146953405,94,"36-45","yes",0
"good",20,"owner",48,37,"separated","no","fixed",35,165,8000,1000,1300,2500,"no",0.52,27.0833333333333,0.164141414141414,130,"36-45","yes",0
"good",0,"parents",24,23,"married","no","partime",35,150,0,0,500,1175,"no",0.425531914893617,20.8333333333333,0.138888888888889,115,"18-25","no",0
"bad",5,"rent",60,29,"married","no","fixed",56,105,0,0,1350,1396,"no",0.967048710601719,22.5,0.214285714285714,49,"26-35","no",1
"good",1,"parents",60,20,"single","no","fixed",35,65,0,0,1000,1479,"no",0.676132521974307,16.6666666666667,0.256410256410256,30,"18-25","no",0
"bad",5,"owner",12,27,"married","no","fixed",45,86,2500,0,1000,1600,"no",0.625,83.3333333333333,0.968992248062015,41,"26-35","yes",1
"bad",3,"rent",60,34,"married","no","freelance",45,142,0,0,1000,1625,"yes",0.615384615384615,16.6666666666667,0.117370892018779,97,"26-35","no",1
"good",10,"rent",48,39,"married","no","fixed",51,163,0,0,880,1345,"no",0.654275092936803,18.3333333333333,0.112474437627812,112,"36-45","no",0
"good",3,"other",60,32,"married","no","freelance",35,142,0,0,1000,1731,"yes",0.577700751010976,16.6666666666667,0.117370892018779,107,"26-35","no",0
"good",5,"owner",6,52,"married","no","fixed",35,122,2000,0,250,1500,"no",0.166666666666667,41.6666666666667,0.341530054644809,87,"46-55","yes",0
"bad",4,"rent",36,34,"married","no","fixed",73,126,0,0,1000,1250,"no",0.8,27.7777777777778,0.220458553791887,53,"26-35","no",1
"bad",3,"owner",36,28,"married","no","partime",35,100,3000,0,1000,1851,"no",0.540248514316586,27.7777777777778,0.277777777777778,65,"26-35","yes",1
"bad",1,"other",36,37,"married","no","freelance",60,37.51,0,0,850,1000,"no",0.85,23.6111111111111,0.629461773156788,-22.49,"36-45","no",1
"good",5,"owner",36,45,"married","no","fixed",75,167,7000,2300,400,800,"no",0.5,11.1111111111111,0.0665335994677312,92,"36-45","yes",0
"bad",14,"rent",48,33,"married","no","fixed",65,45,0,0,1300,1695,"no",0.766961651917404,27.0833333333333,0.601851851851852,-20,"26-35","no",1
"good",27,"owner",36,53,"married","yes","fixed",35,136,4000,0,350,1389,"no",0.251979841612671,9.72222222222222,0.0714869281045752,101,"46-55","yes",0
"good",1,"owner",48,39,"married","no","fixed",45,150,10500,0,1300,1392,"no",0.933908045977011,27.0833333333333,0.180555555555556,105,"36-45","yes",0
"good",24,"owner",18,38,"married","yes","fixed",45,126,7000,90,300,400,"yes",0.75,16.6666666666667,0.132275132275132,81,"36-45","yes",0
"good",15,"owner",24,29,"married","no","fixed",45,130,4000,0,400,899,"no",0.444938820912125,16.6666666666667,0.128205128205128,85,"26-35","yes",0
"good",20,"owner",60,36,"married","no","fixed",45,218,5000,2500,1600,2478,"no",0.645682001614205,26.6666666666667,0.122324159021407,173,"36-45","yes",0
"good",31,"owner",48,57,"married","yes","freelance",60,230,19400,1781,600,887,"no",0.676437429537768,12.5,0.0543478260869565,170,"56+","yes",0
"bad",0,"owner",60,24,"married","no","others",35,104,7000,2500,1350,1425,"no",0.947368421052632,22.5,0.216346153846154,69,"18-25","yes",1
"good",7,"owner",36,36,"married","no","fixed",45,103,4000,0,325,1626,"no",0.199876998769988,9.02777777777778,0.0876483279395901,58,"36-45","yes",0
"good",9,"rent",48,23,"married","no","fixed",47,118,0,0,1500,1643,"no",0.912964090079124,31.25,0.264830508474576,71,"18-25","no",0
"bad",0,"rent",36,36,"married","no","partime",84,240,0,0,1050,1342,"no",0.782414307004471,29.1666666666667,0.121527777777778,156,"36-45","no",1
"good",18,"other",36,52,"married","no","fixed",35,120,0,0,600,1418,"no",0.423131170662906,16.6666666666667,0.138888888888889,85,"46-55","no",0
"good",19,"priv",60,54,"married","no","fixed",45,80,3500,0,1300,1534,"no",0.847457627118644,21.6666666666667,0.270833333333333,35,"46-55","yes",0
"good",2,"rent",36,45,"single","no","fixed",45,99,0,0,350,555,"no",0.630630630630631,9.72222222222222,0.0982042648709315,54,"36-45","no",0
"good",8,"owner",36,53,"married","no","fixed",45,254,6000,0,350,575,"no",0.608695652173913,9.72222222222222,0.0382764654418198,209,"46-55","yes",0
"good",12,"owner",60,27,"married","no","fixed",35,167,4000,0,1000,1537,"no",0.650618087182824,16.6666666666667,0.0998003992015968,132,"26-35","yes",0
"good",16,"rent",60,47,"married","yes","fixed",72,120,0,0,1150,1428,"no",0.805322128851541,19.1666666666667,0.159722222222222,48,"46-55","no",0
"good",26,"owner",36,44,"married","no","fixed",75,108,6000,0,1606,2605,"no",0.616506717850288,44.6111111111111,0.413065843621399,33,"36-45","yes",0
"good",32,"owner",36,56,"married","no","fixed",60,152,7000,0,1000,2950,"no",0.338983050847458,27.7777777777778,0.182748538011696,92,"56+","yes",0
"good",12,"priv",12,41,"married","no","freelance",75,111,20000,0,1200,2130,"no",0.563380281690141,100,0.900900900900901,36,"36-45","yes",0
"good",1,"owner",60,59,"married","no","others",45,228,10000,0,1150,1150,"no",1,19.1666666666667,0.0840643274853801,183,"56+","yes",0
"good",14,"owner",48,48,"married","yes","fixed",60,107,5000,0,850,1801,"no",0.471960022209883,17.7083333333333,0.165498442367601,47,"46-55","yes",0
"good",7,"rent",60,56,"married","no","fixed",55,101,0,0,790,1106,"no",0.714285714285714,13.1666666666667,0.13036303630363,46,"56+","no",0
"good",13,"parents",36,27,"single","no","fixed",35,105,0,0,500,800,"no",0.625,13.8888888888889,0.132275132275132,70,"26-35","no",0
"bad",1,"parents",48,36,"married","no","partime",60,150,0,0,1000,1148,"no",0.871080139372822,20.8333333333333,0.138888888888889,90,"36-45","no",1
"good",0,"priv",60,31,"married","no","freelance",45,142,4500,0,1550,1954,"yes",0.793244626407369,25.8333333333333,0.181924882629108,97,"26-35","yes",0
"good",5,"owner",60,49,"married","yes","fixed",60,125,14000,0,1000,1297,"no",0.771010023130301,16.6666666666667,0.133333333333333,65,"46-55","yes",0
"good",30,"rent",24,53,"married","no","freelance",69,240,25000,0,1000,2200,"no",0.454545454545455,41.6666666666667,0.173611111111111,171,"46-55","yes",0
"good",21,"owner",48,53,"married","no","fixed",35,110,3000,0,1000,1674,"no",0.597371565113501,20.8333333333333,0.189393939393939,75,"46-55","yes",0
"good",11,"owner",60,38,"married","no","freelance",35,122,3500,0,1000,1182,"no",0.846023688663283,16.6666666666667,0.136612021857924,87,"36-45","yes",0
"good",11,"rent",60,50,"married","no","freelance",50,152,0,0,1400,1637,"no",0.855222968845449,23.3333333333333,0.153508771929825,102,"46-55","no",0
"good",4,"parents",48,21,"single","no","fixed",35,60,4000,0,600,1320,"no",0.454545454545455,12.5,0.208333333333333,25,"18-25","yes",0
"bad",2,"rent",60,41,"married","no","freelance",44,90,0,0,1800,2213,"no",0.813375508359693,30,0.333333333333333,46,"36-45","no",1
"good",20,"owner",24,46,"married","no","freelance",35,40,17000,0,1000,1895,"no",0.527704485488127,41.6666666666667,1.04166666666667,5,"46-55","yes",0
"good",26,"owner",60,54,"married","no","freelance",60,186,50000,0,1600,2257,"no",0.708905626938414,26.6666666666667,0.14336917562724,126,"46-55","yes",0
"good",20,"owner",36,48,"married","no","fixed",60,131,3500,0,1000,2188,"no",0.457038391224863,27.7777777777778,0.212044105173876,71,"46-55","yes",0
"good",1,"parents",24,26,"single","no","fixed",45,153,18500,0,500,1505,"no",0.332225913621262,20.8333333333333,0.136165577342048,108,"26-35","yes",0
"good",8,"priv",36,33,"married","no","freelance",45,142,5100,0,600,1124,"yes",0.533807829181495,16.6666666666667,0.117370892018779,97,"26-35","yes",0
"good",12,"priv",48,37,"married","no","freelance",60,100,9000,0,1200,1995,"no",0.601503759398496,25,0.25,40,"36-45","yes",0
"good",4,"owner",60,37,"married","no","freelance",35,128,18000,0,800,1560,"no",0.512820512820513,13.3333333333333,0.104166666666667,93,"36-45","yes",0
"bad",4,"priv",60,43,"married","yes","fixed",45,109,0,0,1050,1530,"no",0.686274509803922,17.5,0.160550458715596,64,"36-45","no",1
"good",2,"owner",60,33,"married","no","fixed",60,198,4600,3500,700,760,"no",0.921052631578947,11.6666666666667,0.0589225589225589,138,"26-35","yes",0
"bad",13,"rent",48,28,"married","yes","fixed",54,190,0,0,800,1157,"no",0.691443388072602,16.6666666666667,0.087719298245614,136,"26-35","no",1
"good",28,"owner",24,49,"married","no","fixed",35,73,2700,0,400,500,"no",0.8,16.6666666666667,0.228310502283105,38,"46-55","yes",0
"bad",5,"parents",24,28,"single","yes","freelance",35,142,0,0,400,640,"yes",0.625,16.6666666666667,0.117370892018779,107,"26-35","no",1
"good",15,"owner",60,32,"divorced","no","freelance",35,142,6000,3300,1550,1612,"yes",0.961538461538462,25.8333333333333,0.181924882629108,107,"26-35","yes",0
"good",21,"owner",36,51,"married","no","fixed",75,160,1500,0,900,1221,"no",0.737100737100737,25,0.15625,85,"46-55","yes",0
"good",3,"owner",60,28,"married","yes","partime",60,122,5000,1000,800,1484,"no",0.539083557951482,13.3333333333333,0.109289617486339,62,"26-35","yes",0
"good",2,"owner",36,30,"married","no","freelance",35,142,4000,0,1100,1850,"yes",0.594594594594595,30.5555555555556,0.215179968701095,107,"26-35","yes",0
"good",14,"owner",48,51,"married","no","fixed",45,130,2000,0,1400,1700,"no",0.823529411764706,29.1666666666667,0.224358974358974,85,"46-55","yes",0
"good",6,"priv",60,45,"married","no","fixed",60,169,2500,300,1250,1565,"no",0.798722044728435,20.8333333333333,0.1232741617357,109,"36-45","yes",0
"good",4,"parents",24,40,"single","no","fixed",35,150,5500,600,500,1672,"no",0.299043062200957,20.8333333333333,0.138888888888889,115,"36-45","yes",0
"good",1,"rent",60,29,"married","no","fixed",59,142,0,0,700,1344,"no",0.520833333333333,11.6666666666667,0.0821596244131455,83,"26-35","no",0
"good",5,"priv",36,32,"married","no","fixed",75,101,40000,0,1400,1444,"no",0.969529085872576,38.8888888888889,0.385038503850385,26,"26-35","yes",0
"bad",2,"parents",36,24,"single","no","fixed",35,65,0,0,895,895,"no",1,24.8611111111111,0.382478632478632,30,"18-25","no",1
"good",0,"owner",60,30,"single","no","partime",35,285,8000,0,850,1251,"no",0.679456434852118,14.1666666666667,0.0497076023391813,250,"26-35","yes",0
"good",14,"priv",48,42,"married","no","fixed",90,151,8000,4774.49999999999,1000,1650,"no",0.606060606060606,20.8333333333333,0.137969094922737,61,"36-45","yes",0
"bad",0,"rent",48,49,"married","no","partime",52,72,0,0,500,950,"no",0.526315789473684,10.4166666666667,0.144675925925926,20,"46-55","no",1
"bad",4,"rent",60,34,"single","no","fixed",43,80,0,0,1500,2218,"no",0.676284941388638,25,0.3125,37,"26-35","no",1
"bad",2,"owner",36,29,"single","no","freelance",35,71,3000,0,950,1300,"no",0.730769230769231,26.3888888888889,0.371674491392801,36,"26-35","yes",1
"bad",15,"owner",48,50,"married","yes","freelance",60,142,3000,0,2500,3559.49,"yes",0.70234780825343,52.0833333333333,0.366784037558685,82,"46-55","yes",1
"bad",11,"owner",48,26,"married","no","fixed",35,135,3500,0,200,1871,"no",0.106894708711919,4.16666666666667,0.0308641975308642,100,"26-35","yes",1
"good",25,"owner",48,48,"married","yes","fixed",35,202,4000,0,800,1800,"no",0.444444444444444,16.6666666666667,0.0825082508250825,167,"46-55","yes",0
"good",21,"owner",36,50,"divorced","no","freelance",35,142,50000,0,1250,1423,"yes",0.878425860857344,34.7222222222222,0.24452269170579,107,"46-55","yes",0
"bad",2,"owner",36,21,"single","yes","freelance",35,37.51,13000,4000,1000,1200,"no",0.833333333333333,27.7777777777778,0.740543262537397,2.51,"18-25","yes",1
"good",20,"owner",36,63,"married","no","freelance",35,110,6000,0,1000,1675,"no",0.597014925373134,27.7777777777778,0.252525252525253,75,"56+","yes",0
"good",9,"owner",60,32,"married","no","fixed",45,103,4500,0,1100,1293,"no",0.850734725444702,18.3333333333333,0.177993527508091,58,"26-35","yes",0
"good",15,"owner",60,51,"married","no","fixed",60,216,5000,0,1000,1200,"no",0.833333333333333,16.6666666666667,0.0771604938271605,156,"46-55","yes",0
"good",5,"parents",60,25,"single","no","fixed",35,75,0,0,1200,1300,"no",0.923076923076923,20,0.266666666666667,40,"18-25","no",0
"bad",1,"other",60,32,"married","yes","partime",35,114,4000,500,1150,1661,"no",0.692354003612282,19.1666666666667,0.16812865497076,79,"26-35","yes",1
"good",14,"owner",60,28,"married","yes","fixed",35,198,7000,900,1000,1850,"no",0.540540540540541,16.6666666666667,0.0841750841750842,163,"26-35","yes",0
"good",9,"rent",48,32,"married","yes","fixed",87,270,0,0,1000,1640,"no",0.609756097560976,20.8333333333333,0.0771604938271605,183,"26-35","no",0
"good",7,"owner",12,45,"widow","yes","freelance",75,200,15000,0,600,1130,"no",0.530973451327434,50,0.25,125,"36-45","yes",0
"good",1,"parents",24,21,"single","no","fixed",35,64,3000,0,700,1250,"no",0.56,29.1666666666667,0.455729166666667,29,"18-25","yes",0
"good",19,"owner",24,35,"married","no","fixed",60,90,4000,0,200,1147,"no",0.1743679163034,8.33333333333333,0.0925925925925926,30,"26-35","yes",0
"good",12,"owner",60,27,"married","no","fixed",35,132,3000,1400,1400,1428,"no",0.980392156862745,23.3333333333333,0.176767676767677,97,"26-35","yes",0
"good",11,"owner",60,26,"married","no","fixed",35,70,5000,0,1050,1273,"no",0.824823252160251,17.5,0.25,35,"26-35","yes",0
"good",1,"parents",48,21,"single","no","partime",35,164,0,0,1400,1503,"no",0.931470392548237,29.1666666666667,0.177845528455285,129,"18-25","no",0
"good",2,"owner",24,40,"married","no","freelance",60,142,5000,0,680,1682,"yes",0.404280618311534,28.3333333333333,0.199530516431925,82,"36-45","yes",0
"good",6,"parents",48,37,"married","no","fixed",45,179,0,0,1000,1530,"no",0.65359477124183,20.8333333333333,0.116387337057728,134,"36-45","no",0
"good",5,"owner",60,35,"married","no","freelance",45,142,25000,0,1500,1850,"yes",0.810810810810811,25,0.176056338028169,97,"26-35","yes",0
"good",25,"priv",60,58,"married","no","fixed",35,164,5000,1000,1500,2000,"no",0.75,25,0.152439024390244,129,"56+","yes",0
"bad",15,"owner",60,50,"widow","yes","freelance",35,37.51,15000,2520,880,951,"no",0.92534174553102,14.6666666666667,0.391006842619746,2.51,"46-55","yes",1
"good",5,"parents",24,25,"single","no","partime",35,111,0,0,750,1125,"no",0.666666666666667,31.25,0.281531531531532,76,"18-25","no",0
"good",13,"owner",60,43,"married","no","fixed",45,123,3500,0,1600,1805,"no",0.886426592797784,26.6666666666667,0.21680216802168,78,"36-45","yes",0
"good",35,"rent",60,52,"married","no","fixed",83,384,3000,3000,900,1633,"no",0.551132884262094,15,0.0390625,301,"46-55","yes",0
"good",6,"parents",60,41,"married","no","fixed",75,217,0,0,1230,1238,"no",0.993537964458804,20.5,0.0944700460829493,142,"36-45","no",0
"good",28,"owner",30,54,"married","no","fixed",45,234,15000,0,1250,2166,"no",0.577100646352724,41.6666666666667,0.178062678062678,189,"46-55","yes",0
"good",25,"owner",36,50,"married","no","freelance",60,142,25000,3000,2300,3295,"yes",0.698027314112291,63.8888888888889,0.449921752738654,82,"46-55","yes",0
"good",0,"owner",60,61,"married","no","others",35,113,3000,0,1300,1726,"no",0.753186558516802,21.6666666666667,0.191740412979351,78,"56+","yes",0
"good",20,"other",48,47,"married","no","fixed",45,182,0,0,1200,1431,"no",0.838574423480084,25,0.137362637362637,137,"46-55","no",0
"good",15,"parents",48,30,"separated","no","fixed",35,126,0,0,850,1075,"no",0.790697674418605,17.7083333333333,0.140542328042328,91,"26-35","no",0
"bad",5,"owner",36,35,"separated","no","freelance",45,142,2000,0,750,975,"yes",0.769230769230769,20.8333333333333,0.146713615023474,97,"26-35","yes",1
"good",3,"parents",24,20,"single","no","fixed",35,170,2000,0,500,1624,"no",0.307881773399015,20.8333333333333,0.122549019607843,135,"18-25","yes",0
"good",2,"owner",48,57,"married","no","fixed",45,184,4000,0,1000,1500,"no",0.666666666666667,20.8333333333333,0.113224637681159,139,"56+","yes",0
"bad",1,"owner",60,43,"married","no","partime",75,147,6000,2000,750,1256,"no",0.597133757961783,12.5,0.0850340136054422,72,"36-45","yes",1
"good",10,"owner",36,43,"married","no","fixed",60,200,6500,0,1370,1717,"no",0.797903319743739,38.0555555555556,0.190277777777778,140,"36-45","yes",0
"good",15,"owner",60,29,"married","no","fixed",45,42,15000,4774.49999999999,1500,2519,"no",0.595474394601032,25,0.595238095238095,-3,"26-35","yes",0
"bad",0,"rent",60,38,"married","no","fixed",67,69,0,0,1200,1497,"no",0.801603206412826,20,0.289855072463768,2,"36-45","no",1
"good",0,"rent",36,25,"single","no","partime",44,93,0,0,800,1212,"no",0.66006600660066,22.2222222222222,0.2389486260454,49,"18-25","no",0
"bad",0,"owner",36,27,"married","no","freelance",45,142,3500,1500,600,780,"yes",0.769230769230769,16.6666666666667,0.117370892018779,97,"26-35","yes",1
"good",4,"other",48,20,"single","no","fixed",35,245,0,0,1126,1631,"no",0.690374003678725,23.4583333333333,0.0957482993197279,210,"18-25","no",0
"bad",1,"rent",36,44,"married","yes","fixed",54,88,0,0,500,650,"no",0.769230769230769,13.8888888888889,0.157828282828283,34,"36-45","no",1
"bad",16,"owner",60,44,"married","no","fixed",35,150,2500,400,2000,2190,"no",0.91324200913242,33.3333333333333,0.222222222222222,115,"36-45","yes",1
"good",0,"parents",12,22,"single","no","others",35,42,0,0,200,748,"no",0.267379679144385,16.6666666666667,0.396825396825397,7,"18-25","no",0
"bad",10,"owner",18,47,"married","yes","freelance",45,142,3000,0,700,1428,"yes",0.490196078431373,38.8888888888889,0.273865414710485,97,"46-55","yes",1
"good",15,"owner",48,29,"married","no","freelance",45,176,16200,0,1400,2475,"no",0.565656565656566,29.1666666666667,0.165719696969697,131,"26-35","yes",0
"good",15,"rent",24,42,"married","yes","fixed",41,64,0,0,200,400,"no",0.5,8.33333333333333,0.130208333333333,23,"36-45","no",0
"good",8,"priv",12,31,"single","yes","freelance",35,142,5000,0,1700,2963,"yes",0.573742828214647,141.666666666667,0.997652582159624,107,"26-35","yes",0
"good",8,"priv",60,30,"married","no","fixed",35,55,8000,4774.49999999999,2000,2552,"no",0.783699059561129,33.3333333333333,0.606060606060606,20,"26-35","yes",0
"bad",4,"owner",24,22,"single","no","fixed",35,97,3216,0,1000,1000,"no",1,41.6666666666667,0.429553264604811,62,"18-25","yes",1
"good",11,"owner",60,54,"married","no","fixed",45,230,15000,0,1200,1415,"no",0.848056537102474,20,0.0869565217391304,185,"46-55","yes",0
"good",5,"owner",12,60,"married","no","fixed",60,125,5000,0,400,1361,"no",0.293901542983101,33.3333333333333,0.266666666666667,65,"56+","yes",0
"bad",7,"rent",48,43,"married","no","fixed",44,92,0,0,1300,1653,"no",0.786448880822747,27.0833333333333,0.294384057971014,48,"36-45","no",1
"good",9,"rent",60,31,"single","no","fixed",44,87,0,0,1200,1364,"no",0.879765395894428,20,0.229885057471264,43,"26-35","no",0
"good",12,"owner",60,28,"single","no","fixed",35,126,15000,0,1350,1381,"no",0.977552498189718,22.5,0.178571428571429,91,"26-35","yes",0
"good",5,"parents",36,29,"single","no","fixed",35,134,0,0,300,425,"no",0.705882352941177,8.33333333333333,0.0621890547263682,99,"26-35","no",0
"good",20,"owner",36,49,"married","no","freelance",60,142,44000,0,2220,2220,"yes",1,61.6666666666667,0.434272300469484,82,"46-55","yes",0
"good",5,"parents",60,23,"single","no","freelance",35,85,0,0,948,1148,"no",0.825783972125436,15.8,0.185882352941176,50,"18-25","no",0
"good",11,"owner",36,40,"married","no","fixed",45,203,8000,4000,900,1674,"no",0.537634408602151,25,0.123152709359606,158,"36-45","yes",0
"good",1,"parents",18,25,"single","no","partime",35,47,0,0,400,1367,"no",0.292611558156547,22.2222222222222,0.472813238770686,12,"18-25","no",0
"good",20,"rent",48,46,"married","no","fixed",98,230,0,0,650,900,"no",0.722222222222222,13.5416666666667,0.0588768115942029,132,"46-55","no",0
"good",10,"owner",24,50,"married","no","freelance",45,102,6000,0,1000,2445,"no",0.408997955010225,41.6666666666667,0.408496732026144,57,"46-55","yes",0
"bad",1,"parents",60,26,"single","no","partime",35,95.5,0,0,2400,2599,"yes",0.923432089265102,40,0.418848167539267,60.5,"26-35","no",1
"bad",3,"priv",24,47,"married","no","fixed",60,116,4000,1500,800,1000,"no",0.8,33.3333333333333,0.28735632183908,56,"46-55","yes",1
"good",11,"owner",60,38,"married","yes","fixed",60,352,5000,0,1300,1850,"no",0.702702702702703,21.6666666666667,0.0615530303030303,292,"36-45","yes",0
"good",2,"rent",60,36,"single","no","fixed",52,170,0,0,1300,1400,"no",0.928571428571429,21.6666666666667,0.127450980392157,118,"36-45","no",0
"good",18,"owner",60,35,"married","no","fixed",45,92,4000,0,950,1250,"no",0.76,15.8333333333333,0.172101449275362,47,"26-35","yes",0
"bad",15,"priv",48,49,"married","yes","fixed",60,112,2000,1000,900,960,"no",0.9375,18.75,0.167410714285714,52,"46-55","yes",1
"bad",2,"rent",60,40,"single","yes","fixed",104,138,5000,300,1700,1879,"no",0.904736562001064,28.3333333333333,0.205314009661836,34,"36-45","yes",1
"good",5,"parents",12,41,"married","no","freelance",35,142,0,0,900,1925,"yes",0.467532467532468,75,0.528169014084507,107,"36-45","no",0
"good",13,"parents",36,34,"single","no","fixed",35,90,0,0,500,1014,"no",0.493096646942801,13.8888888888889,0.154320987654321,55,"26-35","no",0
"bad",3,"priv",36,53,"widow","no","others",105,84,2500,500,700,890,"no",0.786516853932584,19.4444444444444,0.231481481481481,-21,"46-55","yes",1
"bad",0,"rent",36,27,"married","no","partime",42,72,0,0,700,925,"no",0.756756756756757,19.4444444444444,0.270061728395062,30,"26-35","no",1
"bad",0,"parents",36,23,"single","no","fixed",35,200,0,0,1100,2095,"no",0.525059665871122,30.5555555555556,0.152777777777778,165,"18-25","no",1
"bad",0,"other",60,27,"married","no","freelance",60,142,0,0,1400,1453,"yes",0.963523743977977,23.3333333333333,0.164319248826291,82,"26-35","no",1
"bad",0,"owner",48,49,"married","no","partime",35,136,5000,1600,900,1178,"no",0.764006791171477,18.75,0.137867647058824,101,"46-55","yes",1
"good",9,"owner",60,24,"married","no","fixed",35,125,4000,0,1000,1174,"no",0.851788756388416,16.6666666666667,0.133333333333333,90,"18-25","yes",0
"good",12,"owner",36,49,"married","no","freelance",35,78,12000,2000,1000,1200,"no",0.833333333333333,27.7777777777778,0.356125356125356,43,"46-55","yes",0
"good",2,"other",60,23,"married","no","freelance",35,140,0,0,1400,1581,"no",0.885515496521189,23.3333333333333,0.166666666666667,105,"18-25","no",0
"bad",6,"parents",60,29,"single","no","freelance",35,142,3500,0,1000,1183,"yes",0.84530853761623,16.6666666666667,0.117370892018779,107,"26-35","yes",1
"good",9,"rent",48,23,"married","no","fixed",65,197,0,0,400,2305,"no",0.17353579175705,8.33333333333333,0.0423011844331641,132,"18-25","no",0
"good",22,"owner",48,44,"single","no","fixed",35,122,5000,0,900,1500,"no",0.6,18.75,0.153688524590164,87,"36-45","yes",0
"bad",0,"priv",60,39,"married","no","partime",35,85,1500,0,1270,1405,"no",0.903914590747331,21.1666666666667,0.249019607843137,50,"36-45","yes",1
"good",0,"owner",60,27,"single","no","fixed",35,87,15000,0,1000,1034,"no",0.967117988394584,16.6666666666667,0.191570881226054,52,"26-35","yes",0
"bad",18,"owner",18,38,"married","yes","freelance",60,93,20000,0,950,1350,"no",0.703703703703704,52.7777777777778,0.567502986857826,33,"36-45","yes",1
"good",10,"parents",36,50,"separated","no","fixed",35,86,0,0,700,1473,"no",0.475220638153428,19.4444444444444,0.22609819121447,51,"46-55","no",0
"bad",1,"priv",48,63,"married","no","others",35,93,2000,0,500,1400,"yes",0.357142857142857,10.4166666666667,0.112007168458781,58,"56+","yes",1
"good",2,"other",30,21,"single","no","fixed",35,53,5000,0,1000,1525,"no",0.655737704918033,33.3333333333333,0.628930817610063,18,"18-25","yes",0
"good",30,"owner",48,53,"married","no","freelance",45,142,38000,0,1600,2120,"yes",0.754716981132076,33.3333333333333,0.234741784037559,97,"46-55","yes",0
"good",3,"parents",36,28,"single","no","fixed",35,91,0,0,1000,2050,"no",0.48780487804878,27.7777777777778,0.305250305250305,56,"26-35","no",0
"good",15,"owner",60,48,"married","no","fixed",45,105,3000,0,250,1092,"no",0.228937728937729,4.16666666666667,0.0396825396825397,60,"46-55","yes",0
"good",10,"other",60,50,"single","no","fixed",35,147,0,0,1080,1152,"no",0.9375,18,0.122448979591837,112,"46-55","no",0
"bad",1,"parents",36,26,"single","yes","partime",35,335,0,0,600,700,"no",0.857142857142857,16.6666666666667,0.0497512437810945,300,"26-35","no",1
"bad",5,"parents",48,28,"married","no","fixed",35,173,0,0,1600,1630,"no",0.98159509202454,33.3333333333333,0.192678227360308,138,"26-35","no",1
"good",3,"rent",60,24,"single","no","fixed",60,147,0,0,1050,1351,"no",0.77720207253886,17.5,0.119047619047619,87,"18-25","no",0
"good",11,"owner",60,28,"married","no","fixed",75,260,24000,0,1400,1852,"no",0.755939524838013,23.3333333333333,0.0897435897435897,185,"26-35","yes",0
"bad",4,"rent",36,24,"married","no","partime",55,100,0,0,650,725,"no",0.896551724137931,18.0555555555556,0.180555555555556,45,"18-25","no",1
"good",12,"owner",48,35,"single","no","fixed",45,264,25000,1700,1000,1560,"no",0.641025641025641,20.8333333333333,0.0789141414141414,219,"26-35","yes",0
"good",4,"owner",24,49,"married","no","fixed",45,132,15000,0,850,1338,"no",0.635276532137519,35.4166666666667,0.268308080808081,87,"46-55","yes",0
"good",1,"parents",60,23,"single","no","fixed",35,53,50000,0,1150,1409,"no",0.816181689141235,19.1666666666667,0.361635220125786,18,"18-25","yes",0
"good",3,"owner",60,51,"married","no","fixed",35,123,25000,0,1800,2208,"no",0.815217391304348,30,0.24390243902439,88,"46-55","yes",0
"good",12,"priv",60,45,"married","no","fixed",45,292,3000,0,950,997,"no",0.952858575727182,15.8333333333333,0.0542237442922374,247,"36-45","yes",0
"bad",29,"rent",60,55,"married","yes","fixed",45,100,0,0,1400,1530,"no",0.915032679738562,23.3333333333333,0.233333333333333,55,"46-55","no",1
"good",3,"owner",60,64,"widow","no","others",35,135,2500,0,650,660,"no",0.984848484848485,10.8333333333333,0.0802469135802469,100,"56+","yes",0
"good",0,"owner",60,42,"married","yes","partime",35,90,3000,1500,1200,1438,"no",0.834492350486787,20,0.222222222222222,55,"36-45","yes",0
"bad",2,"other",12,32,"married","yes","fixed",45,60,3000,0,1000,1800,"no",0.555555555555556,83.3333333333333,1.38888888888889,15,"26-35","yes",1
"good",29,"owner",48,60,"married","no","fixed",35,152,3500,0,1050,1550,"no",0.67741935483871,21.875,0.143914473684211,117,"56+","yes",0
"good",20,"owner",24,42,"married","yes","freelance",60,145,10000,0,1000,1622,"no",0.61652281134402,41.6666666666667,0.28735632183908,85,"36-45","yes",0
"good",2,"parents",60,23,"single","yes","fixed",35,80,0,0,1570,1671,"no",0.939557151406344,26.1666666666667,0.327083333333333,45,"18-25","no",0
"good",22,"owner",48,53,"married","no","fixed",35,110,5000,0,1500,1683,"no",0.89126559714795,31.25,0.284090909090909,75,"46-55","yes",0
"good",14,"parents",36,30,"married","no","fixed",35,172,0,0,1100,1505,"no",0.730897009966777,30.5555555555556,0.17764857881137,137,"26-35","no",0
"good",5,"other",24,33,"married","no","fixed",60,115,0,0,400,1600,"no",0.25,16.6666666666667,0.144927536231884,55,"26-35","no",0
"good",8,"owner",36,37,"married","yes","fixed",75,190,20000,0,1000,2105,"no",0.475059382422803,27.7777777777778,0.146198830409357,115,"36-45","yes",0
"good",5,"owner",60,26,"married","no","fixed",35,56,6000,0,1100,1151,"no",0.955690703735882,18.3333333333333,0.327380952380952,21,"26-35","yes",0
"good",23,"owner",48,45,"married","no","fixed",90,298,10000,3500,500,1111,"no",0.45004500450045,10.4166666666667,0.0349552572706935,208,"36-45","yes",0
"good",1,"owner",60,28,"married","yes","fixed",35,72,6000,0,1150,2100,"no",0.547619047619048,19.1666666666667,0.266203703703704,37,"26-35","yes",0
"bad",0,"rent",12,23,"married","no","partime",43,80,0,0,200,1200,"no",0.166666666666667,16.6666666666667,0.208333333333333,37,"18-25","no",1
"good",40,"owner",36,59,"married","no","freelance",35,142,17000,3000,500,1571,"yes",0.318268618714195,13.8888888888889,0.0978090766823161,107,"56+","yes",0
"good",6,"owner",60,22,"single","no","fixed",45,233,10000,0,850,1014,"no",0.838264299802761,14.1666666666667,0.0608011444921316,188,"18-25","yes",0
"good",1,"parents",60,33,"married","no","fixed",60,355,12000,0,1900,2150,"no",0.883720930232558,31.6666666666667,0.0892018779342723,295,"26-35","yes",0
"good",3,"parents",48,25,"single","no","fixed",35,37.51,0,0,700,1114,"no",0.628366247755835,14.5833333333333,0.388785212832134,2.51,"18-25","no",0
"bad",0,"parents",60,22,"single","no","partime",35,49,0,0,1250,1316,"no",0.949848024316109,20.8333333333333,0.425170068027211,14,"18-25","no",1
"good",8,"owner",36,25,"married","no","fixed",35,185,3000,0,1600,2202,"no",0.72661217075386,44.4444444444444,0.24024024024024,150,"18-25","yes",0
"good",2,"rent",60,28,"single","no","fixed",47,115,0,0,1000,1015,"no",0.985221674876847,16.6666666666667,0.144927536231884,68,"26-35","no",0
"good",1,"parents",60,21,"single","yes","freelance",35,73,0,0,800,899,"no",0.889877641824249,13.3333333333333,0.182648401826484,38,"18-25","no",0
"bad",0,"owner",48,42,"separated","yes","fixed",60,119,15000,0,800,800,"no",1,16.6666666666667,0.140056022408964,59,"36-45","yes",1
"bad",3,"priv",60,35,"married","yes","fixed",45,219,1000,0,1000,1232,"no",0.811688311688312,16.6666666666667,0.076103500761035,174,"26-35","yes",1
"good",14,"owner",48,44,"married","no","fixed",60,105,3000,0,500,1745,"no",0.286532951289398,10.4166666666667,0.0992063492063492,45,"36-45","yes",0
"bad",8,"rent",60,58,"married","no","fixed",35,126,0,0,1700,2136,"yes",0.795880149812734,28.3333333333333,0.224867724867725,91,"56+","no",1
"good",6,"rent",60,23,"married","no","fixed",48,134,0,0,1000,1064,"no",0.93984962406015,16.6666666666667,0.124378109452736,86,"18-25","no",0
"bad",0,"owner",60,41,"married","no","partime",45,40,4500,80,800,825,"no",0.96969696969697,13.3333333333333,0.333333333333333,-5,"36-45","yes",1
"good",3,"other",60,27,"single","no","fixed",35,184,4700,700,1400,1640,"no",0.853658536585366,23.3333333333333,0.126811594202899,149,"26-35","yes",0
"good",1,"parents",60,20,"married","no","partime",35,90,0,0,1370,1499,"no",0.913942628418946,22.8333333333333,0.253703703703704,55,"18-25","no",0
"bad",7,"rent",60,22,"married","no","partime",47,119,0,0,1040,1200,"no",0.866666666666667,17.3333333333333,0.145658263305322,72,"18-25","no",1
"good",2,"priv",60,21,"single","no","freelance",35,170,4000,0,1000,1522,"no",0.657030223390276,16.6666666666667,0.0980392156862745,135,"18-25","yes",0
"good",19,"priv",60,55,"married","no","fixed",45,118,4000,0,1300,1661,"no",0.78266104756171,21.6666666666667,0.18361581920904,73,"46-55","yes",0
"good",0,"parents",12,24,"single","no","freelance",35,85,0,0,240,375,"no",0.64,20,0.235294117647059,50,"18-25","no",0
"good",1,"parents",36,23,"single","no","fixed",35,95,0,0,1000,1639,"no",0.61012812690665,27.7777777777778,0.292397660818713,60,"18-25","no",0
"good",4,"rent",48,33,"married","no","fixed",58,133,0,0,1500,1784,"no",0.840807174887892,31.25,0.234962406015038,75,"26-35","no",0
"good",4,"parents",30,30,"single","no","fixed",35,81,0,0,600,775,"no",0.774193548387097,20,0.246913580246914,46,"26-35","no",0
"good",2,"priv",60,35,"married","no","fixed",35,190,9900,2000,700,782,"no",0.895140664961637,11.6666666666667,0.0614035087719298,155,"26-35","yes",0
"good",20,"owner",60,54,"married","no","fixed",60,191,5000,0,600,1400,"no",0.428571428571429,10,0.0523560209424084,131,"46-55","yes",0
"good",1,"other",24,46,"married","no","partime",45,70,2500,0,390,590,"no",0.661016949152542,16.25,0.232142857142857,25,"46-55","yes",0
"good",10,"rent",48,53,"married","no","fixed",48,127,0,0,500,1000,"no",0.5,10.4166666666667,0.0820209973753281,79,"46-55","no",0
"bad",4,"rent",60,58,"married","yes","freelance",60,142,0,0,900,2906,"yes",0.30970406056435,15,0.105633802816901,82,"56+","no",1
"good",3,"owner",60,41,"married","no","freelance",60,142,14000,0,1889,1889,"no",1,31.4833333333333,0.221713615023474,82,"36-45","yes",0
"good",15,"owner",60,41,"married","no","fixed",35,125,10000,0,1000,1040,"no",0.961538461538462,16.6666666666667,0.133333333333333,90,"36-45","yes",0
"good",5,"rent",48,26,"separated","no","fixed",53,178,0,0,1200,2279,"no",0.526546731022378,25,0.140449438202247,125,"26-35","no",0
"good",26,"owner",48,49,"married","no","fixed",60,240,2000,0,1750,2047,"no",0.854909623839766,36.4583333333333,0.151909722222222,180,"46-55","yes",0
"good",6,"owner",36,23,"married","no","fixed",45,125,3500,1500,650,1158,"no",0.561312607944732,18.0555555555556,0.144444444444444,80,"18-25","yes",0
"good",8,"rent",54,29,"married","no","fixed",43,80,0,0,1000,1241,"no",0.8058017727639,18.5185185185185,0.231481481481481,37,"26-35","no",0
"bad",15,"owner",48,53,"married","no","freelance",45,200,15000,3500,1650,2000,"no",0.825,34.375,0.171875,155,"46-55","yes",1
"good",1,"parents",12,21,"single","no","others",35,93,0,0,800,1428,"yes",0.560224089635854,66.6666666666667,0.716845878136201,58,"18-25","no",0
"good",7,"owner",36,25,"married","no","fixed",35,70,3000,750,650,700,"no",0.928571428571429,18.0555555555556,0.257936507936508,35,"18-25","yes",0
"bad",10,"rent",60,38,"married","yes","freelance",60,142,8000,0,2200,2387,"yes",0.921658986175115,36.6666666666667,0.258215962441315,82,"36-45","yes",1
"good",19,"owner",36,47,"married","no","fixed",35,110,12000,1600,1400,1883,"no",0.743494423791822,38.8888888888889,0.353535353535353,75,"46-55","yes",0
"good",7,"owner",60,26,"married","no","fixed",35,132,5000,2400,650,900,"no",0.722222222222222,10.8333333333333,0.0820707070707071,97,"26-35","yes",0
"good",10,"priv",36,41,"married","no","fixed",45,168,11500,4000,250,500,"no",0.5,6.94444444444444,0.0413359788359788,123,"36-45","yes",0
"good",20,"parents",36,38,"married","yes","freelance",60,142,25000,0,1500,1650,"yes",0.909090909090909,41.6666666666667,0.293427230046948,82,"36-45","yes",0
"bad",2,"priv",24,41,"married","yes","freelance",90,37.51,5000,0,800,1900,"no",0.421052631578947,33.3333333333333,0.888651915044877,-52.49,"36-45","yes",1
"good",5,"rent",24,36,"married","no","fixed",70,100,0,0,700,2995,"no",0.233722871452421,29.1666666666667,0.291666666666667,30,"36-45","no",0
"good",2,"other",36,31,"married","no","fixed",45,130,0,0,600,1135,"no",0.52863436123348,16.6666666666667,0.128205128205128,85,"26-35","no",0
"bad",2,"priv",48,44,"married","no","others",60,95,4300,0,1250,1250,"no",1,26.0416666666667,0.274122807017544,35,"36-45","yes",1
"good",3,"parents",60,23,"single","no","freelance",45,70,4000,0,1000,1330,"no",0.75187969924812,16.6666666666667,0.238095238095238,25,"18-25","yes",0
"good",10,"rent",36,45,"married","yes","fixed",83,383,0,0,800,3559.49,"no",0.224751298641097,22.2222222222222,0.058021467943139,300,"36-45","no",0
"bad",10,"owner",48,35,"married","no","fixed",45,63,5000,350,1000,1580,"no",0.632911392405063,20.8333333333333,0.330687830687831,18,"26-35","yes",1
"good",0,"parents",48,20,"single","no","partime",35,215,15000,0,1100,1100,"no",1,22.9166666666667,0.106589147286822,180,"18-25","yes",0
"good",4,"parents",60,26,"single","no","fixed",35,104,2500,2000,1048,1048,"no",1,17.4666666666667,0.167948717948718,69,"26-35","yes",0
"good",2,"parents",48,27,"married","no","fixed",45,164,0,0,1100,1464,"no",0.751366120218579,22.9166666666667,0.139735772357724,119,"26-35","no",0
"good",20,"owner",30,55,"married","no","freelance",75,142,25000,0,1100,1930,"yes",0.569948186528497,36.6666666666667,0.258215962441315,67,"46-55","yes",0
"good",0,"parents",48,19,"single","no","partime",35,53,0,0,1250,1310,"no",0.954198473282443,26.0416666666667,0.491352201257862,18,"18-25","no",0
"good",1,"owner",12,34,"married","no","freelance",60,142,12000,0,400,600,"yes",0.666666666666667,33.3333333333333,0.234741784037559,82,"26-35","yes",0
"good",4,"rent",60,29,"married","yes","fixed",59,142,1000,0,1250,1267,"no",0.986582478295186,20.8333333333333,0.146713615023474,83,"26-35","yes",0
"good",18,"owner",60,51,"married","yes","fixed",45,182,5000,0,1500,1500,"no",1,25,0.137362637362637,137,"46-55","yes",0
"good",1,"rent",60,23,"married","yes","fixed",54,92,0,0,1450,1626,"no",0.891758917589176,24.1666666666667,0.26268115942029,38,"18-25","no",0
"good",15,"priv",60,31,"married","no","fixed",60,100,2500,800,1000,1323,"no",0.755857898715042,16.6666666666667,0.166666666666667,40,"26-35","yes",0
"bad",0,"rent",60,36,"married","no","others",47,121,0,0,900,1423,"no",0.632466619817287,15,0.12396694214876,74,"36-45","no",1
"good",6,"other",60,20,"married","no","fixed",45,130,0,0,1250,1404,"no",0.89031339031339,20.8333333333333,0.16025641025641,85,"18-25","no",0
"bad",10,"priv",60,30,"married","no","fixed",35,123,2000,0,1600,1600,"no",1,26.6666666666667,0.21680216802168,88,"26-35","yes",1
"bad",10,"owner",60,62,"married","no","fixed",60,78,6000,0,1130,1130,"no",1,18.8333333333333,0.241452991452991,18,"56+","yes",1
"good",4,"other",36,27,"single","no","freelance",35,41,0,0,200,795,"no",0.251572327044025,5.55555555555556,0.13550135501355,6,"26-35","no",0
"good",6,"parents",48,27,"single","no","fixed",35,113,4000,0,990,995,"no",0.994974874371859,20.625,0.182522123893805,78,"26-35","yes",0
"good",6,"priv",60,35,"married","no","fixed",45,160,3000,1200,900,1612,"no",0.558312655086849,15,0.09375,115,"26-35","yes",0
"good",2,"owner",48,50,"married","no","fixed",35,86,4000,0,900,1221,"no",0.737100737100737,18.75,0.218023255813953,51,"46-55","yes",0
"good",14,"parents",60,31,"married","no","fixed",35,100,0,0,1500,1500,"no",1,25,0.25,65,"26-35","no",0
"bad",0,"other",36,19,"single","no","fixed",35,100,0,0,650,650,"no",1,18.0555555555556,0.180555555555556,65,"18-25","no",1
"bad",1,"parents",60,38,"married","no","partime",60,92,3500,0,1000,1025,"no",0.975609756097561,16.6666666666667,0.181159420289855,32,"36-45","yes",1
"bad",10,"owner",48,63,"married","yes","freelance",35,142,3000,0,2500,3559.49,"yes",0.70234780825343,52.0833333333333,0.366784037558685,107,"56+","yes",1
"good",3,"priv",60,27,"married","no","fixed",45,194,3500,1000,700,1083,"no",0.646352723915051,11.6666666666667,0.0601374570446735,149,"26-35","yes",0
"good",2,"owner",36,23,"single","no","freelance",45,135,10000,0,1250,1400,"no",0.892857142857143,34.7222222222222,0.257201646090535,90,"18-25","yes",0
"bad",2,"parents",60,25,"single","yes","partime",35,65,0,0,1500,1892,"no",0.792811839323467,25,0.384615384615385,30,"18-25","no",1
"good",5,"parents",60,30,"married","no","freelance",45,189,0,0,2000,2312,"no",0.865051903114187,33.3333333333333,0.17636684303351,144,"26-35","no",0
"good",2,"owner",48,57,"married","yes","fixed",45,200,15000,0,1300,2700,"no",0.481481481481481,27.0833333333333,0.135416666666667,155,"56+","yes",0
"good",3,"owner",36,40,"married","no","fixed",35,158,14000,0,700,850,"no",0.823529411764706,19.4444444444444,0.123066104078762,123,"36-45","yes",0
"good",25,"owner",24,48,"married","no","fixed",35,97,3500,0,225,525,"no",0.428571428571429,9.375,0.0966494845360825,62,"46-55","yes",0
"good",9,"parents",60,26,"married","no","fixed",35,180,0,0,1300,1512,"no",0.85978835978836,21.6666666666667,0.12037037037037,145,"26-35","no",0
"good",15,"owner",24,39,"married","no","fixed",60,180,4500,0,590,1793,"no",0.329057445621863,24.5833333333333,0.136574074074074,120,"36-45","yes",0
"bad",7,"owner",60,34,"married","no","fixed",45,119,4000,0,2000,2221,"no",0.90049527239982,33.3333333333333,0.280112044817927,74,"26-35","yes",1
"good",16,"priv",48,51,"married","no","fixed",45,130,3000,500,500,964,"no",0.518672199170125,10.4166666666667,0.0801282051282051,85,"46-55","yes",0
"good",23,"owner",48,47,"married","no","fixed",105,139,2500,0,750,940,"no",0.797872340425532,15.625,0.112410071942446,34,"46-55","yes",0
"good",2,"owner",24,29,"single","no","fixed",35,117,9000,0,500,1875,"no",0.266666666666667,20.8333333333333,0.178062678062678,82,"26-35","yes",0
"bad",14,"owner",60,38,"married","yes","fixed",60,145,5000,2400,1200,1383,"no",0.867678958785249,20,0.137931034482759,85,"36-45","yes",1
"good",20,"priv",48,38,"married","no","fixed",60,57,2500,0,900,1246,"no",0.7223113964687,18.75,0.328947368421053,-3,"36-45","yes",0
"good",38,"rent",60,57,"married","no","fixed",56,210,0,0,1350,1520,"no",0.888157894736842,22.5,0.107142857142857,154,"56+","no",0
"good",2,"rent",48,31,"married","no","freelance",90,296,0,0,1450,2255,"no",0.643015521064302,30.2083333333333,0.10205518018018,206,"26-35","no",0
"good",15,"owner",60,48,"separated","no","fixed",45,150,21000,0,1150,1579,"no",0.728309056364788,19.1666666666667,0.127777777777778,105,"46-55","yes",0
"good",13,"priv",60,40,"married","no","fixed",60,100,3500,540,970,1270,"no",0.763779527559055,16.1666666666667,0.161666666666667,40,"36-45","yes",0
"good",6,"parents",48,46,"married","no","fixed",35,205,0,0,800,1450,"no",0.551724137931034,16.6666666666667,0.0813008130081301,170,"46-55","no",0
"good",1,"owner",24,60,"married","no","others",75,93,4000,0,400,1138,"no",0.351493848857645,16.6666666666667,0.17921146953405,18,"56+","yes",0
"good",10,"rent",36,33,"married","no","fixed",68,84,0,0,400,470,"no",0.851063829787234,11.1111111111111,0.132275132275132,16,"26-35","no",0
"bad",7,"parents",36,22,"single","no","partime",35,77,0,0,800,875,"no",0.914285714285714,22.2222222222222,0.288600288600289,42,"18-25","no",1
"good",16,"owner",18,32,"married","yes","fixed",60,140,12000,240,250,542,"no",0.461254612546125,13.8888888888889,0.0992063492063492,80,"26-35","yes",0
"good",1,"rent",36,30,"single","no","fixed",49,141,0,0,700,850,"no",0.823529411764706,19.4444444444444,0.137903861308117,92,"26-35","no",0
"good",5,"priv",24,42,"married","no","fixed",60,86,800,0,250,857,"no",0.29171528588098,10.4166666666667,0.121124031007752,26,"36-45","yes",0
"good",2,"owner",48,23,"married","no","fixed",35,125,3000,1600,1000,1259,"no",0.79428117553614,20.8333333333333,0.166666666666667,90,"18-25","yes",0
"good",7,"rent",12,41,"separated","no","freelance",35,142,1200,0,200,850,"yes",0.235294117647059,16.6666666666667,0.117370892018779,107,"36-45","yes",0
"good",1,"owner",60,33,"married","no","fixed",60,93,3500,0,1190,1190,"no",1,19.8333333333333,0.21326164874552,33,"26-35","yes",0
"bad",5,"rent",36,32,"married","yes","freelance",64,42,15000,0,1300,1450,"no",0.896551724137931,36.1111111111111,0.85978835978836,-22,"26-35","yes",1
"good",0,"parents",60,39,"married","no","freelance",45,142,0,0,1300,1796,"yes",0.723830734966592,21.6666666666667,0.152582159624413,97,"36-45","no",0
"good",6,"parents",12,23,"single","no","fixed",35,100,0,0,475,1080,"no",0.439814814814815,39.5833333333333,0.395833333333333,65,"18-25","no",0
"good",8,"rent",60,31,"married","no","fixed",66,211,0,0,1950,2276,"no",0.85676625659051,32.5,0.154028436018957,145,"26-35","no",0
"bad",14,"priv",18,28,"married","no","fixed",45,68,3000,0,200,400,"no",0.5,11.1111111111111,0.163398692810458,23,"26-35","yes",1
"good",18,"owner",60,47,"separated","no","fixed",35,240,6500,0,1795,1795,"no",1,29.9166666666667,0.124652777777778,205,"46-55","yes",0
"good",18,"owner",36,45,"married","no","freelance",60,112,4500,0,700,1360,"no",0.514705882352941,19.4444444444444,0.173611111111111,52,"36-45","yes",0
"good",20,"owner",30,52,"married","yes","fixed",45,85,3500,0,250,1287,"no",0.194250194250194,8.33333333333333,0.0980392156862745,40,"46-55","yes",0
"good",0,"owner",48,31,"married","no","fixed",45,122,4000,0,1000,1541,"no",0.648929266709929,20.8333333333333,0.170765027322404,77,"26-35","yes",0
"good",0,"rent",60,35,"single","no","fixed",60,250,0,0,1650,1673,"no",0.986252241482367,27.5,0.11,190,"26-35","no",0
"good",17,"rent",48,54,"married","no","fixed",168,325,0,0,860,1059,"no",0.812086874409821,17.9166666666667,0.0551282051282051,157,"46-55","no",0
"good",10,"parents",48,26,"single","no","fixed",35,55,12000,0,750,768,"no",0.9765625,15.625,0.284090909090909,20,"26-35","yes",0
"bad",10,"priv",18,45,"married","yes","freelance",35,47,4000,350,375,475,"no",0.789473684210526,20.8333333333333,0.443262411347518,12,"36-45","yes",1
"good",5,"parents",60,24,"single","no","fixed",35,120,0,0,900,1249,"no",0.720576461168935,15,0.125,85,"18-25","no",0
"good",3,"owner",48,25,"married","yes","freelance",35,142,3000,0,500,1678,"yes",0.297973778307509,10.4166666666667,0.0733568075117371,107,"18-25","yes",0
"good",0,"owner",36,42,"married","no","freelance",75,39,10000,0,800,1150,"no",0.695652173913043,22.2222222222222,0.56980056980057,-36,"36-45","yes",0
"bad",0,"owner",42,41,"married","no","freelance",60,142,4000,0,2000,2516,"yes",0.794912559618442,47.6190476190476,0.335345405767941,82,"36-45","yes",1
"good",0,"owner",48,24,"married","no","partime",35,150,5000,3130,1000,1404,"no",0.712250712250712,20.8333333333333,0.138888888888889,115,"18-25","yes",0
"bad",4,"rent",48,43,"married","yes","freelance",45,142,10000,0,1200,1518,"yes",0.790513833992095,25,0.176056338028169,97,"36-45","yes",1
"good",5,"rent",36,31,"married","no","freelance",46,109,0,0,400,750,"no",0.533333333333333,11.1111111111111,0.101936799184506,63,"26-35","no",0
"bad",1,"priv",60,41,"married","yes","fixed",45,77,4000,0,1300,1673,"no",0.777047220561865,21.6666666666667,0.281385281385281,32,"36-45","yes",1
"bad",1,"rent",36,39,"separated","yes","others",52,65,0,0,500,700,"no",0.714285714285714,13.8888888888889,0.213675213675214,13,"36-45","no",1
"good",5,"rent",36,30,"married","no","fixed",74,140,0,0,850,862,"no",0.986078886310905,23.6111111111111,0.168650793650794,66,"26-35","no",0
"bad",0,"priv",60,34,"married","no","partime",35,107,3000,2500,1000,1189,"no",0.841042893187553,16.6666666666667,0.155763239875389,72,"26-35","yes",1
"good",5,"priv",60,23,"single","no","fixed",35,181,2000,0,1400,1643,"no",0.852099817407182,23.3333333333333,0.128913443830571,146,"18-25","yes",0
"bad",2,"owner",60,33,"married","no","partime",45,77,2500,0,1000,1197,"no",0.835421888053467,16.6666666666667,0.216450216450216,32,"26-35","yes",1
"good",2,"owner",48,51,"married","no","freelance",60,241,6500,51,900,1100,"no",0.818181818181818,18.75,0.0778008298755187,181,"46-55","yes",0
"good",25,"owner",36,53,"married","no","fixed",45,350,3000,0,1000,2475,"no",0.404040404040404,27.7777777777778,0.0793650793650794,305,"46-55","yes",0
"good",6,"parents",24,27,"single","no","fixed",45,149,6500,0,850,1340,"no",0.634328358208955,35.4166666666667,0.237695749440716,104,"26-35","yes",0
"good",2,"parents",36,30,"married","yes","partime",60,203,0,0,600,1549,"no",0.387346675274371,16.6666666666667,0.0821018062397373,143,"26-35","no",0
"good",2,"owner",60,25,"married","no","fixed",35,158,6000,4380,1400,1423,"no",0.983836964160225,23.3333333333333,0.147679324894515,123,"18-25","yes",0
"bad",0,"owner",60,26,"married","no","partime",75,90,4000,2880,2000,2200,"no",0.909090909090909,33.3333333333333,0.37037037037037,15,"26-35","yes",1
"good",1,"owner",60,28,"married","yes","fixed",60,150,3500,270,1000,1119,"no",0.893655049151028,16.6666666666667,0.111111111111111,90,"26-35","yes",0
"good",10,"rent",60,49,"married","no","fixed",54,93,0,0,450,1298,"no",0.346687211093991,7.5,0.0806451612903226,39,"46-55","no",0
"good",0,"rent",60,31,"married","no","others",60,93,5000,0,1300,1572,"yes",0.826972010178117,21.6666666666667,0.232974910394265,33,"26-35","yes",0
"good",2,"owner",24,47,"married","yes","freelance",35,95,7000,0,800,2333,"no",0.342906129447064,33.3333333333333,0.350877192982456,60,"46-55","yes",0
"good",8,"owner",60,38,"married","no","fixed",35,218,8000,0,1500,1785,"no",0.840336134453782,25,0.114678899082569,183,"36-45","yes",0
"good",15,"owner",36,45,"married","no","freelance",60,214,8000,0,1400,1500,"no",0.933333333333333,38.8888888888889,0.181723779854621,154,"36-45","yes",0
"good",8,"rent",48,29,"married","no","fixed",42,70,0,0,1100,2111,"no",0.521080056845097,22.9166666666667,0.327380952380952,28,"26-35","no",0
"good",4,"other",24,43,"married","no","freelance",45,125,0,0,400,1100,"no",0.363636363636364,16.6666666666667,0.133333333333333,80,"36-45","no",0
"good",15,"owner",60,29,"married","no","fixed",45,110,4500,900,1300,1595,"no",0.815047021943574,21.6666666666667,0.196969696969697,65,"26-35","yes",0
"good",2,"rent",60,40,"married","no","fixed",89,140,0,0,1250,1250,"no",1,20.8333333333333,0.148809523809524,51,"36-45","no",0
"bad",3,"parents",48,28,"single","no","freelance",35,79,0,0,1400,1958,"no",0.715015321756895,29.1666666666667,0.369198312236287,44,"26-35","no",1
"good",7,"owner",24,40,"married","no","fixed",60,123,5000,0,1000,2348,"no",0.425894378194208,41.6666666666667,0.338753387533875,63,"36-45","yes",0
"good",13,"rent",60,39,"divorced","no","fixed",87,120,0,0,1400,1526,"no",0.917431192660551,23.3333333333333,0.194444444444444,33,"36-45","no",0
"bad",5,"parents",60,40,"married","yes","fixed",45,100,0,0,1385,1385,"no",1,23.0833333333333,0.230833333333333,55,"36-45","no",1
"good",15,"owner",12,46,"separated","no","freelance",35,85,15000,0,1000,1862,"no",0.537056928034372,83.3333333333333,0.980392156862745,50,"46-55","yes",0
"good",1,"parents",48,30,"single","no","fixed",35,75,13000,0,1000,1300,"no",0.769230769230769,20.8333333333333,0.277777777777778,40,"26-35","yes",0
"bad",0,"owner",60,32,"married","no","others",45,77,4000,0,1750,2200,"no",0.795454545454545,29.1666666666667,0.378787878787879,32,"26-35","yes",1
"bad",14,"owner",36,31,"married","no","freelance",60,142,3000,0,700,1100,"yes",0.636363636363636,19.4444444444444,0.136932707355243,82,"26-35","yes",1
"good",13,"rent",60,31,"divorced","yes","freelance",41,55,0,0,1350,1428,"no",0.945378151260504,22.5,0.409090909090909,14,"26-35","no",0
"good",2,"parents",60,32,"married","no","partime",75,60,0,0,1100,1347,"no",0.816629547141797,18.3333333333333,0.305555555555556,-15,"26-35","no",0
"good",2,"owner",48,33,"married","no","fixed",45,173,4500,3000,300,1107,"no",0.2710027100271,6.25,0.0361271676300578,128,"26-35","yes",0
"good",7,"owner",60,47,"married","no","freelance",45,142,9000,0,1500,1661,"yes",0.903070439494281,25,0.176056338028169,97,"46-55","yes",0
"bad",0,"other",48,56,"married","no","others",45,105,25000,0,1900,2150,"no",0.883720930232558,39.5833333333333,0.376984126984127,60,"56+","yes",1
"good",6,"other",60,33,"married","no","fixed",75,95,0,0,1200,1820,"no",0.659340659340659,20,0.210526315789474,20,"26-35","no",0
"good",4,"owner",36,36,"married","no","fixed",45,75,4000,0,800,800,"no",1,22.2222222222222,0.296296296296296,30,"36-45","yes",0
"bad",2,"rent",48,23,"single","no","partime",51,158,0,0,1300,1700,"no",0.764705882352941,27.0833333333333,0.171413502109705,107,"18-25","no",1
"good",20,"parents",36,39,"married","no","freelance",60,346,35000,0,1900,2440,"no",0.778688524590164,52.7777777777778,0.152536929993577,286,"36-45","yes",0
"bad",5,"rent",60,36,"married","yes","fixed",66,61,0,0,1100,1243,"no",0.884955752212389,18.3333333333333,0.300546448087432,-5,"36-45","no",1
"bad",20,"owner",24,59,"single","no","freelance",35,142,3000,0,900,1059,"yes",0.84985835694051,37.5,0.264084507042254,107,"56+","yes",1
"bad",1,"rent",36,46,"married","no","partime",82,72,0,0,850,1418,"no",0.599435825105783,23.6111111111111,0.327932098765432,-10,"46-55","no",1
"good",1,"owner",24,31,"married","no","fixed",35,207,10000,0,550,650,"no",0.846153846153846,22.9166666666667,0.110708534621578,172,"26-35","yes",0
"good",10,"parents",60,30,"married","no","fixed",60,195,800,0,1800,2400,"no",0.75,30,0.153846153846154,135,"26-35","yes",0
"good",25,"owner",60,53,"divorced","yes","fixed",35,126,40000,500,1200,1550,"yes",0.774193548387097,20,0.158730158730159,91,"46-55","yes",0
"bad",15,"owner",60,32,"married","no","fixed",60,105,7000,3700,1200,1204,"no",0.996677740863787,20,0.19047619047619,45,"26-35","yes",1
"good",1,"parents",48,23,"single","no","partime",35,103,0,0,820,1323,"no",0.619803476946334,17.0833333333333,0.165857605177994,68,"18-25","no",0
"good",1,"parents",48,24,"single","no","fixed",35,75,0,0,1050,1429,"no",0.734779566130161,21.875,0.291666666666667,40,"18-25","no",0
"bad",2,"rent",24,32,"single","yes","freelance",35,142,0,0,1700,2800,"yes",0.607142857142857,70.8333333333333,0.498826291079812,107,"26-35","no",1
"good",24,"owner",36,42,"married","no","fixed",90,97,5800,0,500,1536,"no",0.325520833333333,13.8888888888889,0.143184421534937,7,"36-45","yes",0
"good",11,"rent",60,43,"married","no","fixed",49,135,0,0,1200,1650,"no",0.727272727272727,20,0.148148148148148,86,"36-45","no",0
"good",5,"owner",36,47,"married","no","freelance",60,80,4000,0,350,385,"no",0.909090909090909,9.72222222222222,0.121527777777778,20,"46-55","yes",0
"bad",5,"rent",60,25,"married","no","freelance",72,121,0,0,2000,2200,"no",0.909090909090909,33.3333333333333,0.275482093663912,49,"18-25","no",1
"good",2,"owner",36,53,"married","no","freelance",35,71,5000,0,800,1615,"no",0.495356037151703,22.2222222222222,0.312989045383412,36,"46-55","yes",0
"good",2,"owner",36,37,"married","no","fixed",60,125,2000,0,450,1490,"no",0.302013422818792,12.5,0.1,65,"36-45","yes",0
"good",13,"owner",36,59,"married","yes","fixed",35,170,6000,0,700,844,"no",0.829383886255924,19.4444444444444,0.11437908496732,135,"56+","yes",0
"bad",6,"owner",48,39,"married","no","freelance",75,142,6000,0,1000,1177,"yes",0.849617672047579,20.8333333333333,0.146713615023474,67,"36-45","yes",1
"good",2,"owner",60,36,"married","no","fixed",60,190,4500,1200,1575,1611,"no",0.977653631284916,26.25,0.138157894736842,130,"36-45","yes",0
"good",13,"owner",60,45,"married","no","fixed",75,428.98,5000,0,1300,2300,"no",0.565217391304348,21.6666666666667,0.0505074051626339,353.98,"36-45","yes",0
"good",0,"other",60,22,"single","no","fixed",35,89,0,0,1400,1666,"no",0.840336134453782,23.3333333333333,0.262172284644195,54,"18-25","no",0
"good",1,"parents",60,25,"married","no","fixed",35,140,0,0,2000,2100,"no",0.952380952380952,33.3333333333333,0.238095238095238,105,"18-25","no",0
"bad",8,"rent",60,34,"married","yes","fixed",80,200,0,0,1200,1800,"no",0.666666666666667,20,0.1,120,"26-35","no",1
"bad",0,"rent",36,23,"married","no","partime",44,88,0,0,450,495,"no",0.909090909090909,12.5,0.142045454545455,44,"18-25","no",1
"good",8,"parents",36,26,"single","no","others",35,93,0,0,1300,1500,"yes",0.866666666666667,36.1111111111111,0.388291517323775,58,"26-35","no",0
"bad",1,"rent",48,58,"married","no","freelance",108,180,12000,4774.49999999999,1000,1668,"no",0.599520383693046,20.8333333333333,0.115740740740741,72,"56+","yes",1
"good",20,"owner",48,53,"married","no","freelance",60,83,7500,0,1200,1797,"no",0.667779632721202,25,0.301204819277108,23,"46-55","yes",0
"good",21,"priv",48,51,"married","no","fixed",60,110,2500,400,1000,1398,"no",0.715307582260372,20.8333333333333,0.189393939393939,50,"46-55","yes",0
"bad",1,"parents",60,23,"single","no","fixed",35,100,0,0,1600,1642,"no",0.97442143727162,26.6666666666667,0.266666666666667,65,"18-25","no",1
"good",4,"parents",24,33,"single","no","fixed",35,125,0,0,750,1139,"no",0.658472344161545,31.25,0.25,90,"26-35","no",0
"good",12,"priv",48,45,"married","no","fixed",45,159,5000,0,1200,1425,"no",0.842105263157895,25,0.157232704402516,114,"36-45","yes",0
"good",1,"rent",60,58,"married","no","others",46,105,5000,0,1000,1211,"no",0.825763831544178,16.6666666666667,0.158730158730159,59,"56+","yes",0
"good",13,"owner",60,38,"married","no","freelance",35,140,7500,0,350,1355,"no",0.25830258302583,5.83333333333333,0.0416666666666667,105,"36-45","yes",0
"good",10,"owner",36,59,"married","no","fixed",75,120,3000,0,250,850,"no",0.294117647058824,6.94444444444444,0.0578703703703704,45,"56+","yes",0
"good",11,"priv",60,56,"married","yes","fixed",35,100,2000,200,1220,1400,"no",0.871428571428571,20.3333333333333,0.203333333333333,65,"56+","yes",0
"good",20,"owner",48,50,"married","no","freelance",60,142,5000,0,650,1177,"no",0.552251486830926,13.5416666666667,0.0953638497652582,82,"46-55","yes",0
"bad",8,"owner",36,45,"married","yes","freelance",45,314,18000,0,2500,2960,"no",0.844594594594595,69.4444444444444,0.221160651096957,269,"36-45","yes",1
"good",0,"rent",60,25,"married","no","partime",41,64,0,0,1450,1537,"no",0.943396226415094,24.1666666666667,0.377604166666667,23,"18-25","no",0
"good",20,"owner",36,47,"married","no","freelance",60,142,4000,0,800,1701,"yes",0.470311581422693,22.2222222222222,0.156494522691706,82,"46-55","yes",0
"bad",0,"owner",60,47,"married","yes","partime",60,50,15000,0,1300,1841,"no",0.706137968495383,21.6666666666667,0.433333333333333,-10,"46-55","yes",1
"good",3,"owner",60,39,"married","no","fixed",60,120,4500,870,900,1580,"no",0.569620253164557,15,0.125,60,"36-45","yes",0
"good",30,"owner",60,59,"married","no","freelance",45,250,10000,0,1000,1098,"no",0.910746812386157,16.6666666666667,0.0666666666666667,205,"56+","yes",0
"bad",2,"parents",60,35,"married","yes","partime",75,130,0,0,1450,1480,"no",0.97972972972973,24.1666666666667,0.185897435897436,55,"26-35","no",1
"good",8,"owner",36,37,"married","yes","fixed",45,142,4500,300,370,870,"no",0.425287356321839,10.2777777777778,0.0723787167449139,97,"36-45","yes",0
"bad",1,"rent",36,23,"married","no","partime",54,88,0,0,600,750,"no",0.8,16.6666666666667,0.189393939393939,34,"18-25","no",1
"good",14,"owner",30,37,"married","no","fixed",60,121,5000,0,650,1708,"no",0.38056206088993,21.6666666666667,0.179063360881543,61,"36-45","yes",0
"bad",0,"parents",48,28,"single","no","freelance",35,65,3000,0,800,1800,"no",0.444444444444444,16.6666666666667,0.256410256410256,30,"26-35","yes",1
"good",10,"owner",60,31,"single","no","fixed",35,80,2500,900,1100,1320,"no",0.833333333333333,18.3333333333333,0.229166666666667,45,"26-35","yes",0
"bad",3,"owner",48,38,"married","yes","fixed",45,125,5000,0,1285,1311,"no",0.980167810831426,26.7708333333333,0.214166666666667,80,"36-45","yes",1
"good",15,"owner",24,53,"married","yes","freelance",60,245,30000,0,2400,3559.49,"no",0.674253895923292,100,0.408163265306122,185,"46-55","yes",0
"bad",4,"rent",60,34,"married","yes","fixed",100,247,0,0,1700,2278,"no",0.746268656716418,28.3333333333333,0.114709851551957,147,"26-35","no",1
"bad",10,"parents",48,54,"married","no","fixed",60,80,0,0,1100,1423,"no",0.773014757554462,22.9166666666667,0.286458333333333,20,"46-55","no",1
"good",12,"owner",60,31,"married","no","fixed",35,183,10000,2200,1300,1349,"no",0.963676797627873,21.6666666666667,0.1183970856102,148,"26-35","yes",0
"good",25,"rent",60,52,"married","no","fixed",61,163,5000,900,1650,1683,"no",0.980392156862745,27.5,0.168711656441718,102,"46-55","yes",0
"bad",0,"parents",24,35,"single","no","partime",35,60,0,0,800,1560,"no",0.512820512820513,33.3333333333333,0.555555555555556,25,"26-35","no",1
"bad",0,"priv",36,24,"married","yes","partime",60,169,1500,0,690,790,"no",0.873417721518987,19.1666666666667,0.113412228796844,109,"18-25","yes",1
"bad",5,"owner",42,32,"married","no","fixed",60,96,6000,800,1700,2349,"no",0.723712217965092,40.4761904761905,0.421626984126984,36,"26-35","yes",1
"bad",1,"owner",48,24,"married","no","partime",45,59,3000,1600,500,500,"no",1,10.4166666666667,0.176553672316384,14,"18-25","yes",1
"bad",3,"owner",60,45,"married","no","freelance",60,142,5000,0,1370,1403,"yes",0.97647897362794,22.8333333333333,0.160798122065728,82,"36-45","yes",1
"good",6,"parents",36,26,"married","no","fixed",35,119,0,0,1000,2193,"no",0.455996352029184,27.7777777777778,0.233426704014939,84,"26-35","no",0
"bad",2,"parents",36,30,"single","no","freelance",35,142,15000,0,2000,2600,"yes",0.769230769230769,55.5555555555556,0.391236306729264,107,"26-35","yes",1
"good",12,"parents",24,28,"single","no","fixed",35,102,4000,0,250,1150,"no",0.217391304347826,10.4166666666667,0.102124183006536,67,"26-35","yes",0
"good",8,"rent",36,61,"single","no","fixed",42,72,0,0,325,450,"no",0.722222222222222,9.02777777777778,0.125385802469136,30,"56+","no",0
"good",5,"rent",36,30,"single","yes","freelance",48,127,0,0,650,900,"no",0.722222222222222,18.0555555555556,0.142169728783902,79,"26-35","no",0
"good",2,"parents",36,28,"single","yes","fixed",35,51,0,0,325,525,"no",0.619047619047619,9.02777777777778,0.177015250544662,16,"26-35","no",0
"good",35,"rent",42,52,"married","yes","fixed",58,130,2000,0,1000,1777,"no",0.56274620146314,23.8095238095238,0.183150183150183,72,"46-55","yes",0
"good",3,"parents",60,26,"single","no","fixed",35,83,0,0,1050,1156,"no",0.908304498269896,17.5,0.210843373493976,48,"26-35","no",0
"good",20,"owner",60,54,"married","no","fixed",35,100,5000,0,1600,2500,"no",0.64,26.6666666666667,0.266666666666667,65,"46-55","yes",0
"good",17,"owner",24,36,"married","no","fixed",45,115,300,0,600,1642,"no",0.365408038976857,25,0.217391304347826,70,"36-45","yes",0
"good",14,"owner",36,56,"married","no","fixed",35,160,2000,0,550,685,"no",0.802919708029197,15.2777777777778,0.0954861111111111,125,"56+","yes",0
"good",6,"parents",48,38,"divorced","no","fixed",35,98,0,0,500,580,"no",0.862068965517241,10.4166666666667,0.106292517006803,63,"36-45","no",0
"good",6,"rent",36,26,"married","no","fixed",47,120,0,0,1250,1657,"no",0.754375377187689,34.7222222222222,0.289351851851852,73,"26-35","no",0
"bad",2,"parents",48,33,"single","yes","partime",35,82,0,0,1050,1332,"no",0.788288288288288,21.875,0.266768292682927,47,"26-35","no",1
"good",13,"owner",60,46,"married","yes","fixed",90,115,2500,350,1200,1222,"no",0.981996726677578,20,0.173913043478261,25,"46-55","yes",0
"good",1,"priv",60,26,"married","no","fixed",45,137,5000,0,1350,1471,"no",0.917743031951054,22.5,0.164233576642336,92,"26-35","yes",0
"bad",2,"parents",48,25,"married","no","fixed",35,48,6500,0,900,912,"no",0.986842105263158,18.75,0.390625,13,"18-25","yes",1
"good",20,"owner",18,47,"married","yes","freelance",60,142,50000,0,1800,3300,"yes",0.545454545454545,100,0.704225352112676,82,"46-55","yes",0
"bad",1,"parents",48,23,"single","no","partime",35,72,0,0,1078,1079,"no",0.999073215940686,22.4583333333333,0.311921296296296,37,"18-25","no",1
"good",15,"owner",24,40,"married","yes","fixed",35,143,10000,0,2500,3559.49,"no",0.70234780825343,104.166666666667,0.728438228438228,108,"36-45","yes",0
"good",8,"parents",60,31,"single","no","freelance",35,107,0,0,1250,1499,"no",0.833889259506338,20.8333333333333,0.194704049844237,72,"26-35","no",0
"good",3,"owner",36,28,"married","no","freelance",35,180,5000,0,375,1139,"no",0.329236172080773,10.4166666666667,0.0578703703703704,145,"26-35","yes",0
"good",9,"parents",36,28,"single","no","fixed",35,65,0,0,600,1446,"no",0.4149377593361,16.6666666666667,0.256410256410256,30,"26-35","no",0
"bad",0,"parents",48,34,"separated","no","freelance",35,142,4000,0,2370,2540,"yes",0.933070866141732,49.375,0.347711267605634,107,"26-35","yes",1
"good",0,"parents",60,24,"single","no","partime",35,103,8000,0,1070,1405,"no",0.761565836298932,17.8333333333333,0.173139158576052,68,"18-25","yes",0
"bad",2,"owner",60,27,"single","yes","fixed",35,120,8000,0,975,1140,"no",0.855263157894737,16.25,0.135416666666667,85,"26-35","yes",1
"good",0,"priv",18,27,"married","no","fixed",45,60,0,0,750,1050,"no",0.714285714285714,41.6666666666667,0.694444444444444,15,"26-35","no",0
"good",16,"parents",60,30,"married","no","fixed",35,80,2000,0,1200,1371,"no",0.87527352297593,20,0.25,45,"26-35","yes",0
"good",6,"owner",60,42,"separated","no","fixed",35,87,10000,0,1400,1725,"no",0.811594202898551,23.3333333333333,0.268199233716475,52,"36-45","yes",0
"good",4,"owner",24,40,"married","no","freelance",60,142,5000,0,500,2260,"yes",0.221238938053097,20.8333333333333,0.146713615023474,82,"36-45","yes",0
"good",3,"owner",60,42,"married","no","fixed",60,143,5000,0,850,1059,"no",0.802644003777148,14.1666666666667,0.0990675990675991,83,"36-45","yes",0
"bad",7,"rent",36,29,"married","no","fixed",58,125,0,0,1100,1350,"no",0.814814814814815,30.5555555555556,0.244444444444444,67,"26-35","no",1
"good",20,"owner",60,37,"married","yes","freelance",35,70,10000,0,1300,1675,"no",0.776119402985075,21.6666666666667,0.30952380952381,35,"36-45","yes",0
"good",15,"owner",60,35,"married","no","fixed",75,290,15000,0,775,951,"no",0.814931650893796,12.9166666666667,0.0445402298850575,215,"26-35","yes",0
"good",2,"owner",36,30,"married","no","fixed",45,350,4000,0,800,1800,"no",0.444444444444444,22.2222222222222,0.0634920634920635,305,"26-35","yes",0
"bad",1,"owner",24,56,"married","yes","fixed",45,151,7500,0,800,1300,"no",0.615384615384615,33.3333333333333,0.22075055187638,106,"56+","yes",1
"good",3,"owner",60,36,"married","no","freelance",60,139,6000,0,1200,1343,"no",0.893521965748325,20,0.143884892086331,79,"36-45","yes",0
"good",20,"owner",60,48,"married","no","fixed",45,178,25000,700,800,1150,"no",0.695652173913043,13.3333333333333,0.0749063670411985,133,"46-55","yes",0
"good",0,"parents",48,28,"single","no","freelance",35,142,0,0,720,1321,"yes",0.545041635124905,15,0.105633802816901,107,"26-35","no",0
"bad",2,"owner",36,54,"single","yes","fixed",35,352,30000,0,750,1061,"no",0.706880301602262,20.8333333333333,0.0591856060606061,317,"46-55","yes",1
"good",3,"rent",60,48,"married","no","others",77,37.51,0,0,1700,1803,"no",0.942872989462008,28.3333333333333,0.755354127788145,-39.49,"46-55","no",0
"bad",1,"parents",48,40,"single","yes","fixed",35,80,3500,0,1100,1144,"no",0.961538461538462,22.9166666666667,0.286458333333333,45,"36-45","yes",1
"bad",2,"rent",36,31,"married","no","fixed",45,102,0,0,350,750,"no",0.466666666666667,9.72222222222222,0.0953159041394335,57,"26-35","no",1
"good",2,"parents",60,31,"married","no","fixed",35,175,3000,0,700,1350,"no",0.518518518518518,11.6666666666667,0.0666666666666667,140,"26-35","yes",0
"good",15,"owner",60,30,"married","no","fixed",60,140,4000,0,1500,1505,"no",0.996677740863787,25,0.178571428571429,80,"26-35","yes",0
"good",14,"owner",48,39,"married","no","fixed",60,114,11800,0,1300,1926,"no",0.674974039460021,27.0833333333333,0.237573099415205,54,"36-45","yes",0
"good",3,"parents",18,21,"single","no","fixed",35,176,8000,0,1200,2150,"no",0.558139534883721,66.6666666666667,0.378787878787879,141,"18-25","yes",0
"good",1,"parents",36,19,"single","no","fixed",35,73,3000,0,1000,1200,"no",0.833333333333333,27.7777777777778,0.380517503805175,38,"18-25","yes",0
"bad",5,"owner",60,34,"married","no","fixed",60,233,6000,2000,1980,2126,"no",0.931326434619003,33,0.141630901287554,173,"26-35","yes",1
"bad",1,"owner",48,39,"married","yes","freelance",60,142,6000,0,1300,3559.49,"yes",0.365220860291783,27.0833333333333,0.190727699530516,82,"36-45","yes",1
"bad",10,"owner",60,26,"married","no","fixed",35,73,4000,2000,1700,1900,"no",0.894736842105263,28.3333333333333,0.388127853881279,38,"26-35","yes",1
"good",3,"owner",24,51,"married","no","freelance",60,142,26000,300,2500,3559.49,"yes",0.70234780825343,104.166666666667,0.733568075117371,82,"46-55","yes",0
"good",5,"rent",48,31,"single","yes","fixed",47,120,0,0,900,1492,"no",0.603217158176944,18.75,0.15625,73,"26-35","no",0
"good",5,"parents",48,23,"single","no","fixed",35,82,0,0,1550,1630,"no",0.950920245398773,32.2916666666667,0.39380081300813,47,"18-25","no",0
"good",2,"owner",60,23,"single","no","fixed",45,75,7000,0,1070,1209,"no",0.885028949545079,17.8333333333333,0.237777777777778,30,"18-25","yes",0
"good",35,"owner",24,51,"married","no","fixed",35,250,6000,0,450,1902,"no",0.236593059936909,18.75,0.075,215,"46-55","yes",0
"bad",1,"parents",36,24,"single","yes","partime",35,50,0,0,1750,1850,"no",0.945945945945946,48.6111111111111,0.972222222222222,15,"18-25","no",1
"good",15,"other",36,41,"married","no","fixed",45,195,0,0,525,600,"no",0.875,14.5833333333333,0.0747863247863248,150,"36-45","no",0
"good",3,"owner",36,32,"married","no","freelance",60,142,8000,12,1600,1600,"yes",1,44.4444444444444,0.312989045383412,82,"26-35","yes",0
"good",1,"parents",24,21,"single","no","partime",35,90,0,0,900,1307,"no",0.688599846977812,37.5,0.416666666666667,55,"18-25","no",0
"good",15,"owner",48,37,"married","yes","freelance",45,178,30000,4774.49999999999,2400,3120,"no",0.769230769230769,50,0.280898876404494,133,"36-45","yes",0
"bad",0,"parents",48,30,"single","yes","fixed",35,274,0,0,2000,2354,"no",0.849617672047579,41.6666666666667,0.152068126520681,239,"26-35","no",1
"good",15,"owner",48,51,"married","no","fixed",45,85,4000,0,600,1298,"no",0.462249614791988,12.5,0.147058823529412,40,"46-55","yes",0
"bad",10,"rent",24,39,"single","yes","others",55,195,0,0,400,435,"no",0.919540229885057,16.6666666666667,0.0854700854700855,140,"36-45","no",1
"bad",1,"parents",36,23,"single","no","partime",35,70,2000,0,1050,1410,"no",0.74468085106383,29.1666666666667,0.416666666666667,35,"18-25","yes",1
"bad",1,"owner",60,53,"married","yes","freelance",35,142,30000,0,1900,2362,"yes",0.804403048264183,31.6666666666667,0.223004694835681,107,"46-55","yes",1
"good",16,"parents",60,31,"married","yes","fixed",35,150,0,0,1300,1400,"no",0.928571428571429,21.6666666666667,0.144444444444444,115,"26-35","no",0
"good",1,"rent",36,27,"married","yes","fixed",46,108,0,0,475,550,"no",0.863636363636364,13.1944444444444,0.122170781893004,62,"26-35","no",0
"good",0,"owner",60,56,"married","no","fixed",45,150,10000,0,1000,1798,"no",0.556173526140156,16.6666666666667,0.111111111111111,105,"56+","yes",0
"good",14,"owner",48,40,"married","no","fixed",75,335,8000,0,1800,2208,"no",0.815217391304348,37.5,0.111940298507463,260,"36-45","yes",0
"good",4,"rent",60,24,"married","no","fixed",50,151,0,0,900,1155,"no",0.779220779220779,15,0.0993377483443709,101,"18-25","no",0
"good",26,"rent",36,61,"married","no","fixed",56,109,0,0,400,425,"no",0.941176470588235,11.1111111111111,0.101936799184506,53,"56+","no",0
"bad",2,"other",60,22,"married","yes","fixed",60,125,0,0,1100,1281,"no",0.858704137392662,18.3333333333333,0.146666666666667,65,"18-25","no",1
"bad",30,"rent",48,55,"married","yes","fixed",51,160,0,0,1100,1100,"no",1,22.9166666666667,0.143229166666667,109,"46-55","no",1
"good",11,"parents",24,28,"single","no","fixed",35,82,0,0,400,800,"no",0.5,16.6666666666667,0.203252032520325,47,"26-35","no",0
"good",25,"rent",60,52,"married","no","fixed",55,199,0,0,1250,1262,"no",0.990491283676704,20.8333333333333,0.104690117252931,144,"46-55","no",0
"bad",7,"rent",60,32,"married","no","fixed",46,111,0,0,1200,1373,"no",0.873998543335761,20,0.18018018018018,65,"26-35","no",1
"good",2,"owner",48,44,"married","yes","fixed",60,310,20000,600,1700,2700,"no",0.62962962962963,35.4166666666667,0.114247311827957,250,"36-45","yes",0
"bad",2,"rent",48,31,"married","no","freelance",45,142,0,0,1300,1300,"yes",1,27.0833333333333,0.190727699530516,97,"26-35","no",1
"good",11,"parents",60,27,"single","yes","fixed",35,57,0,0,600,1537,"no",0.390370852309694,10,0.175438596491228,22,"26-35","no",0
"bad",0,"other",36,38,"married","no","partime",60,95,0,0,1000,1647,"no",0.607164541590771,27.7777777777778,0.292397660818713,35,"36-45","no",1
"good",11,"owner",60,34,"single","no","fixed",35,103,4500,2000,1200,1410,"no",0.851063829787234,20,0.194174757281553,68,"26-35","yes",0
"good",15,"rent",48,40,"married","no","fixed",57,120,0,0,1000,1500,"no",0.666666666666667,20.8333333333333,0.173611111111111,63,"36-45","no",0
"good",8,"parents",36,26,"single","no","fixed",35,65,0,0,500,1715,"no",0.291545189504373,13.8888888888889,0.213675213675214,30,"26-35","no",0
"bad",1,"rent",36,44,"married","yes","fixed",54,90,0,0,1500,2100,"no",0.714285714285714,41.6666666666667,0.462962962962963,36,"36-45","no",1
"bad",0,"rent",48,46,"married","no","partime",72,116,0,0,860,965,"no",0.89119170984456,17.9166666666667,0.154454022988506,44,"46-55","no",1
"bad",2,"owner",60,32,"married","no","partime",60,75,5500,1500,1400,1732,"no",0.808314087759815,23.3333333333333,0.311111111111111,15,"26-35","yes",1
"good",9,"owner",12,30,"married","yes","freelance",60,93,6500,2235,500,1550,"no",0.32258064516129,41.6666666666667,0.448028673835125,33,"26-35","yes",0
"bad",1,"owner",24,49,"married","yes","partime",35,90,7000,0,265,375,"no",0.706666666666667,11.0416666666667,0.122685185185185,55,"46-55","yes",1
"good",2,"parents",48,24,"single","no","fixed",35,64,0,0,1500,1734,"no",0.865051903114187,31.25,0.48828125,29,"18-25","no",0
"good",3,"parents",60,35,"single","no","fixed",35,190,2500,0,1400,1561,"no",0.896860986547085,23.3333333333333,0.12280701754386,155,"26-35","yes",0
"good",14,"rent",60,30,"married","no","fixed",55,95,0,0,850,1015,"no",0.83743842364532,14.1666666666667,0.149122807017544,40,"26-35","no",0
"good",3,"owner",48,29,"single","no","fixed",35,76,4000,1500,800,1500,"no",0.533333333333333,16.6666666666667,0.219298245614035,41,"26-35","yes",0
"bad",0,"owner",60,27,"married","no","partime",35,74,5000,2500,1550,1555,"no",0.996784565916399,25.8333333333333,0.349099099099099,39,"26-35","yes",1
"good",7,"other",60,27,"single","no","fixed",35,78,0,0,1500,1878,"no",0.798722044728435,25,0.320512820512821,43,"26-35","no",0
"good",0,"rent",60,44,"married","no","freelance",45,142,6000,0,1600,1725,"yes",0.927536231884058,26.6666666666667,0.187793427230047,97,"36-45","yes",0
"good",16,"owner",48,41,"married","no","fixed",45,108,9000,0,1150,1235,"no",0.931174089068826,23.9583333333333,0.221836419753086,63,"36-45","yes",0
"good",20,"owner",60,47,"married","no","fixed",90,212,11000,0,1150,1669,"no",0.689035350509287,19.1666666666667,0.0904088050314465,122,"46-55","yes",0
"bad",3,"other",60,29,"married","no","freelance",35,128,0,0,1100,1350,"no",0.814814814814815,18.3333333333333,0.143229166666667,93,"26-35","no",1
"good",23,"other",60,43,"married","no","fixed",60,155,0,0,1650,2270,"no",0.726872246696035,27.5,0.17741935483871,95,"36-45","no",0
"good",4,"owner",12,54,"married","no","fixed",75,83,3000,0,600,1468,"no",0.408719346049046,50,0.602409638554217,8,"46-55","yes",0
"good",8,"owner",60,34,"married","no","fixed",45,100,3500,0,1300,1300,"no",1,21.6666666666667,0.216666666666667,55,"26-35","yes",0
"good",15,"rent",48,33,"married","no","fixed",78,179,0,0,1150,1661,"no",0.692354003612282,23.9583333333333,0.133845437616387,101,"26-35","no",0
"good",8,"owner",36,58,"married","no","fixed",35,85,10000,0,1000,1510,"no",0.662251655629139,27.7777777777778,0.326797385620915,50,"56+","yes",0
"bad",1,"other",60,33,"single","no","partime",35,96,0,0,700,1640,"no",0.426829268292683,11.6666666666667,0.121527777777778,61,"26-35","no",1
"good",1,"owner",48,59,"married","no","others",35,37.51,6000,0,850,900,"no",0.944444444444444,17.7083333333333,0.472096329867591,2.51,"56+","yes",0
"good",0,"owner",60,64,"married","no","others",35,101,5000,0,820,1205,"no",0.680497925311203,13.6666666666667,0.135313531353135,66,"56+","yes",0
"good",5,"owner",36,66,"married","no","others",35,178,15000,0,330,837,"no",0.39426523297491,9.16666666666667,0.051498127340824,143,"56+","yes",0
"good",4,"owner",60,35,"married","no","fixed",35,85,5500,900,1500,1810,"no",0.828729281767956,25,0.294117647058824,50,"26-35","yes",0
"good",10,"parents",48,31,"married","no","fixed",35,47,8000,0,1000,1389,"no",0.719942404607631,20.8333333333333,0.443262411347518,12,"26-35","yes",0
"good",0,"rent",48,23,"single","no","fixed",44,88,0,0,1000,1529,"no",0.65402223675605,20.8333333333333,0.236742424242424,44,"18-25","no",0
"bad",5,"rent",48,22,"married","no","fixed",51,156,0,0,1500,1564,"no",0.959079283887468,31.25,0.200320512820513,105,"18-25","no",1
"good",1,"parents",60,21,"single","no","partime",35,45,0,0,400,904,"no",0.442477876106195,6.66666666666667,0.148148148148148,10,"18-25","no",0
"good",0,"owner",36,25,"married","no","fixed",45,121,3144,1751,225,375,"no",0.6,6.25,0.0516528925619835,76,"18-25","yes",0
"good",0,"owner",60,27,"married","no","fixed",35,295,6000,0,1950,2208,"no",0.883152173913043,32.5,0.110169491525424,260,"26-35","yes",0
"good",16,"owner",60,40,"married","yes","fixed",75,120,5000,2000,400,1309,"no",0.305576776165011,6.66666666666667,0.0555555555555556,45,"36-45","yes",0
"bad",4,"rent",60,38,"married","no","fixed",79,188,3000,1500,1350,1624,"no",0.83128078817734,22.5,0.11968085106383,109,"36-45","yes",1
"good",12,"rent",36,31,"married","yes","fixed",73,131,0,0,200,375,"no",0.533333333333333,5.55555555555556,0.0424088210347752,58,"26-35","no",0
"good",31,"owner",48,45,"married","no","fixed",45,181,3500,270,900,1522,"no",0.591327201051248,18.75,0.103591160220994,136,"36-45","yes",0
"good",6,"parents",60,30,"married","no","fixed",60,72,0,0,200,1083,"no",0.184672206832872,3.33333333333333,0.0462962962962963,12,"26-35","no",0
"good",5,"owner",36,39,"married","no","fixed",60,150,10000,0,1350,1758,"no",0.767918088737201,37.5,0.25,90,"36-45","yes",0
"good",14,"parents",48,31,"single","yes","fixed",35,100,0,0,800,1084,"no",0.738007380073801,16.6666666666667,0.166666666666667,65,"26-35","no",0
"bad",0,"owner",60,59,"married","no","others",35,131,12000,0,1150,1157,"no",0.993949870354365,19.1666666666667,0.146310432569975,96,"56+","yes",1
"bad",1,"owner",60,27,"married","yes","fixed",45,62,7000,4500,1650,2060,"no",0.800970873786408,27.5,0.443548387096774,17,"26-35","yes",1
"good",1,"owner",48,22,"single","yes","partime",35,125,3000,0,600,1087,"no",0.551977920883165,12.5,0.1,90,"18-25","yes",0
"good",5,"parents",36,21,"single","yes","fixed",35,62,0,0,250,375,"no",0.666666666666667,6.94444444444444,0.112007168458781,27,"18-25","no",0
"good",18,"owner",12,58,"widow","yes","fixed",75,158,6000,0,400,973,"no",0.411099691675231,33.3333333333333,0.210970464135021,83,"56+","yes",0
"good",3,"owner",36,41,"married","yes","fixed",45,270,25000,0,900,910,"no",0.989010989010989,25,0.0925925925925926,225,"36-45","yes",0
"bad",2,"priv",60,38,"married","no","partime",60,150,4000,0,1000,1270,"no",0.78740157480315,16.6666666666667,0.111111111111111,90,"36-45","yes",1
"bad",6,"owner",36,32,"married","yes","freelance",60,149,8000,3000,950,950,"no",1,26.3888888888889,0.17710663683818,89,"26-35","yes",1
"good",7,"owner",12,40,"married","no","fixed",60,225,6000,0,400,1721,"no",0.232423009877978,33.3333333333333,0.148148148148148,165,"36-45","yes",0
"good",3,"owner",60,32,"married","no","fixed",35,138,3500,0,1600,2131,"no",0.750821210699202,26.6666666666667,0.193236714975845,103,"26-35","yes",0
"good",11,"owner",24,41,"married","no","fixed",60,100,15000,0,700,1480,"no",0.472972972972973,29.1666666666667,0.291666666666667,40,"36-45","yes",0
"good",10,"rent",36,31,"married","no","fixed",90,153,0,0,200,675,"no",0.296296296296296,5.55555555555556,0.0363108206245461,63,"26-35","no",0
"good",17,"rent",12,46,"married","no","fixed",59,141,0,0,200,600,"no",0.333333333333333,16.6666666666667,0.118203309692671,82,"46-55","no",0
"good",1,"owner",48,46,"married","no","fixed",90,170,14000,0,1000,1125,"no",0.888888888888889,20.8333333333333,0.122549019607843,80,"46-55","yes",0
"bad",1,"parents",36,22,"single","no","partime",35,59,0,0,880,940,"no",0.936170212765957,24.4444444444444,0.414312617702448,24,"18-25","no",1
"bad",2,"rent",36,28,"married","no","partime",42,67,0,0,200,898,"no",0.22271714922049,5.55555555555556,0.0829187396351575,25,"26-35","no",1
"good",2,"priv",48,31,"married","no","fixed",45,65,3500,900,300,925,"no",0.324324324324324,6.25,0.0961538461538462,20,"26-35","yes",0
"good",2,"parents",36,34,"married","no","fixed",60,400,9800,0,900,1316,"no",0.683890577507599,25,0.0625,340,"26-35","yes",0
"good",20,"owner",24,54,"married","no","fixed",35,175,11500,0,500,1080,"no",0.462962962962963,20.8333333333333,0.119047619047619,140,"46-55","yes",0
"good",18,"owner",60,44,"married","no","fixed",60,110,4000,500,1300,1725,"no",0.753623188405797,21.6666666666667,0.196969696969697,50,"36-45","yes",0
"good",0,"parents",60,30,"married","no","fixed",60,128,0,0,900,975,"no",0.923076923076923,15,0.1171875,68,"26-35","no",0
"good",8,"priv",60,32,"married","no","fixed",35,95,2500,480,950,1350,"no",0.703703703703704,15.8333333333333,0.166666666666667,60,"26-35","yes",0
"good",1,"parents",24,21,"single","no","partime",45,114,2500,500,500,1154,"no",0.433275563258232,20.8333333333333,0.182748538011696,69,"18-25","yes",0
"good",3,"owner",60,29,"married","no","fixed",45,130,3500,1690,1100,1127,"no",0.976042590949423,18.3333333333333,0.141025641025641,85,"26-35","yes",0
"bad",2,"rent",60,42,"married","no","freelance",45,142,0,0,950,962,"yes",0.987525987525988,15.8333333333333,0.11150234741784,97,"36-45","no",1
"good",4,"parents",36,39,"married","no","fixed",60,100,6000,0,800,1500,"no",0.533333333333333,22.2222222222222,0.222222222222222,40,"36-45","yes",0
"good",5,"owner",36,45,"widow","no","others",35,142,6000,0,800,850,"no",0.941176470588235,22.2222222222222,0.156494522691706,107,"36-45","yes",0
"bad",18,"rent",48,53,"separated","yes","freelance",51,164,0,0,1000,1295,"no",0.772200772200772,20.8333333333333,0.127032520325203,113,"46-55","no",1
"good",1,"rent",60,28,"married","no","fixed",60,150,0,0,1350,1419,"no",0.951374207188161,22.5,0.15,90,"26-35","no",0
"good",8,"owner",24,47,"single","yes","fixed",35,320,50000,2000,300,2300,"no",0.130434782608696,12.5,0.0390625,285,"46-55","yes",0
"bad",8,"rent",12,32,"married","no","freelance",45,142,0,0,300,400,"yes",0.75,25,0.176056338028169,97,"26-35","no",1
"good",12,"owner",36,47,"married","no","fixed",60,211,3000,0,1050,1521,"no",0.690335305719921,29.1666666666667,0.138230647709321,151,"46-55","yes",0
"good",6,"owner",48,51,"married","no","freelance",35,105,4000,0,1350,1595,"no",0.846394984326019,28.125,0.267857142857143,70,"46-55","yes",0
"good",4,"owner",48,42,"married","no","fixed",35,111,3500,0,1000,1683,"no",0.5941770647653,20.8333333333333,0.187687687687688,76,"36-45","yes",0
"bad",7,"rent",60,38,"separated","yes","fixed",42,70,0,0,921,921,"no",1,15.35,0.219285714285714,28,"36-45","no",1
"good",6,"priv",48,35,"married","no","fixed",45,125,3500,1125,700,1226,"no",0.570962479608483,14.5833333333333,0.116666666666667,80,"26-35","yes",0
"bad",7,"owner",60,38,"married","yes","freelance",60,40,6000,0,1500,1610,"no",0.93167701863354,25,0.625,-20,"36-45","yes",1
"bad",2,"parents",36,19,"single","no","partime",35,45,0,0,600,790,"no",0.759493670886076,16.6666666666667,0.37037037037037,10,"18-25","no",1
"bad",2,"owner",60,54,"widow","yes","fixed",35,180,8000,0,1000,1130,"no",0.884955752212389,16.6666666666667,0.0925925925925926,145,"46-55","yes",1
"bad",2,"rent",18,25,"single","no","partime",44,85,0,0,320,425,"no",0.752941176470588,17.7777777777778,0.209150326797386,41,"18-25","no",1
"good",12,"owner",60,34,"married","no","fixed",35,187,6000,2000,500,1457,"no",0.343170899107756,8.33333333333333,0.0445632798573975,152,"26-35","yes",0
"good",1,"rent",60,21,"married","no","partime",45,100,17000,0,1050,1251,"no",0.839328537170264,17.5,0.175,55,"18-25","yes",0
"bad",25,"rent",36,55,"married","no","freelance",35,142,3000,0,500,600,"yes",0.833333333333333,13.8888888888889,0.0978090766823161,107,"46-55","yes",1
"bad",0,"rent",60,21,"married","no","freelance",35,142,16000,0,1000,1000,"yes",1,16.6666666666667,0.117370892018779,107,"18-25","yes",1
"bad",5,"owner",36,43,"married","no","others",75,192,15000,0,1500,2448,"no",0.612745098039216,41.6666666666667,0.217013888888889,117,"36-45","yes",1
"bad",5,"other",60,53,"married","no","freelance",35,142,0,0,2000,2365,"yes",0.845665961945032,33.3333333333333,0.234741784037559,107,"46-55","no",1
"bad",1,"priv",60,28,"married","no","partime",60,174,6000,720,1650,1930,"no",0.854922279792746,27.5,0.158045977011494,114,"26-35","yes",1
"bad",3,"rent",36,33,"separated","yes","freelance",45,142,0,0,375,870,"yes",0.431034482758621,10.4166666666667,0.0733568075117371,97,"26-35","no",1
"good",0,"rent",60,30,"married","no","fixed",70,100,2000,0,1150,1265,"no",0.909090909090909,19.1666666666667,0.191666666666667,30,"26-35","yes",0
"bad",3,"owner",60,22,"single","yes","freelance",35,178,9000,3000,1500,1528,"no",0.981675392670157,25,0.140449438202247,143,"18-25","yes",1
"bad",4,"rent",36,23,"married","no","fixed",46,108,0,0,315,375,"no",0.84,8.75,0.0810185185185185,62,"18-25","no",1
"good",45,"other",48,62,"married","no","fixed",45,100,0,0,450,935,"no",0.481283422459893,9.375,0.09375,55,"56+","no",0
"good",0,"owner",60,32,"married","no","freelance",60,142,5500,700,1300,1375,"yes",0.945454545454545,21.6666666666667,0.152582159624413,82,"26-35","yes",0
"good",5,"owner",36,27,"married","no","freelance",45,142,0,0,1000,1622,"yes",0.61652281134402,27.7777777777778,0.195618153364632,97,"26-35","no",0
"good",0,"owner",60,39,"married","yes","fixed",45,150,23000,4774.49999999999,1050,1625,"no",0.646153846153846,17.5,0.116666666666667,105,"36-45","yes",0
"good",0,"owner",60,34,"married","yes","partime",35,165,8000,2000,1450,1800,"no",0.805555555555556,24.1666666666667,0.146464646464646,130,"26-35","yes",0
"good",12,"owner",60,35,"married","yes","fixed",35,108,18500,1300,1550,1584,"no",0.978535353535353,25.8333333333333,0.239197530864198,73,"26-35","yes",0
"good",2,"owner",60,40,"married","no","freelance",75,67,25000,0,1800,2287,"no",0.787057280279843,30,0.447761194029851,-8,"36-45","yes",0
"bad",2,"priv",60,37,"married","yes","fixed",60,120,3000,1380,1000,1582,"no",0.632111251580278,16.6666666666667,0.138888888888889,60,"36-45","yes",1
"good",15,"owner",48,55,"married","no","freelance",45,88,15000,0,650,1243,"no",0.522928399034594,13.5416666666667,0.153882575757576,43,"46-55","yes",0
"good",30,"owner",48,56,"married","yes","fixed",45,75,6000,0,1300,1423,"no",0.913562895291637,27.0833333333333,0.361111111111111,30,"56+","yes",0
"good",1,"rent",36,36,"separated","no","fixed",65,200,0,0,900,1200,"no",0.75,25,0.125,135,"36-45","no",0
"good",42,"owner",60,60,"married","no","fixed",45,232,5000,0,1130,1275,"no",0.886274509803922,18.8333333333333,0.0811781609195402,187,"56+","yes",0
"good",10,"priv",48,28,"single","no","fixed",35,129,3500,933,1000,1529,"no",0.65402223675605,20.8333333333333,0.161498708010336,94,"26-35","yes",0
"good",1,"owner",18,40,"married","no","freelance",45,142,5000,0,300,1272,"yes",0.235849056603774,16.6666666666667,0.117370892018779,97,"36-45","yes",0
"good",5,"owner",48,21,"married","no","fixed",45,100,3000,0,800,1310,"no",0.610687022900763,16.6666666666667,0.166666666666667,55,"18-25","yes",0
"good",6,"owner",60,36,"separated","no","freelance",45,85,5000,0,1000,1341,"no",0.745712155108128,16.6666666666667,0.196078431372549,40,"36-45","yes",0
"good",6,"rent",60,40,"married","no","fixed",54,92,0,0,1000,1155,"no",0.865800865800866,16.6666666666667,0.181159420289855,38,"36-45","no",0
"good",15,"parents",60,42,"married","no","freelance",60,142,0,0,1100,1100,"yes",1,18.3333333333333,0.129107981220657,82,"36-45","no",0
"good",6,"rent",36,45,"married","no","freelance",90,142,0,0,600,1114,"yes",0.538599640933573,16.6666666666667,0.117370892018779,52,"36-45","no",0
"good",4,"rent",48,32,"married","no","fixed",56,110,0,0,800,1626,"no",0.4920049200492,16.6666666666667,0.151515151515152,54,"26-35","no",0
"good",31,"rent",60,59,"married","no","fixed",53,80,0,0,1050,1182,"no",0.888324873096447,17.5,0.21875,27,"56+","no",0
"good",14,"owner",18,48,"married","no","fixed",35,143,4000,0,250,375,"no",0.666666666666667,13.8888888888889,0.0971250971250971,108,"46-55","yes",0
"good",6,"owner",12,66,"widow","no","others",35,105,5000,0,550,1450,"no",0.379310344827586,45.8333333333333,0.436507936507937,70,"56+","yes",0
"good",15,"other",60,32,"married","no","fixed",45,88,0,0,500,1131,"no",0.442086648983201,8.33333333333333,0.0946969696969697,43,"26-35","no",0
"good",6,"priv",60,34,"married","no","fixed",45,124,1500,100,1100,1392,"no",0.790229885057471,18.3333333333333,0.147849462365591,79,"26-35","yes",0
"good",10,"owner",60,38,"married","no","fixed",45,184,6000,1000,1125,1325,"no",0.849056603773585,18.75,0.101902173913043,139,"36-45","yes",0
"good",11,"owner",60,34,"married","no","fixed",35,100,3500,0,950,1241,"no",0.765511684125705,15.8333333333333,0.158333333333333,65,"26-35","yes",0
"good",10,"owner",6,35,"married","yes","freelance",75,50,6000,1500,500,983,"no",0.508646998982706,83.3333333333333,1.66666666666667,-25,"26-35","yes",0
"good",20,"parents",60,42,"single","no","fixed",35,80,0,0,800,1520,"no",0.526315789473684,13.3333333333333,0.166666666666667,45,"36-45","no",0
"good",10,"owner",36,43,"married","no","freelance",75,292,8000,0,1800,2240,"no",0.803571428571429,50,0.171232876712329,217,"36-45","yes",0
"good",5,"rent",48,25,"married","no","fixed",55,100,0,0,549,549,"no",1,11.4375,0.114375,45,"18-25","no",0
"good",12,"priv",36,51,"married","no","fixed",45,130,4000,0,1200,1400,"no",0.857142857142857,33.3333333333333,0.256410256410256,85,"46-55","yes",0
"bad",2,"other",60,32,"married","no","partime",45,150,0,0,1450,1850,"no",0.783783783783784,24.1666666666667,0.161111111111111,105,"26-35","no",1
"good",9,"owner",48,47,"married","no","freelance",35,183,45000,1700,2500,3559.49,"no",0.70234780825343,52.0833333333333,0.284608378870674,148,"46-55","yes",0
"good",0,"other",60,21,"single","no","partime",35,95.5,4000,0,1250,1300,"yes",0.961538461538462,20.8333333333333,0.218150087260035,60.5,"18-25","yes",0
"good",9,"owner",12,26,"single","no","fixed",35,91,4000,0,1000,1776,"no",0.563063063063063,83.3333333333333,0.915750915750916,56,"26-35","yes",0
"good",16,"other",30,44,"married","no","freelance",35,107,8000,0,1300,1634,"no",0.795593635250918,43.3333333333333,0.404984423676013,72,"36-45","yes",0
"bad",2,"parents",48,27,"separated","no","partime",35,125,0,0,870,1480,"no",0.587837837837838,18.125,0.145,90,"26-35","no",1
"good",0,"owner",48,66,"married","no","others",35,45,5500,0,1250,1267,"no",0.986582478295186,26.0416666666667,0.578703703703704,10,"56+","yes",0
"good",2,"other",60,26,"married","no","freelance",35,37.51,0,0,900,1159,"no",0.776531492666091,15,0.399893361770195,2.51,"26-35","no",0
"good",3,"owner",36,49,"married","no","freelance",45,64,4000,0,400,773,"no",0.517464424320828,11.1111111111111,0.173611111111111,19,"46-55","yes",0
"good",1,"owner",48,28,"married","no","fixed",45,116,4000,1857,1100,1173,"no",0.937766410912191,22.9166666666667,0.197557471264368,71,"26-35","yes",0
"good",1,"priv",60,32,"married","no","fixed",60,140,4000,1300,1200,1410,"no",0.851063829787234,20,0.142857142857143,80,"26-35","yes",0
"good",0,"other",60,30,"single","no","partime",35,61,0,0,500,1081,"no",0.462534690101758,8.33333333333333,0.136612021857924,26,"26-35","no",0
"bad",2,"rent",60,43,"married","yes","partime",84,86,0,0,1650,1782,"no",0.925925925925926,27.5,0.319767441860465,2,"36-45","no",1
"good",13,"owner",60,41,"married","no","fixed",75,89,2000,0,1000,1274,"no",0.784929356357928,16.6666666666667,0.187265917602996,14,"36-45","yes",0
"good",14,"owner",48,32,"married","no","partime",45,165,4000,112,1300,1346,"no",0.965824665676077,27.0833333333333,0.164141414141414,120,"26-35","yes",0
"good",3,"owner",60,24,"married","no","freelance",60,67,9000,0,1300,2885,"no",0.450606585788561,21.6666666666667,0.323383084577114,7,"18-25","yes",0
"good",14,"owner",48,53,"married","no","fixed",45,95,3000,0,1060,1060,"no",1,22.0833333333333,0.232456140350877,50,"46-55","yes",0
"good",5,"owner",36,65,"single","no","others",35,121,10000,0,900,1191,"no",0.755667506297229,25,0.206611570247934,86,"56+","yes",0
"good",3,"rent",30,39,"married","no","fixed",58,128,0,0,600,1098,"no",0.546448087431694,20,0.15625,70,"36-45","no",0
"good",15,"owner",60,38,"married","no","fixed",60,90,6000,480,1100,1289,"no",0.853374709076804,18.3333333333333,0.203703703703704,30,"36-45","yes",0
"good",6,"owner",60,33,"married","yes","fixed",45,103,10000,0,1000,1658,"no",0.60313630880579,16.6666666666667,0.161812297734628,58,"26-35","yes",0
"bad",2,"rent",60,32,"married","yes","freelance",60,142,0,0,1100,1480,"yes",0.743243243243243,18.3333333333333,0.129107981220657,82,"26-35","no",1
"good",15,"owner",60,29,"single","no","fixed",35,130,5000,0,830,1000,"no",0.83,13.8333333333333,0.106410256410256,95,"26-35","yes",0
"bad",10,"owner",60,47,"separated","no","fixed",35,229,7000,0,2500,3500,"no",0.714285714285714,41.6666666666667,0.181950509461426,194,"46-55","yes",1
"good",12,"owner",36,38,"married","no","fixed",35,143,5000,1100,700,2093,"no",0.334448160535117,19.4444444444444,0.135975135975136,108,"36-45","yes",0
"bad",4,"parents",36,26,"single","yes","freelance",35,65,3500,0,1300,1475,"no",0.88135593220339,36.1111111111111,0.555555555555556,30,"26-35","yes",1
"good",15,"priv",60,33,"single","no","fixed",35,163,5000,0,1000,2244,"no",0.445632798573975,16.6666666666667,0.102249488752556,128,"26-35","yes",0
"good",14,"parents",18,29,"married","no","fixed",45,162,0,0,600,2120,"no",0.283018867924528,33.3333333333333,0.205761316872428,117,"26-35","no",0
"good",2,"owner",60,30,"married","no","partime",35,154,2500,500,1000,1725,"no",0.579710144927536,16.6666666666667,0.108225108225108,119,"26-35","yes",0
"good",9,"owner",60,47,"married","no","fixed",60,55,9500,0,600,1164,"no",0.515463917525773,10,0.181818181818182,-5,"46-55","yes",0
"bad",0,"parents",60,24,"single","no","fixed",35,53,0,0,1200,1497,"no",0.801603206412826,20,0.377358490566038,18,"18-25","no",1
"good",48,"owner",36,62,"married","no","freelance",60,142,25000,0,200,375,"yes",0.533333333333333,5.55555555555556,0.0391236306729264,82,"56+","yes",0
"good",14,"parents",24,28,"married","no","fixed",45,192,0,0,1000,1736,"no",0.576036866359447,41.6666666666667,0.217013888888889,147,"26-35","no",0
"good",3,"owner",24,41,"married","no","freelance",60,142,11000,0,800,1173,"yes",0.682011935208866,33.3333333333333,0.234741784037559,82,"36-45","yes",0
"good",14,"owner",36,36,"married","yes","fixed",75,115,11000,3600,1250,1550,"no",0.806451612903226,34.7222222222222,0.301932367149758,40,"36-45","yes",0
"good",16,"owner",60,33,"married","no","fixed",45,90,6000,0,1500,1630,"no",0.920245398773006,25,0.277777777777778,45,"26-35","yes",0
"bad",29,"owner",60,52,"married","no","partime",45,175,2500,0,1186,1286,"no",0.922239502332815,19.7666666666667,0.112952380952381,130,"46-55","yes",1
"good",3,"owner",60,36,"married","yes","freelance",35,60,2500,0,2300,2965,"no",0.775716694772344,38.3333333333333,0.638888888888889,25,"36-45","yes",0
"good",6,"owner",48,28,"married","no","fixed",45,114,3500,0,650,1255,"no",0.51792828685259,13.5416666666667,0.118786549707602,69,"26-35","yes",0
"good",47,"owner",48,61,"married","no","fixed",35,110,5500,30,1200,1200,"no",1,25,0.227272727272727,75,"56+","yes",0
"good",14,"owner",60,34,"married","no","fixed",45,130,4000,0,1100,1654,"no",0.665054413542926,18.3333333333333,0.141025641025641,85,"26-35","yes",0
"bad",5,"parents",48,23,"single","no","partime",35,92,0,0,1200,1200,"no",1,25,0.271739130434783,57,"18-25","no",1
"bad",1,"owner",36,41,"single","yes","freelance",35,142,15000,0,1500,2500,"yes",0.6,41.6666666666667,0.293427230046948,107,"36-45","yes",1
"good",6,"other",36,23,"single","no","fixed",35,68,0,0,600,1271,"no",0.4720692368214,16.6666666666667,0.245098039215686,33,"18-25","no",0
"good",4,"parents",60,24,"married","no","fixed",35,130,0,0,800,897,"no",0.891861761426979,13.3333333333333,0.102564102564103,95,"18-25","no",0
"good",1,"owner",12,61,"married","no","others",45,103,20000,0,300,650,"no",0.461538461538462,25,0.242718446601942,58,"56+","yes",0
"good",8,"priv",60,45,"married","no","freelance",75,200,35000,0,800,1270,"no",0.62992125984252,13.3333333333333,0.0666666666666667,125,"36-45","yes",0
"good",6,"parents",60,30,"separated","no","fixed",45,170,0,0,750,1674,"no",0.448028673835125,12.5,0.0735294117647059,125,"26-35","no",0
"good",6,"parents",60,26,"single","yes","fixed",35,270,0,0,1800,1921,"no",0.937011972930765,30,0.111111111111111,235,"26-35","no",0
"good",15,"owner",60,34,"married","no","fixed",45,82,3500,0,750,1624,"no",0.461822660098522,12.5,0.152439024390244,37,"26-35","yes",0
"good",17,"rent",24,50,"married","no","freelance",68,79,1000,0,1000,3559.49,"no",0.280939123301372,41.6666666666667,0.527426160337553,11,"46-55","yes",0
"bad",6,"rent",60,45,"married","no","fixed",59,139,0,0,1350,1612,"no",0.837468982630273,22.5,0.161870503597122,80,"36-45","no",1
"good",18,"owner",60,51,"married","no","fixed",60,205,8000,0,1100,1350,"no",0.814814814814815,18.3333333333333,0.0894308943089431,145,"46-55","yes",0
"good",15,"owner",48,29,"married","yes","fixed",35,100,8500,1300,500,873,"no",0.572737686139748,10.4166666666667,0.104166666666667,65,"26-35","yes",0
"good",0,"owner",24,20,"single","no","partime",45,188,2000,1500,300,375,"no",0.8,12.5,0.0664893617021277,143,"18-25","yes",0
"good",2,"owner",48,55,"married","no","others",35,135,8000,0,800,800,"no",1,16.6666666666667,0.123456790123457,100,"46-55","yes",0
"bad",6,"rent",48,37,"single","no","fixed",55,200,0,0,1450,1650,"no",0.878787878787879,30.2083333333333,0.151041666666667,145,"36-45","no",1
"good",23,"rent",60,43,"married","no","fixed",54,92,3000,0,1080,1222,"no",0.88379705400982,18,0.195652173913043,38,"36-45","yes",0
"good",3,"owner",24,32,"married","no","fixed",45,120,5000,0,800,1023,"no",0.782013685239492,33.3333333333333,0.277777777777778,75,"26-35","yes",0
"good",18,"owner",60,42,"married","no","fixed",45,172,3500,0,1850,2034,"no",0.909537856440511,30.8333333333333,0.179263565891473,127,"36-45","yes",0
"good",0,"parents",60,21,"single","no","freelance",35,44,0,0,1200,1311,"no",0.91533180778032,20,0.454545454545455,9,"18-25","no",0
"good",3,"rent",60,30,"married","no","fixed",77,169,0,0,1500,2037,"no",0.736377025036819,25,0.14792899408284,92,"26-35","no",0
"bad",0,"priv",6,22,"single","yes","partime",35,115,1000,0,250,800,"no",0.3125,41.6666666666667,0.36231884057971,80,"18-25","yes",1
"good",15,"owner",24,41,"married","yes","partime",45,180,6000,0,700,1888,"no",0.370762711864407,29.1666666666667,0.162037037037037,135,"36-45","yes",0
"good",15,"owner",48,55,"married","no","freelance",35,142,14500,0,2000,2848,"yes",0.702247191011236,41.6666666666667,0.293427230046948,107,"46-55","yes",0
"bad",12,"rent",60,30,"single","yes","fixed",44,86,0,0,1300,1380,"no",0.942028985507246,21.6666666666667,0.251937984496124,42,"26-35","no",1
"good",15,"rent",48,45,"married","no","fixed",88,130,3000,0,1300,1591,"no",0.817096165933375,27.0833333333333,0.208333333333333,42,"36-45","yes",0
"good",2,"rent",60,29,"married","no","fixed",80,200,0,0,1250,1250,"no",1,20.8333333333333,0.104166666666667,120,"26-35","no",0
"good",14,"owner",36,39,"married","no","fixed",60,167,5000,0,1350,1355,"no",0.996309963099631,37.5,0.224550898203593,107,"36-45","yes",0
"good",4,"owner",36,26,"married","no","fixed",35,100,6500,3900,500,500,"no",1,13.8888888888889,0.138888888888889,65,"26-35","yes",0
"good",1,"priv",60,22,"single","no","partime",35,73,4500,4300,1000,1485,"no",0.673400673400673,16.6666666666667,0.228310502283105,38,"18-25","yes",0
"bad",4,"rent",60,53,"widow","no","others",37,37.51,20000,0,1300,1498,"no",0.867823765020027,21.6666666666667,0.57762374477917,0.509999999999998,"46-55","yes",1
"good",2,"owner",36,37,"married","no","fixed",60,83,3500,0,310,1119,"no",0.277033065236819,8.61111111111111,0.103748326639893,23,"36-45","yes",0
"bad",1,"rent",36,28,"married","yes","fixed",47,122,0,0,950,1100,"no",0.863636363636364,26.3888888888889,0.216302367941712,75,"26-35","no",1
"good",15,"other",36,39,"separated","no","fixed",45,116,4000,0,600,1196,"no",0.501672240802676,16.6666666666667,0.14367816091954,71,"36-45","yes",0
"good",4,"owner",60,25,"single","no","freelance",35,100,25000,0,2250,2270,"no",0.991189427312775,37.5,0.375,65,"18-25","yes",0
"bad",3,"parents",60,27,"single","yes","fixed",35,117,0,0,1500,2190,"no",0.684931506849315,25,0.213675213675214,82,"26-35","no",1
"good",6,"owner",60,35,"married","no","fixed",60,135,4500,1000,1658,1675,"no",0.989850746268657,27.6333333333333,0.204691358024691,75,"26-35","yes",0
"good",16,"parents",48,31,"single","yes","fixed",35,72,0,0,850,1228,"no",0.692182410423453,17.7083333333333,0.245949074074074,37,"26-35","no",0
"good",5,"owner",60,41,"married","no","fixed",60,266,14800,0,2500,2600,"no",0.961538461538462,41.6666666666667,0.156641604010025,206,"36-45","yes",0
"good",31,"owner",60,58,"married","no","fixed",60,293,8000,0,1500,1655,"no",0.906344410876133,25,0.0853242320819113,233,"56+","yes",0
"good",38,"owner",24,56,"married","yes","fixed",75,98,7000,0,300,1308,"no",0.229357798165138,12.5,0.127551020408163,23,"56+","yes",0
"good",1,"parents",60,26,"single","no","fixed",35,57,0,0,1200,1512,"no",0.793650793650794,20,0.350877192982456,22,"26-35","no",0
"good",17,"owner",60,44,"married","no","fixed",45,116,3000,0,800,1654,"no",0.483675937122128,13.3333333333333,0.114942528735632,71,"36-45","yes",0
"good",17,"rent",60,52,"married","no","fixed",65,200,0,0,1400,1407,"no",0.995024875621891,23.3333333333333,0.116666666666667,135,"46-55","no",0
"good",22,"owner",60,54,"married","no","fixed",35,104,3000,0,1050,1282,"no",0.819032761310452,17.5,0.168269230769231,69,"46-55","yes",0
"bad",11,"other",60,48,"married","no","fixed",75,225,0,0,1300,1550,"no",0.838709677419355,21.6666666666667,0.0962962962962963,150,"46-55","no",1
"good",5,"owner",18,28,"married","no","fixed",35,141,5500,0,650,1258,"no",0.516693163751987,36.1111111111111,0.256107171000788,106,"26-35","yes",0
"bad",1,"rent",36,37,"married","no","partime",75,145,0,0,1100,1871,"no",0.587920897915553,30.5555555555556,0.210727969348659,70,"36-45","no",1
"bad",1,"parents",48,36,"married","no","partime",60,45,0,0,1200,1401,"no",0.856531049250535,25,0.555555555555556,-15,"36-45","no",1
"good",14,"rent",60,38,"married","no","fixed",75,146,0,0,1350,1413,"no",0.955414012738854,22.5,0.154109589041096,71,"36-45","no",0
"good",0,"parents",60,34,"married","no","fixed",45,225,8000,2300,800,1850,"no",0.432432432432432,13.3333333333333,0.0592592592592593,180,"26-35","yes",0
"good",20,"owner",48,60,"married","no","freelance",35,142,12000,0,500,1154,"no",0.433275563258232,10.4166666666667,0.0733568075117371,107,"56+","yes",0
"good",7,"owner",60,53,"married","no","fixed",45,161,6000,2000,1000,1460,"no",0.684931506849315,16.6666666666667,0.10351966873706,116,"46-55","yes",0
"good",2,"parents",12,26,"single","no","fixed",35,105,0,0,360,1258,"no",0.286168521462639,30,0.285714285714286,70,"26-35","no",0
"good",5,"owner",60,49,"married","no","fixed",35,121,3000,0,1200,1642,"no",0.730816077953715,20,0.165289256198347,86,"46-55","yes",0
"bad",4,"rent",60,37,"single","yes","fixed",79,428.98,0,0,1500,1550,"no",0.967741935483871,25,0.0582777751876545,349.98,"36-45","no",1
"good",0,"owner",24,30,"married","no","partime",60,76,4500,0,400,450,"no",0.888888888888889,16.6666666666667,0.219298245614035,16,"26-35","yes",0
"bad",0,"parents",12,23,"single","no","partime",35,37.51,2500,0,200,375,"no",0.533333333333333,16.6666666666667,0.444325957522439,2.51,"18-25","yes",1
"good",15,"owner",60,53,"married","no","freelance",45,148,6000,0,1000,1330,"no",0.75187969924812,16.6666666666667,0.112612612612613,103,"46-55","yes",0
"good",2,"parents",60,24,"single","no","freelance",35,214,7000,2400,2000,2570,"no",0.778210116731518,33.3333333333333,0.155763239875389,179,"18-25","yes",0
"good",1,"owner",48,35,"married","no","freelance",90,174,11900,0,900,1220,"no",0.737704918032787,18.75,0.107758620689655,84,"26-35","yes",0
"good",0,"owner",60,49,"married","no","fixed",60,400,5000,0,1200,1283,"no",0.935307872174591,20,0.05,340,"46-55","yes",0
"good",4,"priv",60,37,"married","no","freelance",75,120,10500,1500,1200,1341,"no",0.894854586129754,20,0.166666666666667,45,"36-45","yes",0
"bad",11,"rent",48,53,"married","yes","fixed",81,210,0,0,1260,1538,"no",0.81924577373212,26.25,0.125,129,"46-55","no",1
"bad",0,"rent",36,33,"married","yes","partime",76,155,0,0,440,440,"no",1,12.2222222222222,0.0788530465949821,79,"26-35","no",1
"good",2,"parents",48,22,"single","no","fixed",35,185,0,0,1000,2130,"no",0.469483568075117,20.8333333333333,0.112612612612613,150,"18-25","no",0
"good",3,"rent",36,23,"single","no","fixed",59,244,3100,0,700,1199,"no",0.583819849874896,19.4444444444444,0.0796903460837887,185,"18-25","yes",0
"bad",7,"rent",60,39,"married","no","fixed",103,130,0,0,950,1215,"no",0.781893004115226,15.8333333333333,0.121794871794872,27,"36-45","no",1
"good",12,"owner",60,28,"married","no","fixed",45,167,3000,1750,250,1188,"no",0.21043771043771,4.16666666666667,0.0249500998003992,122,"26-35","yes",0
"good",15,"rent",36,36,"married","no","fixed",60,145,0,0,900,1621,"no",0.555212831585441,25,0.172413793103448,85,"36-45","no",0
"good",0,"parents",60,21,"single","no","others",35,149,3000,0,1400,1829,"no",0.765445598687808,23.3333333333333,0.156599552572707,114,"18-25","yes",0
"bad",0,"owner",60,33,"separated","no","partime",35,78,0,0,1030,1197,"no",0.860484544695071,17.1666666666667,0.22008547008547,43,"26-35","no",1
"good",8,"rent",60,56,"married","no","fixed",62,266,5000,0,1000,1149,"no",0.870322019147084,16.6666666666667,0.06265664160401,204,"56+","yes",0
"bad",2,"parents",24,35,"married","no","fixed",45,175,0,0,1000,2393,"no",0.417885499373172,41.6666666666667,0.238095238095238,130,"26-35","no",1
"good",23,"owner",36,41,"married","no","fixed",60,169,37000,180,1000,1457,"no",0.686341798215511,27.7777777777778,0.164365548980934,109,"36-45","yes",0
"good",28,"owner",36,46,"married","no","fixed",75,170,6000,0,750,800,"no",0.9375,20.8333333333333,0.122549019607843,95,"46-55","yes",0
"good",16,"owner",36,55,"married","no","fixed",35,140,6000,0,1100,2136,"no",0.51498127340824,30.5555555555556,0.218253968253968,105,"46-55","yes",0
"good",7,"owner",60,44,"married","no","fixed",90,271,11000,4774.49999999999,800,945,"no",0.846560846560847,13.3333333333333,0.04920049200492,181,"36-45","yes",0
"good",2,"parents",48,25,"single","no","fixed",35,91,0,0,900,1763,"no",0.510493477027794,18.75,0.206043956043956,56,"18-25","no",0
"good",20,"rent",60,54,"married","no","fixed",43,75,0,0,800,1263,"no",0.63341250989707,13.3333333333333,0.177777777777778,32,"46-55","no",0
"bad",0,"other",30,21,"single","no","partime",35,162,0,0,400,400,"no",1,13.3333333333333,0.0823045267489712,127,"18-25","no",1
"good",10,"parents",48,28,"single","no","fixed",35,135,6000,0,1500,2164,"no",0.693160813308688,31.25,0.231481481481481,100,"26-35","yes",0
"good",5,"parents",12,32,"married","no","freelance",35,147,0,0,300,750,"no",0.4,25,0.170068027210884,112,"26-35","no",0
"bad",2,"owner",36,30,"single","no","freelance",35,177,6500,2300,1750,2750,"no",0.636363636363636,48.6111111111111,0.274639045825487,142,"26-35","yes",1
"good",7,"other",24,30,"single","no","fixed",35,102,0,0,400,1541,"no",0.259571706683971,16.6666666666667,0.163398692810458,67,"26-35","no",0
"good",1,"parents",60,21,"single","no","fixed",35,200,0,0,900,1088,"no",0.827205882352941,15,0.075,165,"18-25","no",0
"good",14,"other",60,30,"married","no","fixed",45,130,0,0,1500,2414,"no",0.621375310687655,25,0.192307692307692,85,"26-35","no",0
"bad",0,"other",60,26,"married","no","partime",45,150,5000,0,1300,1429,"no",0.909727081875437,21.6666666666667,0.144444444444444,105,"26-35","yes",1
"good",3,"owner",60,38,"married","no","fixed",75,125,9000,0,1250,1415,"no",0.88339222614841,20.8333333333333,0.166666666666667,50,"36-45","yes",0
"good",15,"owner",60,32,"married","no","fixed",45,108,4500,0,1100,1213,"no",0.90684253915911,18.3333333333333,0.169753086419753,63,"26-35","yes",0
"good",10,"rent",30,51,"married","no","fixed",60,150,0,0,1300,1378,"no",0.943396226415094,43.3333333333333,0.288888888888889,90,"46-55","no",0
"good",4,"owner",36,38,"married","no","freelance",35,142,4000,0,800,970,"no",0.824742268041237,22.2222222222222,0.156494522691706,107,"36-45","yes",0
"good",0,"rent",60,30,"married","no","fixed",64,188,0,0,1400,1475,"no",0.949152542372881,23.3333333333333,0.124113475177305,124,"26-35","no",0
"good",0,"parents",48,27,"single","no","partime",35,140,0,0,700,750,"no",0.933333333333333,14.5833333333333,0.104166666666667,105,"26-35","no",0
"good",2,"owner",36,60,"married","no","fixed",35,122,3000,0,825,900,"no",0.916666666666667,22.9166666666667,0.187841530054645,87,"56+","yes",0
"good",14,"owner",48,48,"married","no","fixed",45,112,6000,0,800,1037,"no",0.77145612343298,16.6666666666667,0.148809523809524,67,"46-55","yes",0
"bad",2,"parents",60,22,"single","yes","fixed",35,110,0,0,1360,1435,"no",0.947735191637631,22.6666666666667,0.206060606060606,75,"18-25","no",1
"good",3,"owner",36,47,"married","no","freelance",60,106,10000,0,800,1649,"no",0.485142510612492,22.2222222222222,0.209643605870021,46,"46-55","yes",0
"good",32,"owner",48,46,"married","no","fixed",45,150,8000,0,1000,1093,"no",0.914913083257091,20.8333333333333,0.138888888888889,105,"46-55","yes",0
"bad",1,"other",48,27,"single","yes","partime",35,105,0,0,1300,1533,"no",0.848010437051533,27.0833333333333,0.257936507936508,70,"26-35","no",1
"good",14,"owner",48,41,"married","yes","fixed",75,72,4000,0,800,1117,"no",0.716204118173679,16.6666666666667,0.231481481481482,-3,"36-45","yes",0
"good",13,"owner",48,45,"married","no","fixed",45,106,4000,0,400,1615,"no",0.247678018575851,8.33333333333333,0.0786163522012579,61,"36-45","yes",0
"good",16,"owner",12,56,"married","no","freelance",45,65,17000,0,650,1665,"no",0.39039039039039,54.1666666666667,0.833333333333333,20,"56+","yes",0
"bad",7,"priv",60,36,"married","yes","fixed",60,300,7000,0,2000,2485,"no",0.804828973843058,33.3333333333333,0.111111111111111,240,"36-45","yes",1
"bad",14,"rent",60,41,"married","no","fixed",54,92,0,0,1450,1482,"no",0.978407557354926,24.1666666666667,0.26268115942029,38,"36-45","no",1
"good",14,"priv",24,54,"married","no","fixed",45,100,9000,0,650,1150,"no",0.565217391304348,27.0833333333333,0.270833333333333,55,"46-55","yes",0
"good",15,"owner",60,38,"married","no","fixed",45,118,4000,2600,1250,1616,"no",0.773514851485149,20.8333333333333,0.176553672316384,73,"36-45","yes",0
"bad",11,"rent",60,38,"married","no","fixed",82,71,0,0,900,977,"no",0.921187308085977,15,0.211267605633803,-11,"36-45","no",1
"good",4,"owner",48,35,"married","no","freelance",60,142,8000,0,1000,1613,"yes",0.619962802231866,20.8333333333333,0.146713615023474,82,"26-35","yes",0
"good",2,"parents",60,24,"single","no","fixed",35,101,0,0,1600,1600,"no",1,26.6666666666667,0.264026402640264,66,"18-25","no",0
"good",3,"owner",60,30,"married","no","fixed",60,164,4500,0,800,975,"no",0.82051282051282,13.3333333333333,0.0813008130081301,104,"26-35","yes",0
"good",1,"owner",60,30,"single","yes","freelance",35,57,4000,2100,1500,1950,"no",0.769230769230769,25,0.43859649122807,22,"26-35","yes",0
"good",20,"owner",48,53,"married","no","freelance",35,142,6000,0,1157,1200,"yes",0.964166666666667,24.1041666666667,0.16974765258216,107,"46-55","yes",0
"good",20,"owner",60,46,"married","no","fixed",35,140,9000,0,800,1300,"no",0.615384615384615,13.3333333333333,0.0952380952380952,105,"46-55","yes",0
"good",22,"owner",48,40,"married","no","fixed",45,180,3000,0,1200,2206,"no",0.543970988213962,25,0.138888888888889,135,"36-45","yes",0
"good",3,"parents",18,24,"single","no","fixed",35,80,0,0,200,375,"no",0.533333333333333,11.1111111111111,0.138888888888889,45,"18-25","no",0
"bad",11,"owner",48,36,"married","yes","fixed",35,81,5000,2000,570,1177,"no",0.48428207306712,11.875,0.146604938271605,46,"36-45","yes",1
"good",1,"other",24,24,"single","no","fixed",35,114,0,0,400,550,"no",0.727272727272727,16.6666666666667,0.146198830409357,79,"18-25","no",0
"good",9,"owner",60,39,"married","no","fixed",35,350,8000,0,1250,1304,"no",0.958588957055215,20.8333333333333,0.0595238095238095,315,"36-45","yes",0
"bad",0,"other",60,32,"single","no","fixed",35,73,3000,0,1580,1785,"no",0.88515406162465,26.3333333333333,0.360730593607306,38,"26-35","yes",1
"good",10,"owner",60,37,"married","yes","freelance",60,107,20000,600,1000,1175,"no",0.851063829787234,16.6666666666667,0.155763239875389,47,"36-45","yes",0
"good",22,"owner",60,42,"married","yes","fixed",45,120,5000,0,1350,1650,"no",0.818181818181818,22.5,0.1875,75,"36-45","yes",0
"good",5,"rent",48,48,"married","yes","fixed",46,110,0,0,600,1100,"no",0.545454545454545,12.5,0.113636363636364,64,"46-55","no",0
"bad",0,"owner",60,42,"married","yes","partime",35,130,7000,3000,950,950,"no",1,15.8333333333333,0.121794871794872,95,"36-45","yes",1
"bad",3,"rent",48,25,"married","yes","freelance",35,142,0,0,1300,1361,"yes",0.955180014695077,27.0833333333333,0.190727699530516,107,"18-25","no",1
"good",8,"owner",60,42,"single","no","fixed",35,96,2500,0,1500,1520,"no",0.986842105263158,25,0.260416666666667,61,"36-45","yes",0
"good",23,"owner",24,47,"married","no","fixed",35,114,3000,0,400,765,"no",0.522875816993464,16.6666666666667,0.146198830409357,79,"46-55","yes",0
"good",6,"rent",36,24,"married","no","fixed",63,175,0,0,650,750,"no",0.866666666666667,18.0555555555556,0.103174603174603,112,"18-25","no",0
"bad",5,"owner",60,39,"single","yes","freelance",75,72,3000,0,1000,1042,"no",0.959692898272553,16.6666666666667,0.231481481481482,-3,"36-45","yes",1
"good",6,"parents",18,27,"single","no","freelance",35,140,0,0,600,2724,"no",0.220264317180617,33.3333333333333,0.238095238095238,105,"26-35","no",0
"good",7,"rent",36,49,"married","no","fixed",57,115,0,0,675,675,"no",1,18.75,0.16304347826087,58,"46-55","no",0
"bad",1,"other",36,23,"single","no","partime",35,66,0,0,450,500,"no",0.9,12.5,0.189393939393939,31,"18-25","no",1
"good",5,"owner",60,32,"married","no","fixed",35,124,4000,0,2000,3400,"no",0.588235294117647,33.3333333333333,0.268817204301075,89,"26-35","yes",0
"bad",26,"priv",60,41,"separated","yes","fixed",35,201,4700,3100,2400,2700,"no",0.888888888888889,40,0.199004975124378,166,"36-45","yes",1
"bad",1,"parents",60,20,"single","no","partime",35,80,0,0,1300,1525,"no",0.852459016393443,21.6666666666667,0.270833333333333,45,"18-25","no",1
"good",5,"priv",60,31,"married","no","fixed",35,90,3000,0,900,1152,"no",0.78125,15,0.166666666666667,55,"26-35","yes",0
"good",22,"owner",48,48,"married","no","fixed",60,110,3000,0,1000,1460,"no",0.684931506849315,20.8333333333333,0.189393939393939,50,"46-55","yes",0
"good",20,"owner",36,49,"married","no","fixed",45,122,9000,0,1100,1794,"no",0.613154960981048,30.5555555555556,0.250455373406193,77,"46-55","yes",0
"good",7,"owner",60,35,"married","yes","fixed",45,315,10000,4000,2400,2432,"no",0.986842105263158,40,0.126984126984127,270,"26-35","yes",0
"good",1,"rent",36,27,"single","no","fixed",62,270,0,0,600,825,"no",0.727272727272727,16.6666666666667,0.0617283950617284,208,"26-35","no",0
"good",7,"parents",24,40,"married","no","fixed",60,200,10000,0,1000,3429,"no",0.291630212890055,41.6666666666667,0.208333333333333,140,"36-45","yes",0
"bad",5,"other",24,25,"married","no","fixed",60,126,0,0,500,750,"yes",0.666666666666667,20.8333333333333,0.165343915343915,66,"18-25","no",1
"good",7,"priv",60,32,"married","no","fixed",60,242,3500,2000,1000,2236,"no",0.447227191413238,16.6666666666667,0.068870523415978,182,"26-35","yes",0
"good",16,"owner",48,48,"married","no","freelance",35,364,5000,0,900,1077,"no",0.835654596100279,18.75,0.051510989010989,329,"46-55","yes",0
"good",5,"owner",24,38,"married","no","freelance",60,182,5000,0,1250,2724,"no",0.458883994126285,52.0833333333333,0.286172161172161,122,"36-45","yes",0
"good",3,"owner",12,24,"single","yes","fixed",35,105,6000,0,500,1138,"no",0.439367311072056,41.6666666666667,0.396825396825397,70,"18-25","yes",0
"good",0,"owner",12,36,"married","no","freelance",45,142,8000,0,1300,1591,"yes",0.817096165933375,108.333333333333,0.762910798122066,97,"36-45","yes",0
"good",16,"owner",48,40,"married","no","fixed",60,225,20000,3000,700,834,"no",0.839328537170264,14.5833333333333,0.0648148148148148,165,"36-45","yes",0
"good",17,"other",48,62,"single","no","fixed",35,100,0,0,900,1000,"no",0.9,18.75,0.1875,65,"56+","no",0
"bad",0,"rent",60,33,"married","no","partime",54,85,0,0,1300,1797,"no",0.723427935447969,21.6666666666667,0.254901960784314,31,"26-35","no",1
"good",0,"owner",48,63,"married","no","others",35,100,6000,2900,1000,1439,"no",0.694927032661571,20.8333333333333,0.208333333333333,65,"56+","yes",0
"good",8,"owner",60,51,"married","no","fixed",45,250,4000,0,1000,1250,"no",0.8,16.6666666666667,0.0666666666666667,205,"46-55","yes",0
"bad",3,"rent",60,22,"married","no","fixed",60,150,0,0,950,1945,"no",0.488431876606684,15.8333333333333,0.105555555555556,90,"18-25","no",1
"good",6,"owner",24,39,"married","no","freelance",60,178,18000,0,1000,2099,"no",0.476417341591234,41.6666666666667,0.234082397003745,118,"36-45","yes",0
"good",20,"owner",60,63,"married","no","fixed",45,256,7000,0,1000,1500,"no",0.666666666666667,16.6666666666667,0.0651041666666667,211,"56+","yes",0
"good",16,"priv",48,34,"married","no","fixed",60,85,2000,0,800,1866,"no",0.428724544480171,16.6666666666667,0.196078431372549,25,"26-35","yes",0
"good",0,"owner",60,24,"single","no","others",35,82,10000,0,1600,1680,"no",0.952380952380952,26.6666666666667,0.32520325203252,47,"18-25","yes",0
"good",5,"owner",36,52,"married","no","fixed",35,220,12000,4774.49999999999,1250,1542,"no",0.810635538261997,34.7222222222222,0.157828282828283,185,"46-55","yes",0
"bad",1,"owner",36,45,"married","yes","freelance",75,142,4000,0,800,800,"yes",1,22.2222222222222,0.156494522691706,67,"36-45","yes",1
"good",1,"parents",36,20,"single","no","fixed",35,61,0,0,800,995,"no",0.804020100502513,22.2222222222222,0.364298724954463,26,"18-25","no",0
"bad",5,"rent",60,31,"married","yes","fixed",69,88,0,0,1200,1200,"no",1,20,0.227272727272727,19,"26-35","no",1
"bad",15,"other",60,46,"married","yes","freelance",35,244,8000,0,2250,2758,"no",0.815808556925308,37.5,0.153688524590164,209,"46-55","yes",1
"good",2,"owner",36,24,"married","yes","fixed",35,160,3100,400,800,1928,"no",0.4149377593361,22.2222222222222,0.138888888888889,125,"18-25","yes",0
"good",1,"rent",36,46,"married","no","fixed",57,119,0,0,600,800,"no",0.75,16.6666666666667,0.140056022408964,62,"46-55","no",0
"bad",18,"rent",24,35,"married","no","partime",96,63,0,0,600,888,"no",0.675675675675676,25,0.396825396825397,-33,"26-35","no",1
"good",20,"owner",36,48,"married","no","fixed",45,257,3000,0,900,1193,"no",0.754400670578374,25,0.0972762645914397,212,"46-55","yes",0
"good",10,"rent",18,34,"divorced","no","fixed",54,189,0,0,800,2215,"no",0.36117381489842,44.4444444444444,0.235155790711346,135,"26-35","no",0
"bad",11,"rent",24,38,"married","yes","fixed",72,123,0,0,270,1676,"no",0.16109785202864,11.25,0.0914634146341463,51,"36-45","no",1
"bad",0,"parents",60,36,"single","no","fixed",35,130,0,0,1600,1678,"no",0.953516090584029,26.6666666666667,0.205128205128205,95,"36-45","no",1
"bad",1,"rent",60,22,"single","no","fixed",46,113,0,0,1600,1989,"no",0.804424333836099,26.6666666666667,0.23598820058997,67,"18-25","no",1
"good",36,"owner",60,55,"married","no","fixed",45,102,12000,0,2000,2684,"no",0.745156482861401,33.3333333333333,0.326797385620915,57,"46-55","yes",0
"good",2,"priv",24,51,"married","no","freelance",45,142,10500,0,600,943,"yes",0.63626723223754,25,0.176056338028169,97,"46-55","yes",0
"good",11,"rent",18,28,"married","yes","freelance",64,190,2000,0,700,1224,"no",0.571895424836601,38.8888888888889,0.204678362573099,126,"26-35","yes",0
"good",8,"owner",36,31,"married","no","fixed",45,110,5000,2000,540,1102,"no",0.490018148820327,15,0.136363636363636,65,"26-35","yes",0
"good",2,"owner",36,28,"married","no","fixed",45,80,2000,0,550,1572,"no",0.349872773536896,15.2777777777778,0.190972222222222,35,"26-35","yes",0
"good",4,"rent",36,38,"married","no","fixed",55,98,0,0,350,850,"no",0.411764705882353,9.72222222222222,0.0992063492063492,43,"36-45","no",0
"good",3,"owner",24,43,"married","no","freelance",75,142,3000,0,650,1548,"yes",0.419896640826873,27.0833333333333,0.190727699530516,67,"36-45","yes",0
"good",4,"owner",60,32,"married","no","fixed",60,147,3500,0,830,935,"no",0.887700534759358,13.8333333333333,0.0941043083900227,87,"26-35","yes",0
"good",3,"owner",60,38,"single","no","fixed",35,250,5000,0,1500,1934,"no",0.77559462254395,25,0.1,215,"36-45","yes",0
"bad",1,"parents",48,18,"single","no","partime",45,95,4000,0,600,1472,"no",0.407608695652174,12.5,0.131578947368421,50,"18-25","yes",1
"good",16,"owner",36,55,"married","yes","fixed",60,230,5000,0,1200,1460,"no",0.821917808219178,33.3333333333333,0.144927536231884,170,"46-55","yes",0
"good",1,"owner",18,38,"married","no","others",35,93,4000,0,480,1059,"yes",0.453257790368272,26.6666666666667,0.28673835125448,58,"36-45","yes",0
"good",12,"owner",36,38,"married","no","fixed",60,130,5000,0,700,950,"no",0.736842105263158,19.4444444444444,0.14957264957265,70,"36-45","yes",0
"good",18,"owner",60,48,"married","no","fixed",45,104,5500,25,800,1021,"no",0.783545543584721,13.3333333333333,0.128205128205128,59,"46-55","yes",0
"good",3,"priv",18,23,"single","no","others",35,93,12000,0,450,1450,"yes",0.310344827586207,25,0.268817204301075,58,"18-25","yes",0
"good",10,"owner",48,50,"married","no","freelance",45,128,11500,0,500,1195,"no",0.418410041841004,10.4166666666667,0.0813802083333333,83,"46-55","yes",0
"good",14,"owner",60,43,"married","no","fixed",60,120,5000,0,1250,1557,"no",0.802825947334618,20.8333333333333,0.173611111111111,60,"36-45","yes",0
"bad",2,"parents",36,26,"single","no","freelance",35,66,0,0,750,865,"no",0.867052023121387,20.8333333333333,0.315656565656566,31,"26-35","no",1
"good",7,"owner",36,23,"married","no","fixed",35,247,5000,400,1500,1785,"no",0.840336134453782,41.6666666666667,0.168690958164642,212,"18-25","yes",0
"good",5,"owner",36,38,"married","no","freelance",60,63,4000,0,1050,1443,"no",0.727650727650728,29.1666666666667,0.462962962962963,3,"36-45","yes",0
"bad",5,"owner",48,39,"married","yes","freelance",60,66,10000,0,875,875,"no",1,18.2291666666667,0.276199494949495,6,"36-45","yes",1
"good",27,"owner",18,48,"married","no","freelance",35,70,5000,0,800,1578,"no",0.506970849176172,44.4444444444444,0.634920634920635,35,"46-55","yes",0
"good",3,"rent",36,30,"married","yes","freelance",59,140,0,0,1300,2115,"no",0.614657210401891,36.1111111111111,0.257936507936508,81,"26-35","no",0
"good",2,"priv",48,30,"married","yes","fixed",45,178,5000,0,1150,1627,"no",0.706822372464659,23.9583333333333,0.134597378277154,133,"26-35","yes",0
"good",10,"other",60,48,"married","no","fixed",35,203,4000,1500,1520,1636,"no",0.929095354523227,25.3333333333333,0.124794745484401,168,"46-55","yes",0
"good",16,"owner",6,41,"married","no","fixed",75,87,3000,0,200,625,"no",0.32,33.3333333333333,0.383141762452107,12,"36-45","yes",0
"good",15,"owner",60,39,"married","no","freelance",60,428.98,40000,0,1500,3559.49,"no",0.421408684952058,25,0.0582777751876545,368.98,"36-45","yes",0
"bad",14,"owner",36,33,"single","no","freelance",35,142,4000,1500,700,1700,"yes",0.411764705882353,19.4444444444444,0.136932707355243,107,"26-35","yes",1
"good",4,"parents",60,25,"married","no","freelance",35,95,25000,0,1650,1900,"no",0.868421052631579,27.5,0.289473684210526,60,"18-25","yes",0
"good",3,"parents",36,20,"single","yes","fixed",35,55,0,0,600,1625,"no",0.369230769230769,16.6666666666667,0.303030303030303,20,"18-25","no",0
"good",2,"parents",36,28,"single","no","fixed",35,140,1000,0,1000,1693,"no",0.590667454223272,27.7777777777778,0.198412698412698,105,"26-35","yes",0
"bad",25,"priv",60,56,"married","yes","freelance",90,85,3500,0,800,975,"no",0.82051282051282,13.3333333333333,0.156862745098039,-5,"56+","yes",1
"good",6,"rent",48,26,"single","yes","fixed",65,198,0,0,950,1111,"no",0.855085508550855,19.7916666666667,0.0999579124579125,133,"26-35","no",0
"good",1,"priv",60,27,"married","no","freelance",35,130,4650,2850,2000,2240,"no",0.892857142857143,33.3333333333333,0.256410256410256,95,"26-35","yes",0
"good",30,"owner",12,52,"married","no","freelance",45,80,7000,0,1100,2487,"no",0.442299959790913,91.6666666666667,1.14583333333333,35,"46-55","yes",0
"good",10,"parents",24,33,"single","no","freelance",35,200,50000,4774.49999999999,1100,1457,"no",0.754975978037063,45.8333333333333,0.229166666666667,165,"26-35","yes",0
"good",4,"owner",48,24,"married","no","fixed",35,95,2500,0,900,1625,"no",0.553846153846154,18.75,0.197368421052632,60,"18-25","yes",0
"good",12,"owner",36,46,"married","no","freelance",45,142,8000,0,500,500,"yes",1,13.8888888888889,0.0978090766823161,97,"46-55","yes",0
"good",30,"owner",54,54,"widow","no","freelance",35,224,20000,0,1100,1603,"no",0.686213349968808,20.3703703703704,0.0909391534391534,189,"46-55","yes",0
"good",20,"owner",60,44,"married","no","fixed",60,168,3000,0,1400,1599,"no",0.875547217010632,23.3333333333333,0.138888888888889,108,"36-45","yes",0
"bad",1,"rent",60,28,"married","no","freelance",53,179,0,0,1825,2275,"no",0.802197802197802,30.4166666666667,0.169925512104283,126,"26-35","no",1
"bad",2,"priv",24,20,"single","no","freelance",35,107,50000,0,2000,2600,"no",0.769230769230769,83.3333333333333,0.778816199376947,72,"18-25","yes",1
"good",4,"owner",60,23,"married","no","fixed",35,160,6500,3700,1500,1661,"no",0.903070439494281,25,0.15625,125,"18-25","yes",0
"good",4,"rent",36,60,"married","no","fixed",56,111,0,0,500,675,"no",0.740740740740741,13.8888888888889,0.125125125125125,55,"56+","no",0
"bad",3,"rent",60,26,"married","no","fixed",53,80,0,0,950,989,"no",0.96056622851365,15.8333333333333,0.197916666666667,27,"26-35","no",1
"good",11,"owner",60,30,"married","yes","fixed",35,110,4000,62,1100,1347,"no",0.816629547141797,18.3333333333333,0.166666666666667,75,"26-35","yes",0
"good",6,"parents",60,26,"married","no","fixed",60,108,0,0,1200,1250,"no",0.96,20,0.185185185185185,48,"26-35","no",0
"good",14,"rent",60,41,"married","no","fixed",53,181,0,0,1150,2497,"no",0.460552663195835,19.1666666666667,0.105893186003683,128,"36-45","no",0
"bad",3,"parents",48,38,"married","no","partime",60,67,0,0,1000,1045,"no",0.956937799043062,20.8333333333333,0.310945273631841,7,"36-45","no",1
"bad",1,"owner",36,36,"married","no","fixed",45,37.51,3000,2000,1100,1332,"no",0.825825825825826,30.5555555555556,0.814597588791137,-7.49,"36-45","yes",1
"good",20,"owner",60,40,"divorced","no","freelance",60,150,5500,0,1400,1928,"no",0.726141078838174,23.3333333333333,0.155555555555556,90,"36-45","yes",0
"good",20,"rent",60,45,"married","no","fixed",92,170,0,0,1000,2415,"no",0.41407867494824,16.6666666666667,0.0980392156862745,78,"36-45","no",0
"bad",0,"rent",48,25,"married","no","fixed",60,150,0,0,1350,1450,"no",0.931034482758621,28.125,0.1875,90,"18-25","no",1
"good",12,"rent",48,46,"married","yes","fixed",104,294,0,0,1350,1352,"no",0.998520710059172,28.125,0.0956632653061224,190,"46-55","no",0
"good",9,"priv",48,46,"married","no","fixed",45,100,37000,0,800,904,"no",0.884955752212389,16.6666666666667,0.166666666666667,55,"46-55","yes",0
"good",0,"parents",48,28,"single","no","freelance",35,100,0,0,900,1400,"no",0.642857142857143,18.75,0.1875,65,"26-35","no",0
"good",2,"owner",48,38,"married","yes","fixed",75,192,23000,3000,700,970,"no",0.721649484536082,14.5833333333333,0.0759548611111111,117,"36-45","yes",0
"good",3,"parents",60,24,"single","no","fixed",35,100,0,0,1500,2100,"no",0.714285714285714,25,0.25,65,"18-25","no",0
"bad",4,"rent",48,23,"married","no","freelance",52,171,0,0,1150,1450,"no",0.793103448275862,23.9583333333333,0.140107212475634,119,"18-25","no",1
"good",3,"priv",60,24,"single","no","fixed",35,245,5000,0,1300,1360,"no",0.955882352941177,21.6666666666667,0.0884353741496599,210,"18-25","yes",0
"bad",1,"other",60,28,"married","yes","freelance",45,142,4000,0,1500,1661,"yes",0.903070439494281,25,0.176056338028169,97,"26-35","yes",1
"good",11,"owner",12,26,"married","yes","partime",35,110,4500,2000,300,1248,"no",0.240384615384615,25,0.227272727272727,75,"26-35","yes",0
"bad",1,"rent",36,26,"single","no","partime",42,70,0,0,590,590,"no",1,16.3888888888889,0.234126984126984,28,"26-35","no",1
"bad",0,"rent",48,23,"single","no","partime",42,72,0,0,700,875,"no",0.8,14.5833333333333,0.202546296296296,30,"18-25","no",1
"good",1,"rent",60,29,"married","no","fixed",73,133,0,0,1000,1158,"no",0.863557858376511,16.6666666666667,0.12531328320802,60,"26-35","no",0
"good",10,"parents",36,34,"married","yes","freelance",45,142,10000,0,600,882,"yes",0.680272108843537,16.6666666666667,0.117370892018779,97,"26-35","yes",0
"good",9,"owner",24,30,"married","no","fixed",35,250,30000,0,1000,1594,"no",0.627352572145546,41.6666666666667,0.166666666666667,215,"26-35","yes",0
"good",2,"owner",60,28,"married","no","freelance",35,196,7000,3950,1600,1678,"no",0.953516090584029,26.6666666666667,0.136054421768707,161,"26-35","yes",0
"good",3,"parents",60,36,"married","yes","fixed",60,92,0,0,1100,1355,"no",0.811808118081181,18.3333333333333,0.199275362318841,32,"36-45","no",0
"good",10,"owner",60,45,"married","no","freelance",45,325,12000,1200,1300,1833,"no",0.709219858156028,21.6666666666667,0.0666666666666667,280,"36-45","yes",0
"bad",3,"priv",36,38,"divorced","yes","fixed",35,126,12500,0,2500,3559.49,"yes",0.70234780825343,69.4444444444444,0.551146384479718,91,"36-45","yes",1
"good",10,"owner",48,33,"married","no","fixed",45,110,5000,0,1000,1160,"no",0.862068965517241,20.8333333333333,0.189393939393939,65,"26-35","yes",0
"bad",2,"rent",48,56,"single","no","freelance",51,157,11000,4500,1000,2008,"no",0.49800796812749,20.8333333333333,0.132696390658174,106,"56+","yes",1
"good",4,"other",60,25,"single","no","fixed",35,162,0,0,1800,2999,"no",0.600200066688896,30,0.185185185185185,127,"18-25","no",0
"bad",7,"parents",60,33,"single","no","partime",35,70,0,0,1300,1438,"no",0.904033379694019,21.6666666666667,0.30952380952381,35,"26-35","no",1
"good",5,"parents",48,27,"married","yes","freelance",45,175,0,0,1000,1342,"no",0.745156482861401,20.8333333333333,0.119047619047619,130,"26-35","no",0
"good",16,"parents",24,44,"single","no","freelance",35,86,0,0,700,950,"no",0.736842105263158,29.1666666666667,0.339147286821705,51,"36-45","no",0
"good",0,"parents",24,26,"single","no","partime",35,69,0,0,200,375,"no",0.533333333333333,8.33333333333333,0.120772946859903,34,"26-35","no",0
"bad",7,"owner",60,28,"married","yes","fixed",60,148,8000,0,920,1021,"no",0.901077375122429,15.3333333333333,0.103603603603604,88,"26-35","yes",1
"bad",2,"other",48,25,"married","no","fixed",35,129,0,0,1580,1925,"no",0.820779220779221,32.9166666666667,0.255167958656331,94,"18-25","no",1
"bad",3,"rent",60,44,"separated","yes","fixed",60,150,0,0,1650,1772,"no",0.931151241534989,27.5,0.183333333333333,90,"36-45","no",1
"good",1,"owner",24,38,"married","no","fixed",60,102,3500,0,850,1260,"no",0.674603174603175,35.4166666666667,0.347222222222222,42,"36-45","yes",0
"good",7,"owner",48,32,"married","yes","fixed",45,140,5500,0,550,1250,"no",0.44,11.4583333333333,0.0818452380952381,95,"26-35","yes",0
"bad",2,"owner",60,24,"single","no","partime",35,120,3000,0,1400,1513,"no",0.92531394580304,23.3333333333333,0.194444444444444,85,"18-25","yes",1
"good",1,"parents",60,42,"married","no","fixed",60,66,7000,0,950,1589,"no",0.597860289490245,15.8333333333333,0.23989898989899,6,"36-45","yes",0
"good",27,"rent",24,50,"married","no","fixed",47,115,0,0,500,1636,"no",0.305623471882641,20.8333333333333,0.181159420289855,68,"46-55","no",0
"good",6,"owner",60,31,"married","no","fixed",35,84,3000,0,1400,1724,"no",0.812064965197216,23.3333333333333,0.277777777777778,49,"26-35","yes",0
"good",3,"owner",60,26,"married","no","fixed",45,128,3000,0,1300,1790,"no",0.726256983240223,21.6666666666667,0.169270833333333,83,"26-35","yes",0
"good",9,"priv",60,32,"married","no","fixed",60,155,12000,4774.49999999999,1200,1400,"no",0.857142857142857,20,0.129032258064516,95,"26-35","yes",0
"bad",5,"parents",24,26,"single","no","fixed",35,140,0,0,450,900,"no",0.5,18.75,0.133928571428571,105,"26-35","no",1
"good",3,"rent",48,26,"married","no","fixed",58,230,0,0,1150,1316,"no",0.873860182370821,23.9583333333333,0.104166666666667,172,"26-35","no",0
"bad",20,"other",60,47,"married","yes","fixed",105,126,0,0,750,843,"yes",0.889679715302491,12.5,0.0992063492063492,21,"46-55","no",1
"good",18,"priv",60,49,"married","no","fixed",60,140,4000,0,1050,1097,"no",0.957155879671832,17.5,0.125,80,"46-55","yes",0
"good",19,"owner",60,54,"widow","yes","fixed",35,207,11000,4000,800,1336,"no",0.598802395209581,13.3333333333333,0.0644122383252818,172,"46-55","yes",0
"good",5,"rent",36,40,"separated","no","fixed",43,75,0,0,400,650,"no",0.615384615384615,11.1111111111111,0.148148148148148,32,"36-45","no",0
"good",8,"owner",60,33,"married","no","freelance",45,250,10000,0,2500,3250,"no",0.769230769230769,41.6666666666667,0.166666666666667,205,"26-35","yes",0
"good",2,"other",36,35,"separated","no","fixed",35,200,0,0,1600,1671,"no",0.957510472770796,44.4444444444444,0.222222222222222,165,"26-35","no",0
"bad",1,"owner",12,56,"married","no","others",60,93,3500,0,500,1705,"yes",0.293255131964809,41.6666666666667,0.448028673835125,33,"56+","yes",1
"good",10,"owner",60,26,"married","no","fixed",45,135,5000,3700,1600,1767,"no",0.905489530277306,26.6666666666667,0.197530864197531,90,"26-35","yes",0
"good",14,"owner",36,34,"married","no","fixed",60,143,5000,0,1400,1939,"no",0.72202166064982,38.8888888888889,0.271950271950272,83,"26-35","yes",0
"good",13,"parents",48,31,"married","no","fixed",35,90,0,0,1000,1395,"no",0.716845878136201,20.8333333333333,0.231481481481481,55,"26-35","no",0
"good",4,"other",60,62,"married","no","freelance",35,102,8000,0,1200,1405,"no",0.854092526690391,20,0.196078431372549,67,"56+","yes",0
"good",20,"owner",60,46,"single","no","fixed",35,250,25000,4000,1450,1566,"no",0.925925925925926,24.1666666666667,0.0966666666666667,215,"46-55","yes",0
"good",15,"owner",60,49,"married","no","fixed",60,162,5000,0,1700,2081,"no",0.816914944738107,28.3333333333333,0.174897119341564,102,"46-55","yes",0
"good",24,"owner",60,46,"married","no","fixed",60,140,6000,1000,1100,1653,"no",0.665456745311555,18.3333333333333,0.130952380952381,80,"46-55","yes",0
"good",10,"owner",36,36,"married","no","fixed",35,235,12000,1700,1500,1985,"no",0.755667506297229,41.6666666666667,0.177304964539007,200,"36-45","yes",0
"good",2,"parents",36,24,"single","no","fixed",35,60,0,0,450,750,"no",0.6,12.5,0.208333333333333,25,"18-25","no",0
"good",21,"owner",24,44,"married","no","fixed",60,124,4000,0,800,2400,"no",0.333333333333333,33.3333333333333,0.268817204301075,64,"36-45","yes",0
"bad",1,"rent",60,24,"married","yes","partime",42,70,0,0,1700,1761,"no",0.965360590573538,28.3333333333333,0.404761904761905,28,"18-25","no",1
"good",11,"owner",48,27,"married","no","fixed",35,140,4000,0,1500,1641,"no",0.914076782449726,31.25,0.223214285714286,105,"26-35","yes",0
"good",12,"owner",60,27,"married","yes","fixed",35,100,3000,0,1300,1359,"no",0.956585724797645,21.6666666666667,0.216666666666667,65,"26-35","yes",0
"good",5,"rent",36,51,"married","no","fixed",63,184,0,0,635,785,"no",0.808917197452229,17.6388888888889,0.0958635265700483,121,"46-55","no",0
"bad",6,"owner",48,26,"married","yes","fixed",35,90,5000,0,1390,1594,"no",0.872020075282309,28.9583333333333,0.321759259259259,55,"26-35","yes",1
"good",1,"rent",48,37,"married","yes","partime",72,116,6000,0,1400,1661,"no",0.842865743527995,29.1666666666667,0.251436781609195,44,"36-45","yes",0
"good",10,"owner",60,41,"married","no","others",35,57,5000,0,1300,1863,"no",0.697799248523886,21.6666666666667,0.380116959064328,22,"36-45","yes",0
"bad",0,"owner",60,27,"married","no","partime",75,210,7000,4774.49999999999,1250,1315,"no",0.950570342205323,20.8333333333333,0.0992063492063492,135,"26-35","yes",1
"bad",1,"owner",48,20,"single","no","fixed",35,53,2000,1600,1100,1100,"no",1,22.9166666666667,0.432389937106918,18,"18-25","yes",1
"good",0,"parents",60,24,"single","no","partime",35,111,3000,1200,850,1412,"no",0.601983002832861,14.1666666666667,0.127627627627628,76,"18-25","yes",0
"good",10,"owner",24,50,"married","no","freelance",60,200,3000,0,500,1131,"no",0.442086648983201,20.8333333333333,0.104166666666667,140,"46-55","yes",0
"good",10,"owner",60,32,"married","no","fixed",60,160,4000,1800,1050,1303,"no",0.805832693783576,17.5,0.109375,100,"26-35","yes",0
"bad",2,"owner",60,30,"married","yes","freelance",45,142,5000,700,1000,2200,"yes",0.454545454545455,16.6666666666667,0.117370892018779,97,"26-35","yes",1
"good",16,"owner",60,32,"married","no","fixed",60,159,4000,0,1500,1736,"no",0.86405529953917,25,0.157232704402516,99,"26-35","yes",0
"bad",0,"rent",60,19,"single","no","others",35,93,0,0,900,1158,"yes",0.77720207253886,15,0.161290322580645,58,"18-25","no",1
"good",10,"owner",6,39,"married","no","freelance",75,67,8000,0,430,500,"no",0.86,71.6666666666667,1.06965174129353,-8,"36-45","yes",0
"bad",9,"other",60,30,"married","yes","fixed",60,109,0,0,1250,1560,"no",0.801282051282051,20.8333333333333,0.191131498470948,49,"26-35","no",1
"bad",7,"other",36,38,"married","yes","freelance",35,59,0,0,1000,2246,"no",0.445235975066785,27.7777777777778,0.470809792843691,24,"36-45","no",1
"good",3,"parents",36,28,"single","no","fixed",35,74,0,0,350,550,"no",0.636363636363636,9.72222222222222,0.131381381381381,39,"26-35","no",0
"good",6,"owner",48,51,"married","no","freelance",45,106,12000,0,1035,1410,"no",0.734042553191489,21.5625,0.203419811320755,61,"46-55","yes",0
"bad",0,"parents",48,21,"single","no","partime",35,48,0,0,1850,1877,"no",0.985615343633458,38.5416666666667,0.802951388888889,13,"18-25","no",1
"bad",3,"parents",60,23,"single","no","fixed",35,62,0,0,1100,1300,"no",0.846153846153846,18.3333333333333,0.295698924731183,27,"18-25","no",1
"good",1,"owner",24,39,"married","no","others",35,70,4000,0,525,1771,"no",0.296442687747036,21.875,0.3125,35,"36-45","yes",0
"bad",3,"rent",36,39,"married","no","fixed",90,150,0,0,300,700,"no",0.428571428571429,8.33333333333333,0.0555555555555556,60,"36-45","no",1
"good",12,"owner",48,39,"married","no","freelance",60,95,6000,0,1300,1600,"no",0.8125,27.0833333333333,0.285087719298246,35,"36-45","yes",0
"bad",0,"priv",36,31,"married","no","partime",35,202,6000,0,1300,1663,"no",0.781719783523752,36.1111111111111,0.178767876787679,167,"26-35","yes",1
"good",2,"rent",60,24,"married","no","fixed",55,100,4000,0,1750,1900,"no",0.921052631578947,29.1666666666667,0.291666666666667,45,"18-25","yes",0
"bad",2,"priv",48,37,"married","yes","partime",75,115,2000,0,850,1194,"no",0.711892797319933,17.7083333333333,0.153985507246377,40,"36-45","yes",1
"good",2,"parents",60,24,"single","no","fixed",35,164,0,0,900,1516,"no",0.593667546174143,15,0.0914634146341463,129,"18-25","no",0
"good",0,"parents",24,20,"single","no","fixed",35,155,7000,0,1450,1688,"no",0.859004739336493,60.4166666666667,0.389784946236559,120,"18-25","yes",0
"good",4,"owner",48,40,"married","yes","fixed",60,150,3500,200,800,800,"no",1,16.6666666666667,0.111111111111111,90,"36-45","yes",0
"bad",21,"owner",60,63,"married","yes","fixed",60,165,3000,0,1250,1424,"no",0.877808988764045,20.8333333333333,0.126262626262626,105,"56+","yes",1
"bad",14,"rent",60,38,"married","no","fixed",71,108,0,0,1400,1693,"no",0.826934435912581,23.3333333333333,0.216049382716049,37,"36-45","no",1
"good",25,"owner",60,51,"married","no","fixed",35,93,3500,0,900,995,"no",0.904522613065327,15,0.161290322580645,58,"46-55","yes",0
"bad",6,"other",60,30,"married","no","fixed",60,133,0,0,1300,1388,"no",0.936599423631124,21.6666666666667,0.162907268170426,73,"26-35","no",1
"good",3,"owner",36,37,"married","no","fixed",60,55,0,0,1500,2315,"no",0.647948164146868,41.6666666666667,0.757575757575758,-5,"36-45","no",0
"good",13,"owner",36,39,"married","no","fixed",35,148,14000,0,300,850,"no",0.352941176470588,8.33333333333333,0.0563063063063063,113,"36-45","yes",0
"good",5,"parents",24,31,"single","no","fixed",35,130,0,0,200,1447,"no",0.138217000691085,8.33333333333333,0.0641025641025641,95,"26-35","no",0
"good",16,"other",60,34,"married","no","fixed",60,120,6000,0,1350,1487,"no",0.907868190988568,22.5,0.1875,60,"26-35","yes",0
"good",3,"parents",48,20,"single","no","freelance",35,142,7000,0,1000,1362,"yes",0.734214390602056,20.8333333333333,0.146713615023474,107,"18-25","yes",0
"good",5,"other",18,65,"married","yes","others",35,99,0,0,375,675,"no",0.555555555555556,20.8333333333333,0.21043771043771,64,"56+","no",0
"good",16,"rent",48,32,"single","yes","fixed",47,120,0,0,800,1224,"no",0.65359477124183,16.6666666666667,0.138888888888889,73,"26-35","no",0
"good",2,"rent",48,29,"single","no","fixed",60,250,0,0,1000,1179,"no",0.848176420695505,20.8333333333333,0.0833333333333333,190,"26-35","no",0
"good",0,"parents",60,31,"married","no","others",75,37.51,0,0,1500,2084,"no",0.719769673704415,25,0.666488936283658,-37.49,"26-35","no",0
"good",23,"parents",60,37,"single","no","freelance",35,142,4500,0,1950,2336,"yes",0.834760273972603,32.5,0.22887323943662,107,"36-45","yes",0
"good",6,"owner",48,55,"married","no","freelance",45,74,16000,1500,2000,3559.49,"no",0.561878246602744,41.6666666666667,0.563063063063063,29,"46-55","yes",0
"bad",0,"parents",36,19,"single","no","freelance",35,142,0,0,400,495,"yes",0.808080808080808,11.1111111111111,0.0782472613458529,107,"18-25","no",1
"bad",1,"other",60,21,"single","no","partime",45,95.5,0,0,1100,1480,"yes",0.743243243243243,18.3333333333333,0.191972076788831,50.5,"18-25","no",1
"bad",3,"parents",60,25,"married","no","fixed",35,70,0,0,1300,1332,"no",0.975975975975976,21.6666666666667,0.30952380952381,35,"18-25","no",1
"good",5,"owner",36,58,"married","yes","others",45,79,7000,0,400,1234,"no",0.324149108589951,11.1111111111111,0.140646976090014,34,"56+","yes",0
"bad",0,"rent",48,20,"single","yes","partime",56,105,0,0,1100,1289,"no",0.853374709076804,22.9166666666667,0.218253968253968,49,"18-25","no",1
"good",9,"priv",48,27,"married","no","fixed",45,102,5000,360,1300,1537,"no",0.845803513337671,27.0833333333333,0.265522875816993,57,"26-35","yes",0
"good",0,"owner",48,29,"married","no","others",60,50,11000,0,1000,1480,"no",0.675675675675676,20.8333333333333,0.416666666666667,-10,"26-35","yes",0
"good",8,"owner",12,39,"married","no","fixed",75,160,1500,0,360,865,"no",0.416184971098266,30,0.1875,85,"36-45","yes",0
"good",24,"owner",60,43,"single","no","fixed",35,120,3500,0,1320,1680,"no",0.785714285714286,22,0.183333333333333,85,"36-45","yes",0
"good",3,"parents",60,23,"single","no","fixed",35,107,0,0,800,1111,"no",0.72007200720072,13.3333333333333,0.124610591900312,72,"18-25","no",0
"good",13,"owner",60,27,"married","no","fixed",35,253,7000,0,1060,1750,"no",0.605714285714286,17.6666666666667,0.0698287220026351,218,"26-35","yes",0
"good",2,"rent",60,49,"married","no","fixed",51,155,0,0,1500,1550,"no",0.967741935483871,25,0.161290322580645,104,"46-55","no",0
"good",33,"owner",48,61,"married","no","fixed",35,130,8000,0,850,1050,"no",0.80952380952381,17.7083333333333,0.136217948717949,95,"56+","yes",0
"bad",0,"owner",36,31,"married","yes","partime",45,120,3000,150,700,850,"no",0.823529411764706,19.4444444444444,0.162037037037037,75,"26-35","yes",1
"good",0,"rent",60,46,"separated","no","fixed",57,124,0,0,940,1149,"no",0.818102697998259,15.6666666666667,0.126344086021505,67,"46-55","no",0
"good",7,"parents",60,25,"single","no","fixed",35,75,0,0,1100,1340,"no",0.82089552238806,18.3333333333333,0.244444444444444,40,"18-25","no",0
"good",20,"owner",36,37,"married","yes","fixed",60,150,3500,0,450,950,"no",0.473684210526316,12.5,0.0833333333333333,90,"36-45","yes",0
"good",10,"rent",36,36,"divorced","no","freelance",45,100,0,0,1000,1700,"no",0.588235294117647,27.7777777777778,0.277777777777778,55,"36-45","no",0
"bad",17,"owner",36,60,"married","no","fixed",60,78,2500,0,650,800,"no",0.8125,18.0555555555556,0.231481481481482,18,"56+","yes",1
"good",1,"owner",60,28,"married","no","fixed",45,60,4000,0,1500,2326,"no",0.644883920894239,25,0.416666666666667,15,"26-35","yes",0
"good",10,"owner",60,32,"married","no","fixed",45,419,5500,2500,1300,1995,"no",0.651629072681704,21.6666666666667,0.0517104216388226,374,"26-35","yes",0
"good",4,"rent",60,25,"married","no","fixed",56,112,0,0,1250,1399,"no",0.89349535382416,20.8333333333333,0.186011904761905,56,"18-25","no",0
"bad",3,"rent",60,32,"married","no","fixed",50,147,0,0,1100,1226,"no",0.897226753670473,18.3333333333333,0.124716553287982,97,"26-35","no",1
"good",31,"owner",12,53,"married","yes","fixed",60,165,6000,0,594,1332,"no",0.445945945945946,49.5,0.3,105,"46-55","yes",0
"good",3,"rent",24,32,"married","no","fixed",61,160,0,0,400,450,"no",0.888888888888889,16.6666666666667,0.104166666666667,99,"26-35","no",0
"good",8,"rent",60,46,"married","no","freelance",45,142,0,0,1000,1359,"yes",0.735835172921266,16.6666666666667,0.117370892018779,97,"46-55","no",0
"good",0,"rent",12,22,"single","no","freelance",38,37.51,0,0,700,1665,"no",0.42042042042042,58.3333333333333,1.55514085132853,-0.490000000000002,"18-25","no",0
"good",1,"rent",60,25,"married","no","partime",42,73,0,0,1000,1050,"no",0.952380952380952,16.6666666666667,0.228310502283105,31,"18-25","no",0
"bad",12,"owner",60,37,"married","no","fixed",60,98,9000,200,800,1012,"no",0.790513833992095,13.3333333333333,0.136054421768707,38,"36-45","yes",1
"good",2,"rent",36,44,"married","no","partime",57,123,5000,0,900,975,"no",0.923076923076923,25,0.203252032520325,66,"36-45","yes",0
"good",10,"owner",12,36,"married","no","freelance",45,142,4000,0,900,1776,"yes",0.506756756756757,75,0.528169014084507,97,"36-45","yes",0
"good",1,"owner",60,40,"married","yes","fixed",45,100,8500,0,400,1570,"no",0.254777070063694,6.66666666666667,0.0666666666666667,55,"36-45","yes",0
"good",0,"owner",60,47,"married","no","freelance",45,56,6000,0,1345,1345,"no",1,22.4166666666667,0.400297619047619,11,"46-55","yes",0
"good",3,"owner",60,32,"married","no","fixed",45,90,6000,0,1500,2502,"no",0.599520383693046,25,0.277777777777778,45,"26-35","yes",0
"good",1,"owner",60,21,"single","yes","fixed",35,294,50000,0,1300,1398,"no",0.929899856938484,21.6666666666667,0.0736961451247166,259,"18-25","yes",0
"good",10,"owner",36,50,"married","no","freelance",75,142,7500,0,1000,1230,"yes",0.813008130081301,27.7777777777778,0.195618153364632,67,"46-55","yes",0
"good",19,"parents",60,34,"single","no","fixed",35,80,0,0,1000,1097,"no",0.911577028258888,16.6666666666667,0.208333333333333,45,"26-35","no",0
"good",0,"parents",18,33,"single","no","fixed",35,112,6000,0,450,1196,"no",0.376254180602007,25,0.223214285714286,77,"26-35","yes",0
"good",3,"rent",60,29,"married","yes","fixed",55,100,0,0,930,1007,"no",0.923535253227408,15.5,0.155,45,"26-35","no",0
"good",4,"owner",36,42,"single","no","fixed",35,115,12000,0,900,1299,"no",0.69284064665127,25,0.217391304347826,80,"36-45","yes",0
"good",5,"owner",60,37,"married","no","freelance",60,67,3500,196,1300,1625,"no",0.8,21.6666666666667,0.323383084577114,7,"36-45","yes",0
"good",2,"owner",60,24,"married","no","fixed",45,375,5000,0,2200,2433,"no",0.904233456637896,36.6666666666667,0.0977777777777778,330,"18-25","yes",0
"good",2,"other",60,39,"single","no","fixed",35,113,0,0,1250,1499,"no",0.833889259506338,20.8333333333333,0.184365781710914,78,"36-45","no",0
"good",18,"rent",36,41,"single","no","freelance",40,53,0,0,750,1077,"no",0.696378830083565,20.8333333333333,0.393081761006289,13,"36-45","no",0
"good",17,"owner",48,55,"married","yes","freelance",60,73,15000,0,1900,2205,"no",0.861678004535147,39.5833333333333,0.542237442922374,13,"46-55","yes",0
"bad",5,"owner",48,26,"single","no","fixed",35,126,10000,4774.49999999999,1500,2272,"yes",0.660211267605634,31.25,0.248015873015873,91,"26-35","yes",1
"good",19,"owner",60,34,"married","no","fixed",60,196,7000,1000,1690,1930,"no",0.875647668393782,28.1666666666667,0.143707482993197,136,"26-35","yes",0
"good",1,"rent",48,24,"married","no","partime",41,56,0,0,1500,1935,"no",0.775193798449612,31.25,0.558035714285714,15,"18-25","no",0
"good",16,"owner",48,31,"married","no","fixed",45,200,5000,800,1250,1646,"no",0.759416767922236,26.0416666666667,0.130208333333333,155,"26-35","yes",0
"good",1,"rent",48,34,"married","no","fixed",55,102,0,0,600,1074,"no",0.558659217877095,12.5,0.122549019607843,47,"26-35","no",0
"good",15,"owner",60,43,"married","no","freelance",60,310,7000,0,1200,1297,"no",0.925212027756361,20,0.0645161290322581,250,"36-45","yes",0
"good",11,"owner",60,33,"married","no","fixed",60,106,6000,0,1500,1702,"no",0.881316098707403,25,0.235849056603774,46,"26-35","yes",0
"bad",0,"parents",36,22,"single","no","partime",35,103,4500,0,1050,1485,"no",0.707070707070707,29.1666666666667,0.283171521035599,68,"18-25","yes",1
"good",0,"parents",60,41,"single","no","partime",35,131,4500,0,1200,1538,"no",0.780234070221066,20,0.152671755725191,96,"36-45","yes",0
"bad",0,"priv",60,43,"married","no","partime",45,117,2000,250,1600,1967,"no",0.813421453990849,26.6666666666667,0.227920227920228,72,"36-45","yes",1
"bad",0,"rent",60,25,"single","yes","partime",47,120,0,0,1200,1460,"no",0.821917808219178,20,0.166666666666667,73,"18-25","no",1
"bad",0,"rent",36,18,"single","yes","others",38,37.51,0,0,300,375,"no",0.8,8.33333333333333,0.222162978761219,-0.490000000000002,"18-25","no",1
"bad",0,"parents",36,35,"single","no","freelance",35,142,0,0,875,950,"yes",0.921052631578947,24.3055555555556,0.171165884194053,107,"26-35","no",1
"good",9,"other",60,31,"married","no","fixed",60,130,0,0,1500,1700,"no",0.882352941176471,25,0.192307692307692,70,"26-35","no",0
"good",14,"owner",60,40,"married","no","fixed",60,110,5000,0,1000,1646,"no",0.607533414337789,16.6666666666667,0.151515151515152,50,"36-45","yes",0
"good",4,"parents",36,20,"single","no","fixed",35,60,0,0,550,587,"no",0.936967632027257,15.2777777777778,0.25462962962963,25,"18-25","no",0
"good",5,"parents",36,28,"married","no","fixed",45,107,0,0,1160,1959,"no",0.592138846350179,32.2222222222222,0.301142263759086,62,"26-35","no",0
"bad",0,"rent",36,22,"single","no","partime",42,65,0,0,430,550,"no",0.781818181818182,11.9444444444444,0.183760683760684,23,"18-25","no",1
"good",4,"parents",36,28,"married","no","fixed",35,173,0,0,1000,1300,"no",0.769230769230769,27.7777777777778,0.160565189466924,138,"26-35","no",0
"good",13,"owner",60,35,"married","no","fixed",60,134,4500,700,1000,1894,"no",0.527983104540655,16.6666666666667,0.124378109452736,74,"26-35","yes",0
"good",8,"owner",60,41,"married","no","freelance",60,173,8000,0,1200,1570,"no",0.764331210191083,20,0.115606936416185,113,"36-45","yes",0
"bad",1,"parents",60,22,"single","no","freelance",35,78,3500,0,2275,2300,"no",0.989130434782609,37.9166666666667,0.486111111111111,43,"18-25","yes",1
"good",5,"other",48,51,"divorced","no","fixed",35,95,6000,0,500,645,"no",0.775193798449612,10.4166666666667,0.109649122807018,60,"46-55","yes",0
"good",3,"rent",36,21,"single","no","fixed",44,89,0,0,400,500,"no",0.8,11.1111111111111,0.124843945068664,45,"18-25","no",0
"bad",1,"owner",60,40,"married","yes","fixed",60,155,2500,0,1650,1650,"no",1,27.5,0.17741935483871,95,"36-45","yes",1
"bad",3,"owner",36,45,"married","yes","fixed",60,87,3500,0,650,650,"no",1,18.0555555555556,0.207535121328225,27,"36-45","yes",1
"good",0,"parents",48,22,"single","no","freelance",45,142,0,0,2500,3559.49,"yes",0.70234780825343,52.0833333333333,0.366784037558685,97,"18-25","no",0
"bad",1,"parents",36,31,"married","no","fixed",35,61,4000,0,700,800,"no",0.875,19.4444444444444,0.318761384335155,26,"26-35","yes",1
"good",3,"priv",60,35,"married","no","fixed",75,185,3500,1200,700,845,"no",0.828402366863905,11.6666666666667,0.0630630630630631,110,"26-35","yes",0
"good",20,"owner",12,48,"separated","no","freelance",75,300,18000,0,760,1369,"no",0.555149744338933,63.3333333333333,0.211111111111111,225,"46-55","yes",0
"bad",3,"owner",36,40,"married","yes","freelance",60,142,4500,0,575,775,"yes",0.741935483870968,15.9722222222222,0.112480438184664,82,"36-45","yes",1
"good",10,"owner",36,37,"married","yes","fixed",60,320,15000,1000,1000,2191,"no",0.456412596987677,27.7777777777778,0.0868055555555556,260,"36-45","yes",0
"good",1,"owner",36,20,"single","no","partime",35,139,4000,0,375,425,"no",0.882352941176471,10.4166666666667,0.0749400479616307,104,"18-25","yes",0
"good",8,"rent",48,36,"married","no","fixed",76,159,0,0,830,939,"no",0.883919062832801,17.2916666666667,0.108752620545073,83,"36-45","no",0
"good",6,"other",48,35,"married","no","fixed",60,79,15000,0,2000,2504,"no",0.798722044728435,41.6666666666667,0.527426160337553,19,"26-35","yes",0
"good",0,"other",36,26,"married","no","fixed",45,260,0,0,725,775,"no",0.935483870967742,20.1388888888889,0.077457264957265,215,"26-35","no",0
"bad",0,"rent",60,60,"married","no","others",55,100,8000,0,2500,2500,"no",1,41.6666666666667,0.416666666666667,45,"56+","yes",1
"good",12,"owner",60,54,"married","yes","fixed",75,231,15000,0,1950,2500,"no",0.78,32.5,0.140692640692641,156,"46-55","yes",0
"good",6,"rent",60,31,"single","no","fixed",43,82,0,0,800,946,"no",0.845665961945032,13.3333333333333,0.16260162601626,39,"26-35","no",0
"bad",3,"parents",60,30,"married","yes","fixed",45,120,4000,0,1500,1621,"no",0.925354719309068,25,0.208333333333333,75,"26-35","yes",1
"bad",0,"parents",18,19,"single","no","fixed",35,91,0,0,650,650,"no",1,36.1111111111111,0.396825396825397,56,"18-25","no",1
"good",12,"rent",36,30,"married","no","fixed",65,203,0,0,1500,2700,"no",0.555555555555556,41.6666666666667,0.205254515599343,138,"26-35","no",0
"good",13,"parents",60,34,"single","no","fixed",35,96,0,0,750,775,"no",0.967741935483871,12.5,0.130208333333333,61,"26-35","no",0
"bad",0,"owner",60,39,"married","yes","freelance",45,142,10000,0,1500,1699,"yes",0.882872277810477,25,0.176056338028169,97,"36-45","yes",1
"good",4,"priv",24,44,"married","no","freelance",60,142,2900,0,1800,2750,"yes",0.654545454545455,75,0.528169014084507,82,"36-45","yes",0
"bad",8,"other",36,39,"married","no","fixed",35,126,0,0,450,550,"yes",0.818181818181818,12.5,0.0992063492063492,91,"36-45","no",1
"good",8,"owner",24,36,"married","no","fixed",60,90,6000,1500,900,1715,"no",0.524781341107872,37.5,0.416666666666667,30,"36-45","yes",0
"good",10,"owner",36,52,"married","no","freelance",35,225,25000,0,2000,2315,"no",0.863930885529158,55.5555555555556,0.246913580246914,190,"46-55","yes",0
"good",5,"owner",60,36,"married","yes","fixed",35,205,9000,1500,1050,1168,"no",0.898972602739726,17.5,0.0853658536585366,170,"36-45","yes",0
"bad",5,"parents",48,20,"single","no","others",45,93,0,0,2500,3542,"yes",0.705815923207228,52.0833333333333,0.560035842293907,48,"18-25","no",1
"bad",2,"owner",60,35,"single","no","fixed",35,51,4000,0,1400,1628,"no",0.85995085995086,23.3333333333333,0.457516339869281,16,"26-35","yes",1
"good",21,"owner",60,40,"married","yes","fixed",60,144,6500,0,2000,2230,"no",0.896860986547085,33.3333333333333,0.231481481481482,84,"36-45","yes",0
"bad",3,"parents",60,34,"single","yes","partime",35,80,0,0,1100,1265,"no",0.869565217391304,18.3333333333333,0.229166666666667,45,"26-35","no",1
"bad",0,"rent",60,38,"married","no","freelance",35,142,0,0,1300,1636,"yes",0.794621026894866,21.6666666666667,0.152582159624413,107,"36-45","no",1
"good",14,"parents",60,32,"married","yes","fixed",35,140,0,0,1150,1273,"no",0.903377847604085,19.1666666666667,0.136904761904762,105,"26-35","no",0
"good",23,"owner",60,50,"married","no","fixed",45,90,3000,0,950,1101,"no",0.862851952770209,15.8333333333333,0.175925925925926,45,"46-55","yes",0
"good",3,"owner",48,25,"married","no","freelance",35,107,4500,1900,1000,1250,"no",0.8,20.8333333333333,0.194704049844237,72,"18-25","yes",0
"good",4,"owner",36,32,"married","no","fixed",45,190,13000,2000,800,2400,"no",0.333333333333333,22.2222222222222,0.116959064327485,145,"26-35","yes",0
"good",8,"owner",60,34,"married","yes","fixed",45,145,5000,0,1100,1110,"no",0.990990990990991,18.3333333333333,0.126436781609195,100,"26-35","yes",0
"good",11,"rent",12,29,"single","no","fixed",44,93,0,0,700,1667,"no",0.419916016796641,58.3333333333333,0.627240143369176,49,"26-35","no",0
"good",2,"rent",60,40,"married","no","fixed",60,145,500,0,1550,1621,"no",0.956199876619371,25.8333333333333,0.17816091954023,85,"36-45","yes",0
"good",3,"parents",48,24,"single","no","fixed",35,55,3000,0,850,875,"no",0.971428571428571,17.7083333333333,0.321969696969697,20,"18-25","yes",0
"good",3,"parents",48,28,"married","no","fixed",45,173,0,0,1000,2057,"no",0.486144871171609,20.8333333333333,0.120423892100193,128,"26-35","no",0
"good",6,"rent",60,34,"married","no","fixed",86,110,0,0,800,2263,"no",0.353513035793195,13.3333333333333,0.121212121212121,24,"26-35","no",0
"bad",0,"rent",60,38,"married","yes","partime",75,95.5,0,0,1000,1235,"yes",0.809716599190283,16.6666666666667,0.174520069808028,20.5,"36-45","no",1
"good",20,"owner",60,39,"married","no","fixed",60,68,13000,0,900,975,"no",0.923076923076923,15,0.220588235294118,8,"36-45","yes",0
"good",0,"owner",24,52,"married","no","others",45,170,6500,0,500,600,"no",0.833333333333333,20.8333333333333,0.122549019607843,125,"46-55","yes",0
"good",8,"owner",60,33,"married","no","fixed",45,160,2000,0,1050,2277,"no",0.461133069828722,17.5,0.109375,115,"26-35","yes",0
"bad",5,"owner",48,49,"widow","no","others",35,48,4000,0,1100,1438,"no",0.764951321279555,22.9166666666667,0.477430555555556,13,"46-55","yes",1
"good",17,"owner",48,46,"married","no","fixed",35,128,4000,0,1400,1718,"no",0.814901047729919,29.1666666666667,0.227864583333333,93,"46-55","yes",0
"bad",2,"rent",48,44,"separated","no","fixed",48,125,5000,800,1600,2500,"no",0.64,33.3333333333333,0.266666666666667,77,"36-45","yes",1
"good",0,"parents",60,22,"single","no","partime",35,72,0,0,1100,1131,"no",0.972590627763042,18.3333333333333,0.25462962962963,37,"18-25","no",0
"good",20,"owner",60,44,"married","no","fixed",60,115,4000,0,1250,1463,"no",0.854408749145591,20.8333333333333,0.181159420289855,55,"36-45","yes",0
"good",5,"rent",60,42,"separated","yes","freelance",89,288,15000,0,1800,2148,"no",0.837988826815642,30,0.104166666666667,199,"36-45","yes",0
"good",16,"owner",36,40,"married","no","fixed",60,160,4000,0,1300,2305,"no",0.563991323210412,36.1111111111111,0.225694444444444,100,"36-45","yes",0
"good",14,"owner",60,38,"married","no","fixed",60,114,5000,400,1200,2062,"no",0.5819592628516,20,0.175438596491228,54,"36-45","yes",0
"good",1,"rent",6,38,"married","no","partime",72,118,0,0,200,375,"no",0.533333333333333,33.3333333333333,0.282485875706215,46,"36-45","no",0
"good",1,"parents",48,21,"single","no","fixed",35,60,0,0,850,1195,"no",0.711297071129707,17.7083333333333,0.295138888888889,25,"18-25","no",0
"bad",1,"rent",24,24,"single","no","partime",49,139,0,0,500,550,"no",0.909090909090909,20.8333333333333,0.149880095923261,90,"18-25","no",1
"good",12,"rent",48,36,"married","no","fixed",80,195,0,0,1800,2272,"no",0.792253521126761,37.5,0.192307692307692,115,"36-45","no",0
"good",3,"parents",48,29,"separated","no","fixed",35,108,0,0,900,1263,"no",0.712589073634204,18.75,0.173611111111111,73,"26-35","no",0
"bad",2,"rent",18,46,"married","yes","fixed",74,140,0,0,200,380,"no",0.526315789473684,11.1111111111111,0.0793650793650794,66,"46-55","no",1
"good",18,"parents",60,42,"divorced","yes","fixed",35,145,0,0,1000,1025,"no",0.975609756097561,16.6666666666667,0.114942528735632,110,"36-45","no",0
"good",15,"owner",36,43,"married","yes","fixed",60,105,5000,0,400,1631,"no",0.245248313917842,11.1111111111111,0.105820105820106,45,"36-45","yes",0
"bad",2,"parents",60,20,"single","no","fixed",35,56,3500,0,1300,1637,"no",0.794135613927917,21.6666666666667,0.386904761904762,21,"18-25","yes",1
"good",14,"owner",60,28,"married","no","fixed",35,216,4000,0,1750,2270,"no",0.770925110132159,29.1666666666667,0.135030864197531,181,"26-35","yes",0
"bad",0,"parents",36,21,"single","no","partime",35,130,2000,0,875,1075,"no",0.813953488372093,24.3055555555556,0.186965811965812,95,"18-25","yes",1
"good",3,"owner",60,27,"married","no","fixed",35,120,4000,1500,1800,2090,"no",0.861244019138756,30,0.25,85,"26-35","yes",0
"good",1,"owner",60,27,"married","no","fixed",35,90,2000,0,1150,1470,"no",0.782312925170068,19.1666666666667,0.212962962962963,55,"26-35","yes",0
"bad",6,"rent",60,38,"married","yes","fixed",55,103,0,0,1100,1303,"no",0.844205679201842,18.3333333333333,0.177993527508091,48,"36-45","no",1
"bad",0,"owner",36,42,"married","no","freelance",60,142,5000,0,1350,1850,"yes",0.72972972972973,37.5,0.264084507042254,82,"36-45","yes",1
"good",3,"owner",60,33,"married","yes","fixed",45,193,10000,1500,1300,1730,"no",0.751445086705202,21.6666666666667,0.112262521588946,148,"26-35","yes",0
"good",6,"parents",18,25,"married","no","fixed",45,164,0,0,1250,1890,"no",0.661375661375661,69.4444444444444,0.423441734417344,119,"18-25","no",0
"good",18,"rent",60,37,"married","no","fixed",70,100,0,0,1300,1345,"no",0.966542750929368,21.6666666666667,0.216666666666667,30,"36-45","no",0
"good",30,"owner",12,56,"married","no","freelance",45,60,12000,0,1375,1700,"no",0.808823529411765,114.583333333333,1.90972222222222,15,"56+","yes",0
"good",25,"priv",12,55,"single","no","freelance",35,92,25000,0,200,400,"no",0.5,16.6666666666667,0.181159420289855,57,"46-55","yes",0
"good",1,"owner",60,22,"single","no","fixed",35,300,4000,200,1350,1450,"no",0.931034482758621,22.5,0.075,265,"18-25","yes",0
"good",18,"rent",48,53,"married","no","fixed",54,92,0,0,1340,1345,"no",0.996282527881041,27.9166666666667,0.303442028985507,38,"46-55","no",0
"good",5,"owner",36,53,"married","yes","others",35,227,8500,0,1550,1985,"no",0.780856423173804,43.0555555555556,0.189672050905531,192,"46-55","yes",0
"bad",5,"rent",48,31,"married","yes","fixed",60,150,0,0,800,1707,"no",0.468658465143527,16.6666666666667,0.111111111111111,90,"26-35","no",1
"good",14,"owner",60,40,"married","no","fixed",45,91,0,0,1100,1565,"no",0.702875399361022,18.3333333333333,0.201465201465201,46,"36-45","no",0
"bad",0,"parents",60,33,"married","yes","freelance",60,142,0,0,2000,2235,"yes",0.894854586129754,33.3333333333333,0.234741784037559,82,"26-35","no",1
"good",10,"priv",60,48,"married","no","fixed",35,161,9000,0,900,1100,"no",0.818181818181818,15,0.093167701863354,126,"46-55","yes",0
"good",39,"owner",60,58,"married","no","fixed",35,113,3500,0,1380,1623,"no",0.850277264325323,23,0.20353982300885,78,"56+","yes",0
"good",0,"priv",48,41,"married","no","fixed",75,146,10000,0,1370,1623,"no",0.844115834873691,28.5416666666667,0.195490867579909,71,"36-45","yes",0
"good",1,"parents",36,24,"single","no","fixed",35,70,0,0,700,1067,"no",0.656044985941893,19.4444444444444,0.277777777777778,35,"18-25","no",0
"bad",5,"rent",60,37,"married","no","fixed",77,318,5000,0,1750,2953,"no",0.592617676938706,29.1666666666667,0.0917190775681342,241,"36-45","yes",1
"good",10,"owner",60,34,"married","no","fixed",45,115,9500,0,1450,1721,"no",0.84253341080767,24.1666666666667,0.210144927536232,70,"26-35","yes",0
"bad",1,"rent",60,36,"married","yes","partime",84,90,0,0,1100,1184,"no",0.929054054054054,18.3333333333333,0.203703703703704,6,"36-45","no",1
"good",3,"priv",60,27,"married","no","fixed",35,215,5000,2800,1500,1682,"no",0.89179548156956,25,0.116279069767442,180,"26-35","yes",0
"good",8,"owner",24,30,"married","yes","fixed",35,340,1200,0,1000,1893,"no",0.528262017960909,41.6666666666667,0.122549019607843,305,"26-35","yes",0
"bad",1,"rent",60,31,"divorced","yes","partime",39,42,0,0,1200,1265,"no",0.948616600790514,20,0.476190476190476,3,"26-35","no",1
"good",0,"owner",24,18,"single","no","partime",35,104,12000,0,1700,1726,"no",0.984936268829664,70.8333333333333,0.681089743589744,69,"18-25","yes",0
"good",20,"priv",60,59,"married","no","freelance",35,81,18000,0,1200,1349,"no",0.889547813194959,20,0.246913580246914,46,"56+","yes",0
"bad",8,"rent",48,30,"single","no","fixed",46,114,0,0,1650,1659,"no",0.994575045207957,34.375,0.301535087719298,68,"26-35","no",1
"good",0,"priv",60,42,"married","no","partime",35,210,1500,0,1250,1518,"no",0.823451910408432,20.8333333333333,0.0992063492063492,175,"36-45","yes",0
"good",3,"owner",48,29,"married","no","fixed",35,83,4500,1170,700,837,"no",0.836320191158901,14.5833333333333,0.17570281124498,48,"26-35","yes",0
"bad",3,"rent",48,39,"married","yes","fixed",97,223,0,0,1250,1609,"no",0.776880049720323,26.0416666666667,0.116778774289985,126,"36-45","no",1
"good",17,"other",48,40,"married","no","fixed",60,117,6000,960,1200,1893,"no",0.63391442155309,25,0.213675213675214,57,"36-45","yes",0
"bad",14,"owner",60,47,"widow","yes","fixed",35,100,4000,2000,1475,1475,"no",1,24.5833333333333,0.245833333333333,65,"46-55","yes",1
"bad",11,"parents",60,30,"married","yes","fixed",45,105,5000,0,1500,2500,"no",0.6,25,0.238095238095238,60,"26-35","yes",1
"bad",24,"other",60,41,"married","yes","freelance",75,142,0,0,2200,2428,"yes",0.906095551894563,36.6666666666667,0.258215962441315,67,"36-45","no",1
"good",2,"parents",36,25,"single","no","fixed",35,110,0,0,500,1200,"no",0.416666666666667,13.8888888888889,0.126262626262626,75,"18-25","no",0
"good",3,"parents",60,23,"single","no","freelance",35,42,10000,0,2000,2203,"no",0.907852927825692,33.3333333333333,0.793650793650794,7,"18-25","yes",0
"good",14,"owner",60,35,"married","no","fixed",35,80,3500,0,1100,1622,"no",0.678175092478422,18.3333333333333,0.229166666666667,45,"26-35","yes",0
"bad",20,"owner",60,43,"married","yes","fixed",45,120,10000,0,2000,2700,"no",0.740740740740741,33.3333333333333,0.277777777777778,75,"36-45","yes",1
"good",5,"rent",24,41,"married","no","freelance",44,90,8000,0,600,1218,"no",0.492610837438424,25,0.277777777777778,46,"36-45","yes",0
"good",15,"owner",60,50,"married","yes","fixed",35,112,4000,0,1150,1400,"no",0.821428571428571,19.1666666666667,0.171130952380952,77,"46-55","yes",0
"good",3,"owner",36,26,"married","no","fixed",35,136,6000,4500,900,1421,"no",0.633356790992259,25,0.183823529411765,101,"26-35","yes",0
"bad",7,"owner",36,38,"married","yes","fixed",45,85,3400,1500,450,550,"no",0.818181818181818,12.5,0.147058823529412,40,"36-45","yes",1
"good",7,"owner",60,33,"married","no","freelance",60,144,4500,0,1100,1245,"no",0.883534136546185,18.3333333333333,0.127314814814815,84,"26-35","yes",0
"good",9,"owner",60,42,"married","no","fixed",75,140,7000,0,1000,1423,"no",0.702740688685875,16.6666666666667,0.119047619047619,65,"36-45","yes",0
"good",2,"rent",48,22,"married","no","fixed",53,183,0,0,1300,1300,"no",1,27.0833333333333,0.14799635701275,130,"18-25","no",0
"good",2,"rent",60,38,"single","no","fixed",70,250,3000,0,1300,1365,"no",0.952380952380952,21.6666666666667,0.0866666666666667,180,"36-45","yes",0
"bad",1,"priv",36,28,"married","no","freelance",45,142,6000,0,1000,1150,"yes",0.869565217391304,27.7777777777778,0.195618153364632,97,"26-35","yes",1
"bad",0,"rent",60,24,"married","no","partime",41,56,0,0,1308,1558,"no",0.839537869062901,21.8,0.389285714285714,15,"18-25","no",1
"good",2,"priv",60,24,"married","no","fixed",35,170,5000,1500,1150,1200,"no",0.958333333333333,19.1666666666667,0.112745098039216,135,"18-25","yes",0
"good",16,"rent",36,41,"married","no","fixed",52,71,0,0,900,950,"no",0.947368421052632,25,0.352112676056338,19,"36-45","no",0
"bad",3,"rent",60,39,"married","yes","fixed",69,94,0,0,1450,1546,"no",0.937904269081501,24.1666666666667,0.25709219858156,25,"36-45","no",1
"bad",1,"rent",60,34,"married","no","fixed",56,112,4000,1500,1400,1508,"no",0.928381962864722,23.3333333333333,0.208333333333333,56,"26-35","yes",1
"good",12,"rent",36,55,"married","no","fixed",57,115,0,0,800,1250,"no",0.64,22.2222222222222,0.193236714975845,58,"46-55","no",0
"bad",0,"owner",60,64,"widow","no","others",35,100,8000,0,1980,2038,"no",0.971540726202159,33,0.33,65,"56+","yes",1
"good",3,"other",48,32,"single","yes","fixed",35,71,0,0,1000,1200,"no",0.833333333333333,20.8333333333333,0.293427230046948,36,"26-35","no",0
"good",14,"rent",36,47,"married","no","fixed",73,125,6500,0,600,825,"no",0.727272727272727,16.6666666666667,0.133333333333333,52,"46-55","yes",0
"bad",0,"parents",60,25,"single","no","partime",35,37.51,0,0,1150,1351,"no",0.851221317542561,19.1666666666667,0.510974851150804,2.51,"18-25","no",1
"good",9,"owner",60,25,"married","no","fixed",60,200,13500,4774.49999999999,1900,2115,"no",0.898345153664303,31.6666666666667,0.158333333333333,140,"18-25","yes",0
"bad",0,"rent",48,35,"married","no","partime",106,160,0,0,930,930,"no",1,19.375,0.12109375,54,"26-35","no",1
"bad",0,"rent",48,24,"married","no","partime",35,95.5,0,0,600,1452,"yes",0.413223140495868,12.5,0.130890052356021,60.5,"18-25","no",1
"bad",1,"parents",60,43,"married","yes","fixed",90,179,0,0,1600,1896,"no",0.843881856540084,26.6666666666667,0.148975791433892,89,"36-45","no",1
"bad",2,"parents",36,21,"single","no","freelance",35,221,0,0,500,650,"no",0.769230769230769,13.8888888888889,0.0628456510809452,186,"18-25","no",1
"good",4,"owner",48,22,"married","no","fixed",35,214,10000,3000,1250,1566,"no",0.798212005108557,26.0416666666667,0.121690031152648,179,"18-25","yes",0
"good",20,"owner",60,56,"married","no","fixed",35,145,5000,0,1600,1763,"no",0.907543959160522,26.6666666666667,0.183908045977011,110,"56+","yes",0
"good",2,"other",48,25,"single","no","fixed",35,142,0,0,1000,1440,"no",0.694444444444444,20.8333333333333,0.146713615023474,107,"18-25","no",0
"good",8,"owner",60,56,"married","no","freelance",45,200,30000,0,1400,1500,"no",0.933333333333333,23.3333333333333,0.116666666666667,155,"56+","yes",0
"good",13,"owner",60,36,"married","no","fixed",45,72,3500,45,1400,1625,"no",0.861538461538462,23.3333333333333,0.324074074074074,27,"36-45","yes",0
"good",5,"owner",24,59,"married","no","fixed",35,105,18000,0,1800,1965,"no",0.916030534351145,75,0.714285714285714,70,"56+","yes",0
"good",13,"owner",60,58,"married","no","fixed",75,211,7500,2000,800,1214,"no",0.658978583196046,13.3333333333333,0.0631911532385466,136,"56+","yes",0
"bad",0,"owner",60,40,"married","yes","partime",90,90,8000,0,1000,1189,"no",0.841042893187553,16.6666666666667,0.185185185185185,0,"36-45","yes",1
"good",25,"owner",12,49,"married","no","freelance",60,100,5500,0,1000,1998,"no",0.500500500500501,83.3333333333333,0.833333333333333,40,"46-55","yes",0
"bad",5,"rent",54,27,"married","no","fixed",47,118,0,0,1500,1600,"no",0.9375,27.7777777777778,0.235404896421846,71,"26-35","no",1
"bad",2,"owner",60,44,"married","no","fixed",60,88,2000,0,1450,1452,"no",0.99862258953168,24.1666666666667,0.274621212121212,28,"36-45","yes",1
"good",5,"owner",24,26,"married","no","fixed",45,147,10000,300,450,1522,"no",0.295663600525624,18.75,0.127551020408163,102,"26-35","yes",0
"bad",5,"rent",48,49,"widow","yes","freelance",45,142,0,0,1000,2193,"yes",0.455996352029184,20.8333333333333,0.146713615023474,97,"46-55","no",1
"good",18,"owner",60,45,"single","yes","fixed",35,197,2000,0,1500,1578,"no",0.950570342205323,25,0.126903553299492,162,"36-45","yes",0
"bad",1,"priv",60,24,"married","no","partime",35,127,3500,2000,1700,1825,"no",0.931506849315068,28.3333333333333,0.223097112860892,92,"18-25","yes",1
"bad",0,"rent",60,25,"married","yes","fixed",69,235,0,0,1400,1650,"no",0.848484848484849,23.3333333333333,0.099290780141844,166,"18-25","no",1
"good",12,"owner",60,56,"married","no","freelance",35,126,17000,0,2500,3559.49,"no",0.70234780825343,41.6666666666667,0.330687830687831,91,"56+","yes",0
"good",5,"owner",36,43,"married","no","freelance",45,142,4000,0,1800,2300,"yes",0.782608695652174,50,0.352112676056338,97,"36-45","yes",0
"good",2,"other",24,30,"married","yes","fixed",45,233,0,0,900,1189,"no",0.756938603868797,37.5,0.160944206008584,188,"26-35","no",0
"good",1,"owner",60,47,"married","no","fixed",75,78,4000,0,1500,1711,"no",0.876680303915839,25,0.320512820512821,3,"46-55","yes",0
"good",2,"owner",48,30,"single","no","fixed",35,106,4000,0,660,1060,"no",0.622641509433962,13.75,0.129716981132075,71,"26-35","yes",0
"good",14,"owner",60,28,"married","no","fixed",45,178,4000,700,600,700,"no",0.857142857142857,10,0.0561797752808989,133,"26-35","yes",0
"bad",8,"owner",60,64,"married","no","freelance",60,111,3000,0,1895,2596,"no",0.729969183359014,31.5833333333333,0.284534534534535,51,"56+","yes",1
"bad",2,"owner",60,29,"married","yes","partime",35,71,6000,0,700,2700,"no",0.259259259259259,11.6666666666667,0.164319248826291,36,"26-35","yes",1
"bad",0,"parents",60,26,"separated","no","others",35,93,0,0,950,1735,"yes",0.547550432276657,15.8333333333333,0.170250896057348,58,"26-35","no",1
"good",1,"parents",48,24,"single","no","fixed",35,53,0,0,1200,1215,"no",0.987654320987654,25,0.471698113207547,18,"18-25","no",0
"good",18,"owner",36,43,"married","no","fixed",90,116,4000,0,400,985,"no",0.406091370558376,11.1111111111111,0.0957854406130268,26,"36-45","yes",0
"good",30,"owner",12,52,"single","no","fixed",35,237,5000,500,800,1800,"no",0.444444444444444,66.6666666666667,0.281293952180028,202,"46-55","yes",0
"good",3,"rent",48,34,"married","no","fixed",77,165,5000,0,1287,1693,"no",0.760189013585351,26.8125,0.1625,88,"26-35","yes",0
"good",3,"parents",24,25,"single","yes","fixed",35,128,0,0,300,1397,"no",0.214745884037223,12.5,0.09765625,93,"18-25","no",0
"good",25,"owner",18,40,"married","no","freelance",75,142,5000,1600,375,375,"yes",1,20.8333333333333,0.146713615023474,67,"36-45","yes",0
"good",1,"owner",60,61,"single","no","others",35,216,8000,0,1200,1236,"no",0.970873786407767,20,0.0925925925925926,181,"56+","yes",0
"good",16,"owner",60,51,"married","no","fixed",60,155,4000,0,900,925,"no",0.972972972972973,15,0.0967741935483871,95,"46-55","yes",0
"good",10,"owner",60,37,"single","yes","others",35,93,50000,0,1250,1418,"yes",0.881523272214386,20.8333333333333,0.224014336917563,58,"36-45","yes",0
"good",0,"parents",24,41,"married","no","fixed",60,105,3500,0,450,600,"no",0.75,18.75,0.178571428571429,45,"36-45","yes",0
"bad",0,"parents",60,27,"married","no","partime",45,82,0,0,1400,1520,"no",0.921052631578947,23.3333333333333,0.284552845528455,37,"26-35","no",1
"good",8,"owner",36,52,"married","no","fixed",60,428.98,18000,0,750,2095,"no",0.35799522673031,20.8333333333333,0.0485648126563787,368.98,"46-55","yes",0
"good",13,"owner",60,31,"married","no","fixed",45,180,7500,1400,1200,1491,"no",0.804828973843058,20,0.111111111111111,135,"26-35","yes",0
"good",6,"owner",60,28,"married","no","freelance",60,125,0,0,800,1700,"no",0.470588235294118,13.3333333333333,0.106666666666667,65,"26-35","no",0
"bad",13,"rent",36,44,"married","yes","freelance",84,85,0,0,1150,1325,"no",0.867924528301887,31.9444444444444,0.375816993464052,1,"36-45","no",1
"good",13,"owner",24,41,"married","no","fixed",60,167,6000,1122,400,850,"no",0.470588235294118,16.6666666666667,0.0998003992015968,107,"36-45","yes",0
"bad",0,"parents",60,18,"single","no","partime",35,45,0,0,900,1001,"no",0.899100899100899,15,0.333333333333333,10,"18-25","no",1
"good",3,"owner",60,43,"married","no","freelance",45,174,9000,1692,1900,2374,"no",0.80033698399326,31.6666666666667,0.181992337164751,129,"36-45","yes",0
"bad",2,"owner",60,25,"single","no","partime",35,95,4500,3000,1080,1296,"no",0.833333333333333,18,0.189473684210526,60,"18-25","yes",1
"good",20,"owner",6,48,"married","yes","freelance",35,142,14000,0,500,1351,"yes",0.370096225018505,83.3333333333333,0.586854460093897,107,"46-55","yes",0
"good",25,"owner",60,50,"married","yes","freelance",75,314,10000,0,1350,1417,"no",0.952717007762879,22.5,0.071656050955414,239,"46-55","yes",0
"good",1,"rent",60,21,"single","no","fixed",46,110,0,0,1450,1517,"no",0.955833882663151,24.1666666666667,0.21969696969697,64,"18-25","no",0
"good",19,"owner",60,35,"married","no","fixed",45,163,8000,340,1100,1269,"no",0.86682427107959,18.3333333333333,0.112474437627812,118,"26-35","yes",0
"good",3,"owner",30,37,"married","no","fixed",75,80,4000,0,650,1270,"no",0.511811023622047,21.6666666666667,0.270833333333333,5,"36-45","yes",0
"good",16,"owner",60,30,"married","no","fixed",35,110,5000,200,1000,1000,"no",1,16.6666666666667,0.151515151515152,75,"26-35","yes",0
"good",0,"owner",60,25,"married","no","partime",35,90,1500,500,900,990,"no",0.909090909090909,15,0.166666666666667,55,"18-25","yes",0
"good",1,"owner",60,55,"married","no","others",35,83,13000,0,900,925,"no",0.972972972972973,15,0.180722891566265,48,"46-55","yes",0
"good",11,"owner",60,27,"married","no","fixed",45,190,3000,0,1200,1537,"no",0.780741704619388,20,0.105263157894737,145,"26-35","yes",0
"bad",6,"parents",60,26,"single","no","fixed",35,92,0,0,600,1300,"no",0.461538461538462,10,0.108695652173913,57,"26-35","no",1
"bad",2,"owner",48,50,"married","no","partime",35,80,4000,0,800,1330,"no",0.601503759398496,16.6666666666667,0.208333333333333,45,"46-55","yes",1
"good",16,"parents",36,45,"single","no","fixed",35,76,0,0,500,1210,"no",0.413223140495868,13.8888888888889,0.182748538011696,41,"36-45","no",0
"good",4,"rent",60,26,"married","no","fixed",54,187,0,0,1500,1520,"no",0.986842105263158,25,0.133689839572193,133,"26-35","no",0
"bad",2,"priv",60,53,"married","no","partime",75,170,3000,180,1900,2180,"no",0.871559633027523,31.6666666666667,0.186274509803922,95,"46-55","yes",1
"good",31,"owner",24,58,"married","no","fixed",35,160,3000,0,700,700,"no",1,29.1666666666667,0.182291666666667,125,"56+","yes",0
"good",0,"owner",18,44,"married","no","freelance",60,109,3000,0,350,550,"no",0.636363636363636,19.4444444444444,0.178389398572885,49,"36-45","yes",0
"bad",2,"priv",60,28,"married","no","fixed",35,165,3000,0,500,1650,"no",0.303030303030303,8.33333333333333,0.0505050505050505,130,"26-35","yes",1
"bad",16,"rent",24,40,"married","no","freelance",65,50,10000,4774.49999999999,1400,1636,"no",0.855745721271394,58.3333333333333,1.16666666666667,-15,"36-45","yes",1
"bad",25,"rent",36,50,"married","yes","freelance",64,37.51,0,0,625,650,"no",0.961538461538462,17.3611111111111,0.462839539085873,-26.49,"46-55","no",1
"good",1,"parents",36,21,"single","no","partime",35,92,2000,0,700,1162,"no",0.602409638554217,19.4444444444444,0.211352657004831,57,"18-25","yes",0
"bad",7,"other",60,35,"married","yes","fixed",45,120,0,0,1400,1715,"no",0.816326530612245,23.3333333333333,0.194444444444444,75,"26-35","no",1
"good",7,"other",48,34,"married","no","freelance",45,37.51,0,0,800,941,"no",0.850159404888417,16.6666666666667,0.444325957522439,-7.49,"26-35","no",0
"good",40,"other",60,61,"married","yes","fixed",60,242,0,0,1000,1100,"no",0.909090909090909,16.6666666666667,0.068870523415978,182,"56+","no",0
"good",4,"owner",60,55,"widow","no","others",35,93,3000,0,1200,1318,"yes",0.910470409711684,20,0.21505376344086,58,"46-55","yes",0
"good",10,"owner",48,36,"married","yes","freelance",75,214,10000,0,1143,1143,"no",1,23.8125,0.111273364485981,139,"36-45","yes",0
"bad",16,"rent",48,37,"married","yes","fixed",68,234,0,0,1000,1606,"no",0.62266500622665,20.8333333333333,0.089031339031339,166,"36-45","no",1
"good",2,"owner",36,34,"married","no","fixed",60,125,50000,900,1500,3000,"no",0.5,41.6666666666667,0.333333333333333,65,"26-35","yes",0
"good",14,"other",48,36,"married","no","fixed",35,251,0,0,1000,1550,"no",0.645161290322581,20.8333333333333,0.0830013280212483,216,"36-45","no",0
"good",3,"owner",18,40,"married","no","fixed",45,140,4000,0,400,1772,"no",0.225733634311512,22.2222222222222,0.158730158730159,95,"36-45","yes",0
"good",13,"owner",24,47,"married","yes","fixed",75,300,12000,0,1000,1340,"no",0.746268656716418,41.6666666666667,0.138888888888889,225,"46-55","yes",0
"good",18,"owner",24,61,"married","no","freelance",45,119,8000,0,1100,1340,"no",0.82089552238806,45.8333333333333,0.38515406162465,74,"56+","yes",0
"good",19,"owner",48,37,"married","no","fixed",60,158,7000,3000,1000,1156,"no",0.865051903114187,20.8333333333333,0.131856540084388,98,"36-45","yes",0
"good",15,"owner",60,50,"married","no","fixed",35,91,3000,0,1150,1200,"no",0.958333333333333,19.1666666666667,0.210622710622711,56,"46-55","yes",0
"good",1,"parents",60,22,"married","no","partime",35,195,50000,0,1550,1550,"no",1,25.8333333333333,0.132478632478632,160,"18-25","yes",0
"good",2,"owner",60,29,"married","yes","fixed",35,160,3000,0,900,1310,"no",0.687022900763359,15,0.09375,125,"26-35","yes",0
"bad",2,"owner",60,26,"single","yes","fixed",35,110,7000,0,535,1710,"no",0.312865497076023,8.91666666666667,0.0810606060606061,75,"26-35","yes",1
"good",30,"owner",60,53,"married","no","freelance",35,201,25000,0,1360,1450,"no",0.937931034482759,22.6666666666667,0.112769485903814,166,"46-55","yes",0
"good",20,"owner",24,51,"married","no","fixed",75,130,10000,0,500,1238,"no",0.403877221324717,20.8333333333333,0.16025641025641,55,"46-55","yes",0
"good",7,"owner",48,29,"married","no","fixed",35,68,3500,0,500,1700,"no",0.294117647058824,10.4166666666667,0.153186274509804,33,"26-35","yes",0
"good",23,"other",36,56,"separated","no","freelance",35,157,0,0,1800,2320,"no",0.775862068965517,50,0.318471337579618,122,"56+","no",0
"good",2,"parents",48,25,"single","yes","fixed",35,233,0,0,1000,1090,"no",0.917431192660551,20.8333333333333,0.0894134477825465,198,"18-25","no",0
"bad",5,"parents",24,26,"single","yes","fixed",35,104,0,0,1000,1314,"no",0.76103500761035,41.6666666666667,0.400641025641026,69,"26-35","no",1
"good",18,"owner",60,34,"married","no","fixed",35,168,12000,0,800,1103,"no",0.725294650951949,13.3333333333333,0.0793650793650794,133,"26-35","yes",0
"good",3,"parents",48,48,"married","no","fixed",35,120,0,0,1300,1470,"no",0.884353741496599,27.0833333333333,0.225694444444444,85,"46-55","no",0
"good",1,"owner",60,22,"married","yes","fixed",45,230,2000,288,800,1588,"no",0.503778337531486,13.3333333333333,0.0579710144927536,185,"18-25","yes",0
"bad",1,"owner",60,55,"married","yes","others",45,136,30000,0,1400,1424,"no",0.98314606741573,23.3333333333333,0.17156862745098,91,"46-55","yes",1
"good",28,"owner",60,52,"married","no","fixed",35,185,4000,1000,900,1428,"no",0.630252100840336,15,0.0810810810810811,150,"46-55","yes",0
"good",7,"owner",60,47,"married","no","fixed",75,155,3000,200,675,975,"no",0.692307692307692,11.25,0.0725806451612903,80,"46-55","yes",0
"good",9,"rent",60,25,"married","no","fixed",50,145,0,0,1100,1250,"no",0.88,18.3333333333333,0.126436781609195,95,"18-25","no",0
"good",1,"rent",60,28,"married","no","fixed",62,169,0,0,1200,2068,"no",0.58027079303675,20,0.118343195266272,107,"26-35","no",0
"bad",0,"rent",48,52,"single","yes","fixed",49,135,0,0,1000,1200,"no",0.833333333333333,20.8333333333333,0.154320987654321,86,"46-55","no",1
"good",8,"priv",60,49,"married","no","fixed",45,120,3000,0,900,985,"no",0.913705583756345,15,0.125,75,"46-55","yes",0
"good",10,"owner",30,37,"married","no","fixed",60,200,7000,0,750,1923,"no",0.390015600624025,25,0.125,140,"36-45","yes",0
"bad",7,"parents",36,31,"separated","no","fixed",35,197,0,0,1200,1200,"no",1,33.3333333333333,0.169204737732657,162,"26-35","no",1
"good",5,"owner",48,48,"married","no","fixed",60,130,5000,0,650,795,"no",0.817610062893082,13.5416666666667,0.104166666666667,70,"46-55","yes",0
"good",7,"owner",36,25,"single","no","fixed",35,55,9000,0,1000,1215,"no",0.823045267489712,27.7777777777778,0.505050505050505,20,"18-25","yes",0
"good",2,"parents",48,29,"single","no","fixed",35,111,0,0,1000,1854,"no",0.539374325782093,20.8333333333333,0.187687687687688,76,"26-35","no",0
"bad",3,"priv",48,28,"married","no","fixed",60,136,3500,2500,1000,1200,"no",0.833333333333333,20.8333333333333,0.153186274509804,76,"26-35","yes",1
"good",45,"owner",30,64,"married","no","freelance",45,157,20000,0,1000,1588,"no",0.629722921914358,33.3333333333333,0.212314225053079,112,"56+","yes",0
"bad",10,"owner",60,49,"widow","no","fixed",35,160,3000,0,1650,1659,"no",0.994575045207957,27.5,0.171875,125,"46-55","yes",1
"good",0,"parents",36,22,"single","no","partime",35,81,2500,0,400,775,"no",0.516129032258065,11.1111111111111,0.137174211248285,46,"18-25","yes",0
"good",16,"owner",60,31,"married","no","fixed",60,160,12000,0,1850,1862,"no",0.993555316863588,30.8333333333333,0.192708333333333,100,"26-35","yes",0
"good",10,"owner",24,52,"married","no","fixed",60,81,5000,0,250,1003,"no",0.249252243270189,10.4166666666667,0.128600823045267,21,"46-55","yes",0
"good",17,"owner",24,51,"married","no","freelance",35,142,5000,0,800,1630,"yes",0.49079754601227,33.3333333333333,0.234741784037559,107,"46-55","yes",0
"good",25,"owner",60,50,"married","no","fixed",75,85,8000,0,1500,2075,"no",0.72289156626506,25,0.294117647058824,10,"46-55","yes",0
"good",15,"owner",48,40,"single","no","fixed",35,95,7000,4000,800,1086,"no",0.736648250460405,16.6666666666667,0.175438596491228,60,"36-45","yes",0
"good",27,"owner",12,45,"married","no","fixed",60,142,5000,0,400,985,"no",0.406091370558376,33.3333333333333,0.234741784037559,82,"36-45","yes",0
"good",6,"owner",60,63,"widow","no","others",35,54,13000,0,1000,1063,"no",0.940733772342427,16.6666666666667,0.308641975308642,19,"56+","yes",0
"good",1,"other",24,20,"single","no","partime",45,48,3000,0,700,980,"no",0.714285714285714,29.1666666666667,0.607638888888889,3,"18-25","yes",0
"bad",14,"owner",36,37,"married","yes","fixed",75,120,13000,3500,1250,1350,"no",0.925925925925926,34.7222222222222,0.289351851851852,45,"36-45","yes",1
"good",6,"owner",48,53,"married","no","freelance",60,178,15000,0,800,1371,"no",0.583515681983953,16.6666666666667,0.0936329588014981,118,"46-55","yes",0
"bad",8,"other",60,28,"divorced","yes","fixed",35,102,0,0,1100,1421,"no",0.774102744546094,18.3333333333333,0.179738562091503,67,"26-35","no",1
"bad",5,"owner",36,59,"married","no","freelance",35,142,3000,0,700,1100,"yes",0.636363636363636,19.4444444444444,0.136932707355243,107,"56+","yes",1
"good",8,"parents",48,24,"single","no","fixed",35,96,0,0,1000,1540,"no",0.649350649350649,20.8333333333333,0.217013888888889,61,"18-25","no",0
"good",2,"parents",60,26,"single","no","freelance",35,37.51,0,0,900,984,"no",0.914634146341463,15,0.399893361770195,2.51,"26-35","no",0
"bad",33,"rent",60,53,"married","no","fixed",46,106,0,0,850,1371,"no",0.61998541210795,14.1666666666667,0.133647798742138,60,"46-55","no",1
"good",13,"owner",36,40,"married","no","fixed",45,193,3000,0,700,1000,"no",0.7,19.4444444444444,0.100748416810593,148,"36-45","yes",0
"bad",2,"owner",36,22,"single","no","freelance",35,142,11000,0,375,450,"yes",0.833333333333333,10.4166666666667,0.0733568075117371,107,"18-25","yes",1
"good",5,"parents",60,23,"single","no","fixed",35,120,0,0,1300,2100,"no",0.619047619047619,21.6666666666667,0.180555555555556,85,"18-25","no",0
"bad",11,"owner",60,42,"married","no","fixed",60,80,3600,0,1200,1322,"no",0.907715582450832,20,0.25,20,"36-45","yes",1
"good",8,"owner",60,31,"married","no","fixed",35,98,5000,1000,1400,1720,"no",0.813953488372093,23.3333333333333,0.238095238095238,63,"26-35","yes",0
"good",0,"parents",60,24,"single","yes","fixed",35,241,0,0,1100,1600,"no",0.6875,18.3333333333333,0.0760719225449516,206,"18-25","no",0
"good",2,"parents",60,48,"married","yes","fixed",45,106,1500,0,1000,1253,"no",0.798084596967279,16.6666666666667,0.157232704402516,61,"46-55","yes",0
"good",8,"owner",24,25,"married","no","fixed",35,160,3000,0,800,1092,"no",0.732600732600733,33.3333333333333,0.208333333333333,125,"18-25","yes",0
"good",3,"rent",48,28,"single","no","fixed",51,160,0,0,550,1440,"no",0.381944444444444,11.4583333333333,0.0716145833333333,109,"26-35","no",0
"bad",6,"rent",60,47,"married","yes","freelance",45,142,3000,0,1000,1000,"yes",1,16.6666666666667,0.117370892018779,97,"46-55","yes",1
"good",14,"owner",36,40,"married","no","fixed",45,80,3000,0,900,1263,"no",0.712589073634204,25,0.3125,35,"36-45","yes",0
"good",30,"owner",48,66,"married","no","freelance",35,178,7000,0,1000,1108,"no",0.902527075812274,20.8333333333333,0.117041198501873,143,"56+","yes",0
"bad",0,"rent",36,55,"married","yes","fixed",94,193,0,0,600,1100,"no",0.545454545454545,16.6666666666667,0.0863557858376511,99,"46-55","no",1
"bad",2,"parents",60,22,"single","no","fixed",35,60,0,0,1175,1175,"no",1,19.5833333333333,0.326388888888889,25,"18-25","no",1
"bad",1,"rent",48,29,"widow","no","others",43,80,0,0,1250,1500,"no",0.833333333333333,26.0416666666667,0.325520833333333,37,"26-35","no",1
"good",13,"other",60,37,"married","no","fixed",60,103,3000,0,1300,1966,"no",0.661241098677518,21.6666666666667,0.210355987055016,43,"36-45","yes",0
"good",20,"owner",60,51,"married","no","fixed",45,107,2000,0,1000,1536,"no",0.651041666666667,16.6666666666667,0.155763239875389,62,"46-55","yes",0
"good",4,"rent",36,60,"separated","no","fixed",46,111,0,0,500,750,"no",0.666666666666667,13.8888888888889,0.125125125125125,65,"56+","no",0
"good",1,"owner",60,60,"married","no","others",45,200,7000,0,1000,1179,"no",0.848176420695505,16.6666666666667,0.0833333333333333,155,"56+","yes",0
"good",8,"owner",48,34,"married","no","freelance",45,142,8000,3600,600,1699,"yes",0.353148911124191,12.5,0.0880281690140845,97,"26-35","yes",0
"bad",0,"owner",60,58,"single","no","others",35,37.51,3000,0,700,1332,"no",0.525525525525526,11.6666666666667,0.311028170265707,2.51,"56+","yes",1
"bad",0,"other",48,32,"single","no","partime",35,182,0,0,800,907,"no",0.882028665931643,16.6666666666667,0.0915750915750916,147,"26-35","no",1
"good",25,"owner",36,46,"married","no","fixed",90,145,12000,0,1100,2400,"no",0.458333333333333,30.5555555555556,0.210727969348659,55,"46-55","yes",0
"bad",4,"rent",60,23,"single","yes","fixed",45,97,0,0,1250,1635,"no",0.764525993883792,20.8333333333333,0.214776632302405,52,"18-25","no",1
"good",8,"other",30,40,"married","no","fixed",45,148,0,0,850,1370,"no",0.62043795620438,28.3333333333333,0.191441441441441,103,"36-45","no",0
"good",21,"owner",36,44,"married","no","fixed",75,170,4000,0,1200,1650,"no",0.727272727272727,33.3333333333333,0.196078431372549,95,"36-45","yes",0
"bad",10,"owner",48,50,"separated","no","freelance",35,142,50000,0,1800,2038,"yes",0.883218842001963,37.5,0.264084507042254,107,"46-55","yes",1
"bad",1,"rent",36,47,"married","yes","freelance",105,142,0,0,500,500,"yes",1,13.8888888888889,0.0978090766823161,37,"46-55","no",1
"good",5,"rent",36,33,"married","no","partime",52,73,0,0,400,750,"no",0.533333333333333,11.1111111111111,0.15220700152207,21,"26-35","no",0
"bad",2,"other",60,45,"married","yes","partime",60,90,0,0,1000,1457,"no",0.686341798215511,16.6666666666667,0.185185185185185,30,"36-45","no",1
"good",12,"owner",60,39,"single","yes","fixed",35,125,4000,0,1000,1516,"no",0.659630606860158,16.6666666666667,0.133333333333333,90,"36-45","yes",0
"good",2,"parents",60,22,"single","no","freelance",35,115,0,0,1250,1263,"no",0.989707046714173,20.8333333333333,0.181159420289855,80,"18-25","no",0
"good",8,"owner",60,29,"married","no","fixed",45,192,6000,2500,1300,1595,"no",0.815047021943574,21.6666666666667,0.112847222222222,147,"26-35","yes",0
"good",3,"owner",60,32,"single","no","fixed",35,84,5000,3000,600,999,"no",0.600600600600601,10,0.119047619047619,49,"26-35","yes",0
"good",2,"parents",60,25,"married","no","freelance",35,150,2000,0,1000,1302,"no",0.768049155145929,16.6666666666667,0.111111111111111,115,"18-25","yes",0
"good",2,"rent",36,31,"married","no","freelance",46,111,0,0,1000,1800,"no",0.555555555555556,27.7777777777778,0.25025025025025,65,"26-35","no",0
"bad",0,"rent",48,25,"married","yes","partime",49,139,0,0,1450,1701,"no",0.85243974132863,30.2083333333333,0.217326139088729,90,"18-25","no",1
"good",7,"rent",60,33,"married","no","fixed",84,240,0,0,1000,1928,"no",0.518672199170125,16.6666666666667,0.0694444444444444,156,"26-35","no",0
"bad",2,"parents",36,21,"single","no","fixed",35,50,0,0,500,900,"no",0.555555555555556,13.8888888888889,0.277777777777778,15,"18-25","no",1
"bad",0,"parents",48,26,"married","no","partime",45,76,0,0,700,2300,"no",0.304347826086957,14.5833333333333,0.191885964912281,31,"26-35","no",1
"good",1,"owner",48,48,"married","no","freelance",45,188,14000,0,900,1082,"no",0.831792975970425,18.75,0.0997340425531915,143,"46-55","yes",0
"good",30,"rent",36,53,"married","no","partime",70,95,0,0,800,800,"no",1,22.2222222222222,0.233918128654971,25,"46-55","no",0
"good",3,"owner",48,63,"married","no","others",35,145,4000,0,350,969,"no",0.361197110423117,7.29166666666667,0.0502873563218391,110,"56+","yes",0
"good",3,"rent",60,36,"married","no","partime",42,72,0,0,850,1263,"no",0.673000791765637,14.1666666666667,0.196759259259259,30,"36-45","no",0
"good",0,"parents",36,20,"single","no","partime",35,120,0,0,1100,1100,"no",1,30.5555555555556,0.25462962962963,85,"18-25","no",0
"good",4,"parents",48,23,"single","no","fixed",35,85,0,0,1200,1350,"no",0.888888888888889,25,0.294117647058824,50,"18-25","no",0
"good",10,"priv",36,47,"married","yes","fixed",45,60,5000,0,250,1343,"no",0.186150409530901,6.94444444444444,0.115740740740741,15,"46-55","yes",0
"good",8,"owner",12,32,"married","yes","fixed",45,211,4500,0,800,2014,"no",0.397219463753724,66.6666666666667,0.315955766192733,166,"26-35","yes",0
"bad",0,"owner",48,54,"widow","no","partime",35,67,5000,0,760,860,"no",0.883720930232558,15.8333333333333,0.236318407960199,32,"46-55","yes",1
"good",3,"owner",60,28,"married","no","partime",35,143,5500,3000,1150,1292,"no",0.890092879256966,19.1666666666667,0.134032634032634,108,"26-35","yes",0
"bad",1,"rent",48,30,"single","no","freelance",35,142,0,0,1300,1500,"yes",0.866666666666667,27.0833333333333,0.190727699530516,107,"26-35","no",1
"bad",15,"owner",24,47,"married","yes","freelance",45,142,5000,0,250,500,"yes",0.5,10.4166666666667,0.0733568075117371,97,"46-55","yes",1
"good",1,"owner",60,42,"married","no","fixed",60,76,5000,0,1000,1299,"no",0.769822940723634,16.6666666666667,0.219298245614035,16,"36-45","yes",0
"good",8,"owner",60,30,"married","no","fixed",60,106,7000,4000,700,999,"no",0.700700700700701,11.6666666666667,0.110062893081761,46,"26-35","yes",0
"good",20,"owner",36,51,"married","no","fixed",45,90,3500,0,675,775,"no",0.870967741935484,18.75,0.208333333333333,45,"46-55","yes",0
"bad",11,"priv",60,39,"married","no","fixed",60,120,3000,1000,1450,1499,"no",0.967311541027352,24.1666666666667,0.201388888888889,60,"36-45","yes",1
"bad",2,"parents",60,35,"married","no","partime",45,85,0,0,1000,1542,"no",0.648508430609598,16.6666666666667,0.196078431372549,40,"26-35","no",1
"bad",1,"parents",60,22,"married","yes","partime",45,183,0,0,1600,1739,"no",0.920069005175388,26.6666666666667,0.145719489981785,138,"18-25","no",1
"bad",7,"owner",60,25,"married","no","fixed",35,75,3000,0,1350,1674,"no",0.806451612903226,22.5,0.3,40,"18-25","yes",1
"good",0,"owner",60,50,"single","no","fixed",35,120,0,0,1400,1430,"no",0.979020979020979,23.3333333333333,0.194444444444444,85,"46-55","no",0
"good",22,"owner",48,39,"single","no","fixed",35,83,2500,0,650,1265,"no",0.513833992094862,13.5416666666667,0.163152610441767,48,"36-45","yes",0
"good",1,"owner",48,41,"married","no","freelance",60,102,4000,0,1000,1090,"no",0.917431192660551,20.8333333333333,0.204248366013072,42,"36-45","yes",0
"bad",1,"rent",36,37,"married","yes","fixed",97,71,0,0,1300,1700,"no",0.764705882352941,36.1111111111111,0.508607198748044,-26,"36-45","no",1
"good",1,"parents",60,45,"married","yes","fixed",60,92,6000,0,1220,1466,"no",0.832196452933151,20.3333333333333,0.221014492753623,32,"36-45","yes",0
"good",18,"rent",60,53,"married","no","fixed",71,107,4000,0,1300,1450,"no",0.896551724137931,21.6666666666667,0.202492211838006,36,"46-55","yes",0
"good",5,"rent",36,52,"married","yes","freelance",35,142,0,0,850,950,"yes",0.894736842105263,23.6111111111111,0.166275430359937,107,"46-55","no",0
"good",8,"parents",12,27,"single","no","freelance",35,150,3000,0,275,550,"no",0.5,22.9166666666667,0.152777777777778,115,"26-35","yes",0
"good",0,"rent",60,21,"single","no","fixed",47,120,0,0,1400,1550,"no",0.903225806451613,23.3333333333333,0.194444444444444,73,"18-25","no",0
"bad",7,"priv",48,30,"married","no","partime",60,112,1500,0,900,1165,"no",0.772532188841202,18.75,0.167410714285714,52,"26-35","yes",1
"good",3,"owner",36,42,"married","no","fixed",60,60,6000,0,1200,1500,"no",0.8,33.3333333333333,0.555555555555556,0,"36-45","yes",0
"good",0,"rent",36,34,"single","no","partime",43,78,0,0,1200,1550,"no",0.774193548387097,33.3333333333333,0.427350427350427,35,"26-35","no",0
"good",6,"owner",36,36,"married","no","fixed",60,73,3500,0,475,675,"no",0.703703703703704,13.1944444444444,0.180745814307458,13,"36-45","yes",0
"good",7,"rent",60,34,"married","no","fixed",48,130,0,0,1150,1549,"no",0.742414460942544,19.1666666666667,0.147435897435897,82,"26-35","no",0
"good",14,"owner",18,29,"married","no","fixed",35,165,6000,2500,600,1370,"no",0.437956204379562,33.3333333333333,0.202020202020202,130,"26-35","yes",0
"good",4,"owner",60,39,"married","no","freelance",45,142,7500,0,1300,1508,"yes",0.862068965517241,21.6666666666667,0.152582159624413,97,"36-45","yes",0
"bad",1,"parents",60,33,"married","yes","freelance",45,142,0,0,1000,1471,"yes",0.679809653297077,16.6666666666667,0.117370892018779,97,"26-35","no",1
"bad",0,"rent",60,33,"married","no","partime",77,166,0,0,850,984,"no",0.863821138211382,14.1666666666667,0.0853413654618474,89,"26-35","no",1
"good",21,"parents",60,39,"married","yes","fixed",60,210,5000,0,1500,1787,"no",0.839395635142697,25,0.119047619047619,150,"36-45","yes",0
"good",12,"owner",60,40,"married","yes","fixed",45,110,11500,1750,800,1594,"no",0.501882057716437,13.3333333333333,0.121212121212121,65,"36-45","yes",0
"bad",0,"owner",60,38,"married","no","fixed",45,87,10000,4500,900,1000,"no",0.9,15,0.172413793103448,42,"36-45","yes",1
"good",10,"owner",60,40,"married","no","fixed",60,194,7000,0,1600,2171,"no",0.736987563334869,26.6666666666667,0.13745704467354,134,"36-45","yes",0
"bad",10,"owner",36,37,"separated","yes","fixed",60,150,30000,3000,1000,1400,"no",0.714285714285714,27.7777777777778,0.185185185185185,90,"36-45","yes",1
"good",45,"owner",12,60,"married","no","freelance",35,52,19000,0,550,1240,"no",0.443548387096774,45.8333333333333,0.881410256410256,17,"56+","yes",0
"bad",0,"owner",60,32,"married","yes","fixed",35,75,4500,1000,900,1084,"no",0.830258302583026,15,0.2,40,"26-35","yes",1
"bad",0,"owner",60,37,"married","no","freelance",90,142,8000,4000,1550,1557,"yes",0.995504174694926,25.8333333333333,0.181924882629108,52,"36-45","yes",1
"bad",2,"owner",60,32,"married","no","fixed",60,182,3000,350,1300,1662,"no",0.782190132370638,21.6666666666667,0.119047619047619,122,"26-35","yes",1
"good",22,"parents",24,51,"married","no","fixed",45,201,0,0,800,1385,"no",0.577617328519856,33.3333333333333,0.165837479270315,156,"46-55","no",0
"good",0,"owner",60,30,"married","no","fixed",45,180,5000,0,1600,1924,"no",0.831600831600832,26.6666666666667,0.148148148148148,135,"26-35","yes",0
"bad",0,"parents",36,24,"single","no","partime",35,100,0,0,1000,2000,"no",0.5,27.7777777777778,0.277777777777778,65,"18-25","no",1
"good",30,"rent",60,55,"married","no","fixed",57,115,10000,0,900,1000,"no",0.9,15,0.130434782608696,58,"46-55","yes",0
"good",13,"priv",42,46,"married","no","fixed",60,75,3000,600,1200,1569,"no",0.764818355640535,28.5714285714286,0.380952380952381,15,"46-55","yes",0
"bad",3,"owner",60,28,"married","no","fixed",45,210,5000,2700,1100,1516,"no",0.725593667546174,18.3333333333333,0.0873015873015873,165,"26-35","yes",1
"good",2,"parents",24,24,"single","no","fixed",35,110,0,0,1000,1589,"no",0.629326620516048,41.6666666666667,0.378787878787879,75,"18-25","no",0
"good",5,"owner",30,53,"single","no","freelance",35,428.98,23000,0,1500,2150,"no",0.697674418604651,50,0.116555550375309,393.98,"46-55","yes",0
"bad",8,"rent",60,30,"married","no","fixed",85,103,0,0,1090,1090,"no",1,18.1666666666667,0.176375404530744,18,"26-35","no",1
"bad",2,"parents",48,20,"single","no","fixed",105,130,2500,0,1750,1998,"no",0.875875875875876,36.4583333333333,0.280448717948718,25,"18-25","yes",1
"bad",15,"owner",60,53,"separated","no","fixed",35,95,16500,0,1600,1955,"no",0.818414322250639,26.6666666666667,0.280701754385965,60,"46-55","yes",1
"bad",15,"owner",60,37,"married","no","fixed",75,200,9000,2500,1400,1699,"no",0.824014125956445,23.3333333333333,0.116666666666667,125,"36-45","yes",1
"good",9,"owner",36,31,"married","no","fixed",35,161,14000,0,1200,1705,"no",0.703812316715543,33.3333333333333,0.20703933747412,126,"26-35","yes",0
"bad",0,"parents",48,26,"single","yes","freelance",35,101,0,0,1500,1703,"no",0.880798590722255,31.25,0.309405940594059,66,"26-35","no",1
"good",2,"owner",48,41,"married","no","fixed",75,120,7500,4750,900,1411,"no",0.637845499645641,18.75,0.15625,45,"36-45","yes",0
"good",14,"rent",48,32,"married","no","fixed",72,115,0,0,350,410,"no",0.853658536585366,7.29166666666667,0.0634057971014493,43,"26-35","no",0
"good",15,"owner",60,35,"single","yes","fixed",35,150,5000,2800,1300,1332,"no",0.975975975975976,21.6666666666667,0.144444444444444,115,"26-35","yes",0
"good",0,"parents",36,37,"married","yes","fixed",45,230,7000,0,2500,3559.49,"no",0.70234780825343,69.4444444444444,0.301932367149758,185,"36-45","yes",0
"good",13,"owner",48,27,"married","no","fixed",45,118,10000,4774.49999999999,1100,1397,"no",0.78740157480315,22.9166666666667,0.194209039548023,73,"26-35","yes",0
"bad",1,"priv",60,41,"married","yes","partime",45,93,3000,0,1900,2230,"no",0.852017937219731,31.6666666666667,0.340501792114695,48,"36-45","yes",1
"good",9,"owner",48,49,"married","no","fixed",60,149,12000,0,700,1975,"no",0.354430379746835,14.5833333333333,0.0978747203579418,89,"46-55","yes",0
"good",16,"owner",60,30,"married","no","fixed",35,95,2000,0,1300,1700,"no",0.764705882352941,21.6666666666667,0.228070175438597,60,"26-35","yes",0
"bad",1,"owner",24,34,"married","yes","freelance",60,250,3000,0,1100,1281,"no",0.858704137392662,45.8333333333333,0.183333333333333,190,"26-35","yes",1
"bad",3,"rent",60,30,"married","no","freelance",45,142,0,0,1150,1395,"yes",0.824372759856631,19.1666666666667,0.134976525821596,97,"26-35","no",1
"good",12,"owner",36,50,"married","no","fixed",75,190,5000,0,1070,1500,"no",0.713333333333333,29.7222222222222,0.156432748538012,115,"46-55","yes",0
"good",0,"parents",48,23,"single","no","fixed",35,56,0,0,325,1202,"no",0.270382695507488,6.77083333333333,0.120907738095238,21,"18-25","no",0
"bad",0,"parents",48,21,"single","no","partime",35,70,0,0,1200,1600,"no",0.75,25,0.357142857142857,35,"18-25","no",1
"good",6,"rent",36,36,"married","yes","fixed",56,208,0,0,600,1432,"no",0.418994413407821,16.6666666666667,0.0801282051282051,152,"36-45","no",0
"good",22,"rent",60,48,"married","no","fixed",66,210,0,0,1200,1233,"no",0.97323600973236,20,0.0952380952380952,144,"46-55","no",0
"bad",10,"other",36,45,"married","yes","fixed",45,102,0,0,535,585,"no",0.914529914529915,14.8611111111111,0.145697167755991,57,"36-45","no",1
"bad",10,"rent",36,35,"single","no","freelance",40,50,3000,0,500,1050,"no",0.476190476190476,13.8888888888889,0.277777777777778,10,"26-35","yes",1
"good",10,"owner",12,56,"widow","no","others",35,214,50000,0,1150,1300,"no",0.884615384615385,95.8333333333333,0.447819314641745,179,"56+","yes",0
"good",3,"parents",60,27,"married","no","fixed",45,140,5000,0,1400,1721,"no",0.813480534572923,23.3333333333333,0.166666666666667,95,"26-35","yes",0
"bad",6,"other",36,35,"married","no","freelance",35,37.51,3000,0,250,375,"no",0.666666666666667,6.94444444444444,0.185135815634349,2.51,"26-35","yes",1
"good",14,"owner",60,31,"married","no","fixed",60,110,5500,2500,1000,1314,"no",0.76103500761035,16.6666666666667,0.151515151515152,50,"26-35","yes",0
"bad",1,"rent",60,26,"married","no","partime",48,127,0,0,1250,1655,"no",0.755287009063444,20.8333333333333,0.164041994750656,79,"26-35","no",1
"good",1,"parents",24,21,"single","no","fixed",35,60,0,0,250,450,"no",0.555555555555556,10.4166666666667,0.173611111111111,25,"18-25","no",0
"bad",3,"parents",60,29,"single","no","freelance",35,142,0,0,1500,2500,"yes",0.6,25,0.176056338028169,107,"26-35","no",1
"good",26,"owner",36,46,"married","no","fixed",45,184,5000,0,1000,1535,"no",0.651465798045603,27.7777777777778,0.150966183574879,139,"46-55","yes",0
"good",2,"owner",60,60,"married","no","fixed",35,87,2500,0,1000,1150,"no",0.869565217391304,16.6666666666667,0.191570881226054,52,"56+","yes",0
"good",32,"rent",60,47,"separated","yes","fixed",47,120,3000,0,1400,1995,"no",0.701754385964912,23.3333333333333,0.194444444444444,73,"46-55","yes",0
"good",7,"owner",60,60,"married","no","fixed",45,145,5000,0,1350,1363,"no",0.99046221570066,22.5,0.155172413793103,100,"56+","yes",0
"bad",11,"owner",60,58,"married","no","fixed",35,81,11000,0,1400,1550,"no",0.903225806451613,23.3333333333333,0.288065843621399,46,"56+","yes",1
"good",15,"other",60,50,"married","no","fixed",35,92,6000,0,900,982,"no",0.916496945010183,15,0.16304347826087,57,"46-55","yes",0
"good",2,"rent",36,27,"single","no","fixed",70,97,0,0,500,985,"no",0.50761421319797,13.8888888888889,0.143184421534937,27,"26-35","no",0
"good",22,"owner",36,48,"married","no","fixed",45,150,5000,0,650,750,"no",0.866666666666667,18.0555555555556,0.12037037037037,105,"46-55","yes",0
"good",2,"rent",36,27,"married","no","fixed",45,102,0,0,600,650,"no",0.923076923076923,16.6666666666667,0.163398692810458,57,"26-35","no",0
"bad",23,"owner",60,57,"married","no","fixed",35,99,2500,0,900,1077,"no",0.835654596100279,15,0.151515151515152,64,"56+","yes",1
"bad",1,"rent",36,24,"married","no","partime",41,56,0,0,500,585,"no",0.854700854700855,13.8888888888889,0.248015873015873,15,"18-25","no",1
"good",33,"other",36,56,"married","no","fixed",35,80,3500,0,800,981,"no",0.815494393476045,22.2222222222222,0.277777777777778,45,"56+","yes",0
"bad",3,"parents",60,20,"single","no","fixed",35,94,0,0,1300,1365,"no",0.952380952380952,21.6666666666667,0.230496453900709,59,"18-25","no",1
"good",0,"parents",60,23,"single","no","partime",35,205,0,0,1100,1258,"no",0.874403815580286,18.3333333333333,0.0894308943089431,170,"18-25","no",0
"good",26,"rent",60,40,"married","no","fixed",47,118,0,0,1260,1450,"no",0.868965517241379,21,0.177966101694915,71,"36-45","no",0
"bad",12,"other",60,34,"married","no","fixed",60,113,1500,0,1050,1087,"no",0.965961361545538,17.5,0.154867256637168,53,"26-35","yes",1
"bad",14,"priv",36,45,"separated","yes","fixed",35,120,2500,0,1150,1350,"no",0.851851851851852,31.9444444444444,0.266203703703704,85,"36-45","yes",1
"good",8,"owner",60,41,"married","no","fixed",60,70,5000,0,900,1300,"no",0.692307692307692,15,0.214285714285714,10,"36-45","yes",0
"bad",2,"other",48,29,"single","no","fixed",35,105,0,0,1600,2074,"no",0.77145612343298,33.3333333333333,0.317460317460317,70,"26-35","no",1
"bad",2,"other",60,26,"single","yes","partime",35,55,0,0,1500,1543,"no",0.972132209980557,25,0.454545454545455,20,"26-35","no",1
"good",3,"rent",60,31,"married","no","freelance",70,102,0,0,1100,1305,"no",0.842911877394636,18.3333333333333,0.179738562091503,32,"26-35","no",0
"good",6,"parents",36,23,"single","no","fixed",35,79,6000,0,550,652,"no",0.843558282208589,15.2777777777778,0.193389592123769,44,"18-25","yes",0
"good",2,"priv",60,30,"married","no","fixed",60,152,3500,750,800,865,"no",0.92485549132948,13.3333333333333,0.087719298245614,92,"26-35","yes",0
"good",9,"rent",60,32,"married","no","fixed",71,105,0,0,700,1800,"no",0.388888888888889,11.6666666666667,0.111111111111111,34,"26-35","no",0
"bad",25,"other",48,50,"separated","yes","fixed",35,89,0,0,800,2300,"no",0.347826086956522,16.6666666666667,0.187265917602996,54,"46-55","no",1
"bad",5,"priv",60,37,"married","no","partime",60,95,2000,0,1065,1165,"no",0.914163090128755,17.75,0.186842105263158,35,"36-45","yes",1
"good",2,"rent",60,29,"married","yes","fixed",69,91,0,0,1000,1268,"no",0.788643533123028,16.6666666666667,0.183150183150183,22,"26-35","no",0
"good",20,"owner",60,56,"married","no","fixed",35,96,5000,0,950,1092,"no",0.86996336996337,15.8333333333333,0.164930555555556,61,"56+","yes",0
"good",2,"rent",36,19,"single","no","fixed",48,128,0,0,1400,1650,"no",0.848484848484849,38.8888888888889,0.303819444444444,80,"18-25","no",0
"bad",1,"rent",60,28,"single","yes","fixed",47,120,0,0,1400,1690,"no",0.828402366863905,23.3333333333333,0.194444444444444,73,"26-35","no",1
"bad",2,"parents",30,28,"single","no","partime",35,70,0,0,550,875,"no",0.628571428571429,18.3333333333333,0.261904761904762,35,"26-35","no",1
"good",18,"priv",60,42,"married","no","fixed",90,162,2500,400,1550,1615,"no",0.959752321981424,25.8333333333333,0.159465020576132,72,"36-45","yes",0
"good",30,"other",60,55,"married","no","freelance",45,81,19000,0,900,1560,"no",0.576923076923077,15,0.185185185185185,36,"46-55","yes",0
"good",36,"owner",60,51,"married","no","fixed",35,205,4000,0,950,1017,"no",0.934119960668633,15.8333333333333,0.0772357723577236,170,"46-55","yes",0
"good",20,"parents",36,45,"married","no","freelance",60,71,5000,0,1000,1390,"no",0.719424460431655,27.7777777777778,0.391236306729264,11,"36-45","yes",0
"good",3,"owner",48,28,"married","no","fixed",35,177,4000,3000,1150,1638,"no",0.702075702075702,23.9583333333333,0.135357815442561,142,"26-35","yes",0
"good",2,"owner",36,42,"married","no","fixed",45,92,800,0,1200,2274,"no",0.527704485488127,33.3333333333333,0.36231884057971,47,"36-45","yes",0
"bad",0,"rent",36,41,"married","no","freelance",35,142,0,0,800,1250,"yes",0.64,22.2222222222222,0.156494522691706,107,"36-45","no",1
"bad",0,"parents",36,28,"single","no","partime",35,67,3500,0,1500,1539,"no",0.974658869395711,41.6666666666667,0.621890547263682,32,"26-35","yes",1
"good",1,"owner",36,36,"married","no","fixed",35,100,7000,0,2000,2500,"no",0.8,55.5555555555556,0.555555555555556,65,"36-45","yes",0
"bad",1,"parents",60,35,"single","no","fixed",35,75,0,0,1340,1350,"no",0.992592592592593,22.3333333333333,0.297777777777778,40,"26-35","no",1
"good",30,"owner",60,55,"married","no","freelance",35,100,50000,0,1175,1574,"no",0.746505717916137,19.5833333333333,0.195833333333333,65,"46-55","yes",0
"good",1,"owner",12,22,"married","no","fixed",35,117,4000,0,275,450,"no",0.611111111111111,22.9166666666667,0.195868945868946,82,"18-25","yes",0
"good",2,"other",48,24,"married","no","fixed",35,63,4000,0,700,985,"no",0.710659898477157,14.5833333333333,0.231481481481481,28,"18-25","yes",0
"good",4,"other",60,25,"married","no","fixed",35,146,0,0,800,1400,"no",0.571428571428571,13.3333333333333,0.091324200913242,111,"18-25","no",0
"good",3,"parents",48,26,"single","no","fixed",35,200,0,0,1400,1500,"no",0.933333333333333,29.1666666666667,0.145833333333333,165,"26-35","no",0
"good",10,"owner",60,35,"separated","no","fixed",35,300,5000,2500,1350,1369,"no",0.986121256391527,22.5,0.075,265,"26-35","yes",0
"bad",4,"owner",60,40,"married","yes","fixed",60,231,7000,3000,1100,1291,"no",0.852052672347018,18.3333333333333,0.0793650793650794,171,"36-45","yes",1
"good",1,"rent",60,34,"married","no","fixed",58,130,0,0,1000,1101,"no",0.908265213442325,16.6666666666667,0.128205128205128,72,"26-35","no",0
"good",12,"owner",24,38,"married","no","fixed",60,114,4000,600,400,1169,"no",0.342172797262618,16.6666666666667,0.146198830409357,54,"36-45","yes",0
"good",2,"owner",12,30,"married","no","fixed",35,110,15000,0,700,1355,"no",0.516605166051661,58.3333333333333,0.53030303030303,75,"26-35","yes",0
"good",1,"owner",48,41,"married","no","fixed",60,72,7000,0,700,985,"no",0.710659898477157,14.5833333333333,0.202546296296296,12,"36-45","yes",0
"bad",0,"rent",36,38,"separated","no","fixed",48,125,0,0,500,585,"no",0.854700854700855,13.8888888888889,0.111111111111111,77,"36-45","no",1
"bad",5,"rent",48,33,"married","yes","freelance",60,142,0,0,2000,2652,"yes",0.754147812971342,41.6666666666667,0.293427230046948,82,"26-35","no",1
"good",1,"rent",60,32,"married","no","partime",75,154,0,0,1500,1517,"no",0.988793671720501,25,0.162337662337662,79,"26-35","no",0
"good",15,"owner",60,29,"married","yes","fixed",60,100,12000,0,500,2038,"no",0.245338567222767,8.33333333333333,0.0833333333333333,40,"26-35","yes",0
"good",22,"rent",60,38,"married","no","fixed",70,100,0,0,500,982,"no",0.509164969450102,8.33333333333333,0.0833333333333333,30,"36-45","no",0
"bad",0,"parents",60,25,"single","no","partime",35,82,0,0,700,1715,"no",0.408163265306122,11.6666666666667,0.142276422764228,47,"18-25","no",1
"good",10,"owner",12,42,"married","yes","freelance",35,105,4000,0,380,913,"no",0.416210295728368,31.6666666666667,0.301587301587302,70,"36-45","yes",0
"good",19,"owner",48,52,"married","no","fixed",60,68,6000,0,850,1393,"no",0.610193826274228,17.7083333333333,0.260416666666667,8,"46-55","yes",0
"good",8,"owner",24,40,"married","no","freelance",45,107,3500,0,400,475,"no",0.842105263157895,16.6666666666667,0.155763239875389,62,"36-45","yes",0
"good",12,"owner",36,55,"married","no","fixed",45,104,5000,0,275,575,"no",0.478260869565217,7.63888888888889,0.0734508547008547,59,"46-55","yes",0
"bad",1,"other",36,46,"married","yes","fixed",35,150,0,0,2500,3559.49,"no",0.70234780825343,69.4444444444444,0.462962962962963,115,"46-55","no",1
"good",15,"owner",60,58,"married","no","partime",35,100,12000,0,1300,1380,"no",0.942028985507246,21.6666666666667,0.216666666666667,65,"56+","yes",0
"good",25,"other",36,48,"married","yes","freelance",60,82,20000,0,1200,1588,"no",0.755667506297229,33.3333333333333,0.40650406504065,22,"46-55","yes",0
"good",40,"owner",60,54,"married","yes","fixed",45,220,13500,0,1543,1668,"no",0.925059952038369,25.7166666666667,0.116893939393939,175,"46-55","yes",0
"good",25,"owner",60,53,"married","yes","fixed",35,116,3000,42,1450,1524,"no",0.951443569553806,24.1666666666667,0.208333333333333,81,"46-55","yes",0
"good",24,"owner",36,61,"married","no","fixed",35,230,10000,0,600,1350,"no",0.444444444444444,16.6666666666667,0.072463768115942,195,"56+","yes",0
"bad",3,"owner",48,21,"single","no","fixed",35,428.98,6000,0,2500,3100,"no",0.806451612903226,52.0833333333333,0.121412031640947,393.98,"18-25","yes",1
"good",5,"rent",36,32,"married","no","fixed",61,159,0,0,800,890,"no",0.898876404494382,22.2222222222222,0.139762403913347,98,"26-35","no",0
"bad",3,"parents",48,24,"married","yes","fixed",45,58,0,0,1000,1650,"no",0.606060606060606,20.8333333333333,0.359195402298851,13,"18-25","no",1
"good",4,"rent",60,25,"married","no","fixed",51,163,0,0,1000,1197,"no",0.835421888053467,16.6666666666667,0.102249488752556,112,"18-25","no",0
"bad",8,"parents",60,38,"married","no","freelance",60,142,0,0,1300,1480,"yes",0.878378378378378,21.6666666666667,0.152582159624413,82,"36-45","no",1
"good",5,"owner",36,34,"married","no","fixed",45,137,20000,0,2500,3559.49,"no",0.70234780825343,69.4444444444444,0.506893755068938,92,"26-35","yes",0
"good",3,"other",48,39,"married","no","freelance",60,50,5000,0,900,1177,"no",0.764655904842821,18.75,0.375,-10,"36-45","yes",0
"good",12,"owner",60,45,"married","no","fixed",75,131,5000,0,1150,1452,"no",0.792011019283747,19.1666666666667,0.146310432569975,56,"36-45","yes",0
"good",12,"owner",36,43,"married","no","fixed",45,70,5000,0,700,1487,"no",0.470746469401479,19.4444444444444,0.277777777777778,25,"36-45","yes",0
"bad",3,"priv",60,36,"married","no","freelance",60,142,3000,120,1600,1689,"yes",0.947306098283008,26.6666666666667,0.187793427230047,82,"36-45","yes",1
"good",2,"rent",48,34,"separated","yes","fixed",44,90,7000,0,600,1063,"no",0.564440263405456,12.5,0.138888888888889,46,"26-35","yes",0
"good",12,"priv",48,51,"married","no","fixed",45,110,3000,800,1100,1300,"no",0.846153846153846,22.9166666666667,0.208333333333333,65,"46-55","yes",0
"good",20,"owner",6,40,"married","no","freelance",60,300,50000,0,600,1904,"no",0.315126050420168,100,0.333333333333333,240,"36-45","yes",0
"good",18,"owner",36,38,"married","no","fixed",60,104,6000,0,750,1367,"no",0.548646671543526,20.8333333333333,0.200320512820513,44,"36-45","yes",0
"good",3,"parents",36,29,"single","yes","fixed",35,108,0,0,1000,1245,"no",0.803212851405622,27.7777777777778,0.257201646090535,73,"26-35","no",0
"bad",5,"owner",60,49,"married","yes","fixed",75,148,3000,200,1500,1657,"no",0.905250452625226,25,0.168918918918919,73,"46-55","yes",1
"good",3,"owner",48,33,"married","no","fixed",45,208,10000,4774.49999999999,900,1232,"no",0.730519480519481,18.75,0.0901442307692308,163,"26-35","yes",0
"bad",0,"other",36,21,"single","no","partime",35,48,0,0,400,650,"no",0.615384615384615,11.1111111111111,0.231481481481481,13,"18-25","no",1
"good",23,"owner",36,45,"married","no","fixed",45,230,7500,0,1350,1520,"no",0.888157894736842,37.5,0.16304347826087,185,"36-45","yes",0
"good",12,"other",36,33,"married","no","fixed",45,267,0,0,1000,1696,"no",0.589622641509434,27.7777777777778,0.104036620890553,222,"26-35","no",0
"good",2,"parents",48,22,"single","yes","fixed",35,187,15000,0,1100,1170,"no",0.94017094017094,22.9166666666667,0.122549019607843,152,"18-25","yes",0
"good",20,"owner",48,52,"married","yes","fixed",60,170,9000,0,1900,2320,"no",0.818965517241379,39.5833333333333,0.232843137254902,110,"46-55","yes",0
"good",7,"owner",60,28,"married","no","fixed",45,88,30000,0,2500,3415,"no",0.732064421669107,41.6666666666667,0.473484848484848,43,"26-35","yes",0
"bad",0,"parents",36,31,"single","no","partime",35,71,0,0,1000,1454,"no",0.687757909215956,27.7777777777778,0.391236306729264,36,"26-35","no",1
"good",3,"owner",48,26,"married","no","fixed",35,92,5000,0,600,1550,"no",0.387096774193548,12.5,0.135869565217391,57,"26-35","yes",0
"bad",0,"owner",60,34,"married","yes","others",45,95,10000,360,1350,1766,"no",0.764439411098528,22.5,0.236842105263158,50,"26-35","yes",1
"bad",2,"rent",48,20,"single","no","fixed",48,125,0,0,1150,1234,"no",0.93192868719611,23.9583333333333,0.191666666666667,77,"18-25","no",1
"bad",6,"rent",36,36,"married","yes","fixed",74,138,0,0,1350,1750,"no",0.771428571428571,37.5,0.271739130434783,64,"36-45","no",1
"bad",3,"owner",60,35,"married","yes","fixed",60,143,7000,0,2100,3038,"no",0.691244239631336,35,0.244755244755245,83,"26-35","yes",1
"good",16,"owner",60,31,"married","no","fixed",35,218,14000,2800,300,1373,"no",0.21849963583394,5,0.0229357798165138,183,"26-35","yes",0
"good",14,"owner",60,32,"married","yes","fixed",45,120,5000,0,400,965,"no",0.414507772020725,6.66666666666667,0.0555555555555556,75,"26-35","yes",0
"good",6,"parents",36,33,"single","no","fixed",35,120,0,0,425,600,"no",0.708333333333333,11.8055555555556,0.0983796296296296,85,"26-35","no",0
"good",13,"owner",60,32,"divorced","no","fixed",60,130,8000,4774.49999999999,1400,1508,"no",0.928381962864722,23.3333333333333,0.179487179487179,70,"26-35","yes",0
"good",25,"priv",60,49,"married","no","fixed",35,165,5000,0,1720,2084,"no",0.825335892514395,28.6666666666667,0.173737373737374,130,"46-55","yes",0
"good",2,"owner",36,24,"married","no","freelance",45,142,4000,1900,700,1780,"yes",0.393258426966292,19.4444444444444,0.136932707355243,97,"18-25","yes",0
"good",25,"owner",60,41,"married","yes","fixed",45,114,5500,4500,1600,1665,"no",0.960960960960961,26.6666666666667,0.233918128654971,69,"36-45","yes",0
"good",2,"parents",60,25,"single","no","fixed",35,84,0,0,1150,1705,"no",0.674486803519062,19.1666666666667,0.228174603174603,49,"18-25","no",0
"good",1,"priv",60,24,"single","no","fixed",35,174,7000,4774.49999999999,950,1468,"no",0.647138964577657,15.8333333333333,0.0909961685823755,139,"18-25","yes",0
"bad",12,"rent",36,36,"married","yes","fixed",74,140,0,0,1400,1725,"no",0.811594202898551,38.8888888888889,0.277777777777778,66,"36-45","no",1
"good",10,"owner",6,52,"married","no","freelance",35,142,24000,0,300,1064,"no",0.281954887218045,50,0.352112676056338,107,"46-55","yes",0
"bad",3,"rent",60,24,"married","no","fixed",54,90,0,0,1442,1597,"no",0.902943018159048,24.0333333333333,0.267037037037037,36,"18-25","no",1
"good",9,"other",60,25,"married","no","fixed",35,75,0,0,700,1381,"no",0.506879073135409,11.6666666666667,0.155555555555556,40,"18-25","no",0
"good",1,"rent",60,26,"single","no","partime",42,74,0,0,750,778,"no",0.96401028277635,12.5,0.168918918918919,32,"26-35","no",0
"bad",2,"rent",60,41,"married","yes","fixed",57,124,0,0,1200,1496,"no",0.802139037433155,20,0.161290322580645,67,"36-45","no",1
"bad",1,"rent",36,22,"single","no","fixed",46,110,0,0,900,950,"no",0.947368421052632,25,0.227272727272727,64,"18-25","no",1
"good",16,"owner",48,55,"married","no","fixed",45,120,2500,0,650,1551,"no",0.419084461637653,13.5416666666667,0.112847222222222,75,"46-55","yes",0
"good",6,"owner",60,52,"married","no","fixed",60,205,7000,3500,1000,1151,"no",0.868809730668983,16.6666666666667,0.0813008130081301,145,"46-55","yes",0
"good",40,"owner",36,58,"married","no","freelance",45,142,26000,0,1500,2554,"yes",0.587314017227878,41.6666666666667,0.293427230046948,97,"56+","yes",0
"good",0,"parents",48,21,"single","yes","fixed",35,140,0,0,1350,1566,"no",0.862068965517241,28.125,0.200892857142857,105,"18-25","no",0
"good",3,"parents",36,21,"single","no","freelance",45,38,3000,0,500,620,"no",0.806451612903226,13.8888888888889,0.365497076023392,-7,"18-25","yes",0
"bad",5,"owner",60,30,"married","yes","freelance",45,107,8000,0,2500,3106,"no",0.804893754024469,41.6666666666667,0.389408099688474,62,"26-35","yes",1
"good",5,"rent",60,50,"married","no","fixed",53,77,0,0,700,1493,"no",0.468854655056932,11.6666666666667,0.151515151515152,24,"46-55","no",0
"good",3,"owner",60,31,"married","yes","fixed",45,190,5000,3500,600,1570,"no",0.382165605095541,10,0.0526315789473684,145,"26-35","yes",0
"good",0,"owner",48,65,"married","no","others",45,175,5000,0,600,1176,"no",0.510204081632653,12.5,0.0714285714285714,130,"56+","yes",0
"good",25,"owner",36,54,"married","yes","freelance",45,285,7000,0,900,1383,"no",0.650759219088937,25,0.087719298245614,240,"46-55","yes",0
"good",0,"priv",60,35,"married","no","partime",45,129,4500,0,1160,1465,"no",0.791808873720137,19.3333333333333,0.149870801033592,84,"26-35","yes",0
"good",2,"owner",60,27,"single","no","others",35,93,40000,4774.49999999999,2000,2038,"yes",0.98135426889107,33.3333333333333,0.3584229390681,58,"26-35","yes",0
"good",6,"priv",60,33,"married","no","fixed",45,114,3000,1800,1150,1180,"no",0.974576271186441,19.1666666666667,0.16812865497076,69,"26-35","yes",0
"good",12,"other",60,48,"married","no","partime",35,108,0,0,1200,1579,"no",0.759974667511083,20,0.185185185185185,73,"46-55","no",0
"bad",1,"rent",60,37,"separated","yes","partime",66,60,0,0,1500,2800,"no",0.535714285714286,25,0.416666666666667,-6,"36-45","no",1
"good",5,"owner",60,31,"married","no","fixed",35,100,5000,0,900,1263,"no",0.712589073634204,15,0.15,65,"26-35","yes",0
"good",6,"owner",60,43,"married","yes","freelance",45,140,4300,0,2200,2500,"no",0.88,36.6666666666667,0.261904761904762,95,"36-45","yes",0
"good",1,"owner",36,26,"married","no","fixed",35,154,7000,1700,1400,1735,"no",0.806916426512968,38.8888888888889,0.252525252525252,119,"26-35","yes",0
"good",34,"owner",60,50,"married","yes","fixed",60,150,9000,0,1300,1700,"no",0.764705882352941,21.6666666666667,0.144444444444444,90,"46-55","yes",0
"good",20,"owner",48,47,"married","no","fixed",75,175,4000,0,875,1098,"no",0.796903460837887,18.2291666666667,0.104166666666667,100,"46-55","yes",0
"good",6,"owner",60,26,"married","no","fixed",45,260,5000,2500,1300,2072,"no",0.627413127413127,21.6666666666667,0.0833333333333333,215,"26-35","yes",0
"bad",4,"priv",36,38,"married","no","partime",75,170,5000,1500,650,700,"no",0.928571428571429,18.0555555555556,0.106209150326797,95,"36-45","yes",1
"good",3,"owner",24,64,"married","no","others",45,172,8000,0,400,1115,"no",0.358744394618834,16.6666666666667,0.0968992248062016,127,"56+","yes",0
"bad",0,"rent",60,36,"married","yes","partime",75,150,0,0,1500,1642,"no",0.913520097442144,25,0.166666666666667,75,"36-45","no",1
"good",8,"owner",48,40,"single","no","freelance",35,142,5000,0,1200,1678,"yes",0.715137067938021,25,0.176056338028169,107,"36-45","yes",0
"bad",8,"owner",36,51,"widow","no","fixed",35,92,2500,0,875,1150,"no",0.760869565217391,24.3055555555556,0.264190821256039,57,"46-55","yes",1
"good",6,"parents",60,31,"married","no","fixed",45,199,0,0,1200,1700,"no",0.705882352941177,20,0.100502512562814,154,"26-35","no",0
"bad",3,"rent",48,26,"married","yes","freelance",45,142,0,0,1400,1704,"yes",0.821596244131455,29.1666666666667,0.205399061032864,97,"26-35","no",1
"bad",1,"parents",48,18,"single","no","partime",35,130,2500,600,1280,1285,"no",0.996108949416342,26.6666666666667,0.205128205128205,95,"18-25","yes",1
"good",4,"other",18,37,"married","no","fixed",45,200,3000,0,400,1800,"no",0.222222222222222,22.2222222222222,0.111111111111111,155,"36-45","yes",0
"bad",8,"owner",60,37,"married","no","fixed",75,50,15000,0,1400,1645,"no",0.851063829787234,23.3333333333333,0.466666666666667,-25,"36-45","yes",1
"good",20,"owner",60,38,"married","no","freelance",60,142,15000,0,1000,1638,"yes",0.610500610500611,16.6666666666667,0.117370892018779,82,"36-45","yes",0
"good",3,"owner",42,41,"married","no","freelance",35,142,40000,0,1460,2191,"yes",0.666362391602008,34.7619047619048,0.244802146210597,107,"36-45","yes",0
"good",10,"owner",60,33,"single","no","fixed",45,219,4000,0,950,1104,"no",0.860507246376812,15.8333333333333,0.0722983257229833,174,"26-35","yes",0
"bad",2,"owner",60,31,"separated","no","fixed",35,63,2000,0,1000,1342,"no",0.745156482861401,16.6666666666667,0.264550264550265,28,"26-35","yes",1
"good",1,"owner",60,31,"widow","yes","fixed",35,242,9000,0,1500,1656,"no",0.905797101449275,25,0.103305785123967,207,"26-35","yes",0
"bad",6,"parents",60,22,"single","yes","fixed",35,100,0,0,1200,1496,"no",0.802139037433155,20,0.2,65,"18-25","no",1
"good",23,"owner",60,50,"married","yes","freelance",90,69,3000,0,1450,1510,"no",0.960264900662252,24.1666666666667,0.35024154589372,-21,"46-55","yes",0
"good",6,"owner",48,52,"married","no","fixed",45,190,3500,0,1500,1905,"no",0.78740157480315,31.25,0.164473684210526,145,"46-55","yes",0
"good",3,"owner",60,49,"married","no","fixed",35,160,3000,0,900,975,"no",0.923076923076923,15,0.09375,125,"46-55","yes",0
"bad",1,"other",48,30,"married","yes","partime",75,77,0,0,1200,1300,"no",0.923076923076923,25,0.324675324675325,2,"26-35","no",1
"bad",1,"rent",60,39,"married","no","fixed",69,92,0,0,900,1020,"no",0.882352941176471,15,0.16304347826087,23,"36-45","no",1
"good",22,"owner",60,46,"married","no","fixed",60,75,3000,600,950,1263,"no",0.752177355502771,15.8333333333333,0.211111111111111,15,"46-55","yes",0
"bad",0,"owner",24,37,"married","no","partime",60,90,3500,0,500,963,"no",0.519210799584631,20.8333333333333,0.231481481481481,30,"36-45","yes",1
"good",0,"rent",48,23,"single","no","freelance",49,140,0,0,550,550,"no",1,11.4583333333333,0.0818452380952381,91,"18-25","no",0
"good",5,"owner",60,32,"married","no","freelance",60,140,4000,1000,1350,1650,"no",0.818181818181818,22.5,0.160714285714286,80,"26-35","yes",0
